cd sim && vcs -full64 -sverilog -ntb_opts uvm +define+WIDTH=32 +define+DEPTH=16 +define+WR_CLK_PERIOD=10 +define+RD_CLK_PERIOD=17 -timescale=1ns/1ps -debug_access+all -top tb_top -l compile.log -f ../script/filelist.f -o simv
                         Chronologic VCS (TM)
      Version V-2023.12-SP2-1_Full64 -- Sun May 31 23:05:49 2026

                    Copyright (c) 1991 - 2024 Synopsys, Inc.
   This software and the associated documentation are proprietary to Synopsys,
 Inc. This software may only be used in accordance with the terms and conditions
 of a written license agreement with Synopsys, Inc. All other use, reproduction,
   or distribution of this software is strictly prohibited.  Licensed Products
     communicate with Synopsys servers for the purpose of providing software
    updates, detecting software piracy and verifying that customers are using
    Licensed Products in conformity with the applicable License Key for such
  Licensed Products. Synopsys will use information gathered in connection with
    this process to deliver software updates and pursue software pirates and
                                   infringers.

 Inclusivity & Diversity - Visit SolvNetPlus to read the "Synopsys Statement on
            Inclusivity and Diversity" (Refer to article 000036315 at
                        https://solvnetplus.synopsys.com)

Parsing design file '/opt/synopsys/vcs/V-2023.12-SP2-1/etc/uvm/uvm_pkg.sv'
Parsing included file '/opt/synopsys/vcs/V-2023.12-SP2-1/etc/uvm/uvm_macros.svh'.
Parsing included file '/opt/synopsys/vcs/V-2023.12-SP2-1/etc/uvm/macros/uvm_version_defines.svh'.
Back to file '/opt/synopsys/vcs/V-2023.12-SP2-1/etc/uvm/uvm_macros.svh'.
Parsing included file '/opt/synopsys/vcs/V-2023.12-SP2-1/etc/uvm/macros/snps_macros.svp'.
Back to file '/opt/synopsys/vcs/V-2023.12-SP2-1/etc/uvm/uvm_macros.svh'.
Parsing included file '/opt/synopsys/vcs/V-2023.12-SP2-1/etc/uvm/macros/uvm_message_defines.svh'.
Back to file '/opt/synopsys/vcs/V-2023.12-SP2-1/etc/uvm/uvm_macros.svh'.
Parsing included file '/opt/synopsys/vcs/V-2023.12-SP2-1/etc/uvm/macros/uvm_phase_defines.svh'.
Back to file '/opt/synopsys/vcs/V-2023.12-SP2-1/etc/uvm/uvm_macros.svh'.
Parsing included file '/opt/synopsys/vcs/V-2023.12-SP2-1/etc/uvm/macros/uvm_object_defines.svh'.
Back to file '/opt/synopsys/vcs/V-2023.12-SP2-1/etc/uvm/uvm_macros.svh'.
Parsing included file '/opt/synopsys/vcs/V-2023.12-SP2-1/etc/uvm/macros/uvm_printer_defines.svh'.
Back to file '/opt/synopsys/vcs/V-2023.12-SP2-1/etc/uvm/uvm_macros.svh'.
Parsing included file '/opt/synopsys/vcs/V-2023.12-SP2-1/etc/uvm/macros/uvm_tlm_defines.svh'.
Parsing included file '/opt/synopsys/vcs/V-2023.12-SP2-1/etc/uvm/tlm1/uvm_tlm_imps.svh'.
Back to file '/opt/synopsys/vcs/V-2023.12-SP2-1/etc/uvm/macros/uvm_tlm_defines.svh'.
Back to file '/opt/synopsys/vcs/V-2023.12-SP2-1/etc/uvm/uvm_macros.svh'.
Parsing included file '/opt/synopsys/vcs/V-2023.12-SP2-1/etc/uvm/macros/uvm_sequence_defines.svh'.
Back to file '/opt/synopsys/vcs/V-2023.12-SP2-1/etc/uvm/uvm_macros.svh'.
Parsing included file '/opt/synopsys/vcs/V-2023.12-SP2-1/etc/uvm/macros/uvm_callback_defines.svh'.
Back to file '/opt/synopsys/vcs/V-2023.12-SP2-1/etc/uvm/uvm_macros.svh'.
Parsing included file '/opt/synopsys/vcs/V-2023.12-SP2-1/etc/uvm/macros/uvm_reg_defines.svh'.
Back to file '/opt/synopsys/vcs/V-2023.12-SP2-1/etc/uvm/uvm_macros.svh'.
Parsing included file '/opt/synopsys/vcs/V-2023.12-SP2-1/etc/uvm/macros/uvm_deprecated_defines.svh'.
Back to file '/opt/synopsys/vcs/V-2023.12-SP2-1/etc/uvm/uvm_macros.svh'.
Back to file '/opt/synopsys/vcs/V-2023.12-SP2-1/etc/uvm/uvm_pkg.sv'.
Parsing included file '/opt/synopsys/vcs/V-2023.12-SP2-1/etc/uvm/directc/uvm_directc.svh'.
Parsing included file '/opt/synopsys/vcs/V-2023.12-SP2-1/etc/uvm/directc/uvm_seed.vh'.
Back to file '/opt/synopsys/vcs/V-2023.12-SP2-1/etc/uvm/directc/uvm_directc.svh'.
Back to file '/opt/synopsys/vcs/V-2023.12-SP2-1/etc/uvm/uvm_pkg.sv'.
Parsing included file '/opt/synopsys/vcs/V-2023.12-SP2-1/etc/uvm/dpi/uvm_dpi.svh'.
Parsing included file '/opt/synopsys/vcs/V-2023.12-SP2-1/etc/uvm/dpi/uvm_hdl.svh'.
Back to file '/opt/synopsys/vcs/V-2023.12-SP2-1/etc/uvm/dpi/uvm_dpi.svh'.
Parsing included file '/opt/synopsys/vcs/V-2023.12-SP2-1/etc/uvm/dpi/uvm_svcmd_dpi.svh'.
Back to file '/opt/synopsys/vcs/V-2023.12-SP2-1/etc/uvm/dpi/uvm_dpi.svh'.
Parsing included file '/opt/synopsys/vcs/V-2023.12-SP2-1/etc/uvm/dpi/uvm_regex.svh'.
Back to file '/opt/synopsys/vcs/V-2023.12-SP2-1/etc/uvm/dpi/uvm_dpi.svh'.
Back to file '/opt/synopsys/vcs/V-2023.12-SP2-1/etc/uvm/uvm_pkg.sv'.
Parsing included file '/opt/synopsys/vcs/V-2023.12-SP2-1/etc/uvm/base/uvm_base.svh'.
Parsing included file '/opt/synopsys/vcs/V-2023.12-SP2-1/etc/uvm/base/uvm_version.svh'.
Back to file '/opt/synopsys/vcs/V-2023.12-SP2-1/etc/uvm/base/uvm_base.svh'.
Parsing included file '/opt/synopsys/vcs/V-2023.12-SP2-1/etc/uvm/base/uvm_object_globals.svh'.
Back to file '/opt/synopsys/vcs/V-2023.12-SP2-1/etc/uvm/base/uvm_base.svh'.
Parsing included file '/opt/synopsys/vcs/V-2023.12-SP2-1/etc/uvm/base/uvm_misc.svh'.
Back to file '/opt/synopsys/vcs/V-2023.12-SP2-1/etc/uvm/base/uvm_base.svh'.
Parsing included file '/opt/synopsys/vcs/V-2023.12-SP2-1/etc/uvm/base/uvm_object.svh'.
Back to file '/opt/synopsys/vcs/V-2023.12-SP2-1/etc/uvm/base/uvm_base.svh'.
Parsing included file '/opt/synopsys/vcs/V-2023.12-SP2-1/etc/uvm/base/uvm_pool.svh'.
Back to file '/opt/synopsys/vcs/V-2023.12-SP2-1/etc/uvm/base/uvm_base.svh'.
Parsing included file '/opt/synopsys/vcs/V-2023.12-SP2-1/etc/uvm/base/uvm_queue.svh'.
Back to file '/opt/synopsys/vcs/V-2023.12-SP2-1/etc/uvm/base/uvm_base.svh'.
Parsing included file '/opt/synopsys/vcs/V-2023.12-SP2-1/etc/uvm/base/uvm_factory.svh'.
Back to file '/opt/synopsys/vcs/V-2023.12-SP2-1/etc/uvm/base/uvm_base.svh'.
Parsing included file '/opt/synopsys/vcs/V-2023.12-SP2-1/etc/uvm/base/uvm_registry.svh'.
Back to file '/opt/synopsys/vcs/V-2023.12-SP2-1/etc/uvm/base/uvm_base.svh'.
Parsing included file '/opt/synopsys/vcs/V-2023.12-SP2-1/etc/uvm/base/uvm_spell_chkr.svh'.
Back to file '/opt/synopsys/vcs/V-2023.12-SP2-1/etc/uvm/base/uvm_base.svh'.
Parsing included file '/opt/synopsys/vcs/V-2023.12-SP2-1/etc/uvm/base/uvm_resource.svh'.
Back to file '/opt/synopsys/vcs/V-2023.12-SP2-1/etc/uvm/base/uvm_base.svh'.
Parsing included file '/opt/synopsys/vcs/V-2023.12-SP2-1/etc/uvm/deprecated/uvm_resource_converter.svh'.
Back to file '/opt/synopsys/vcs/V-2023.12-SP2-1/etc/uvm/base/uvm_base.svh'.
Parsing included file '/opt/synopsys/vcs/V-2023.12-SP2-1/etc/uvm/base/uvm_resource_specializations.svh'.
Back to file '/opt/synopsys/vcs/V-2023.12-SP2-1/etc/uvm/base/uvm_base.svh'.
Parsing included file '/opt/synopsys/vcs/V-2023.12-SP2-1/etc/uvm/base/uvm_resource_db.svh'.
Back to file '/opt/synopsys/vcs/V-2023.12-SP2-1/etc/uvm/base/uvm_base.svh'.
Parsing included file '/opt/synopsys/vcs/V-2023.12-SP2-1/etc/uvm/base/uvm_config_db.svh'.
Back to file '/opt/synopsys/vcs/V-2023.12-SP2-1/etc/uvm/base/uvm_base.svh'.
Parsing included file '/opt/synopsys/vcs/V-2023.12-SP2-1/etc/uvm/base/uvm_printer.svh'.
Back to file '/opt/synopsys/vcs/V-2023.12-SP2-1/etc/uvm/base/uvm_base.svh'.
Parsing included file '/opt/synopsys/vcs/V-2023.12-SP2-1/etc/uvm/base/uvm_comparer.svh'.
Back to file '/opt/synopsys/vcs/V-2023.12-SP2-1/etc/uvm/base/uvm_base.svh'.
Parsing included file '/opt/synopsys/vcs/V-2023.12-SP2-1/etc/uvm/base/uvm_packer.svh'.
Back to file '/opt/synopsys/vcs/V-2023.12-SP2-1/etc/uvm/base/uvm_base.svh'.
Parsing included file '/opt/synopsys/vcs/V-2023.12-SP2-1/etc/uvm/base/uvm_recorder.svh'.
Back to file '/opt/synopsys/vcs/V-2023.12-SP2-1/etc/uvm/base/uvm_base.svh'.
Parsing included file '/opt/synopsys/vcs/V-2023.12-SP2-1/etc/uvm/base/uvm_event_callback.svh'.
Back to file '/opt/synopsys/vcs/V-2023.12-SP2-1/etc/uvm/base/uvm_base.svh'.
Parsing included file '/opt/synopsys/vcs/V-2023.12-SP2-1/etc/uvm/base/uvm_event.svh'.
Back to file '/opt/synopsys/vcs/V-2023.12-SP2-1/etc/uvm/base/uvm_base.svh'.
Parsing included file '/opt/synopsys/vcs/V-2023.12-SP2-1/etc/uvm/base/uvm_barrier.svh'.
Back to file '/opt/synopsys/vcs/V-2023.12-SP2-1/etc/uvm/base/uvm_base.svh'.
Parsing included file '/opt/synopsys/vcs/V-2023.12-SP2-1/etc/uvm/base/uvm_callback.svh'.
Parsing included file '/opt/synopsys/vcs/V-2023.12-SP2-1/etc/uvm/uvm_macros.svh'.
Back to file '/opt/synopsys/vcs/V-2023.12-SP2-1/etc/uvm/base/uvm_callback.svh'.
Back to file '/opt/synopsys/vcs/V-2023.12-SP2-1/etc/uvm/base/uvm_base.svh'.
Parsing included file '/opt/synopsys/vcs/V-2023.12-SP2-1/etc/uvm/base/uvm_report_catcher.svh'.
Back to file '/opt/synopsys/vcs/V-2023.12-SP2-1/etc/uvm/base/uvm_base.svh'.
Parsing included file '/opt/synopsys/vcs/V-2023.12-SP2-1/etc/uvm/base/uvm_report_server.svh'.
Back to file '/opt/synopsys/vcs/V-2023.12-SP2-1/etc/uvm/base/uvm_base.svh'.
Parsing included file '/opt/synopsys/vcs/V-2023.12-SP2-1/etc/uvm/base/uvm_report_handler.svh'.
Back to file '/opt/synopsys/vcs/V-2023.12-SP2-1/etc/uvm/base/uvm_base.svh'.
Parsing included file '/opt/synopsys/vcs/V-2023.12-SP2-1/etc/uvm/base/uvm_report_object.svh'.
Back to file '/opt/synopsys/vcs/V-2023.12-SP2-1/etc/uvm/base/uvm_base.svh'.
Parsing included file '/opt/synopsys/vcs/V-2023.12-SP2-1/etc/uvm/base/uvm_transaction.svh'.
Back to file '/opt/synopsys/vcs/V-2023.12-SP2-1/etc/uvm/base/uvm_base.svh'.
Parsing included file '/opt/synopsys/vcs/V-2023.12-SP2-1/etc/uvm/base/uvm_phase.svh'.
Back to file '/opt/synopsys/vcs/V-2023.12-SP2-1/etc/uvm/base/uvm_base.svh'.
Parsing included file '/opt/synopsys/vcs/V-2023.12-SP2-1/etc/uvm/base/uvm_domain.svh'.
Back to file '/opt/synopsys/vcs/V-2023.12-SP2-1/etc/uvm/base/uvm_base.svh'.
Parsing included file '/opt/synopsys/vcs/V-2023.12-SP2-1/etc/uvm/base/uvm_bottomup_phase.svh'.
Back to file '/opt/synopsys/vcs/V-2023.12-SP2-1/etc/uvm/base/uvm_base.svh'.
Parsing included file '/opt/synopsys/vcs/V-2023.12-SP2-1/etc/uvm/base/uvm_topdown_phase.svh'.
Back to file '/opt/synopsys/vcs/V-2023.12-SP2-1/etc/uvm/base/uvm_base.svh'.
Parsing included file '/opt/synopsys/vcs/V-2023.12-SP2-1/etc/uvm/base/uvm_task_phase.svh'.
Back to file '/opt/synopsys/vcs/V-2023.12-SP2-1/etc/uvm/base/uvm_base.svh'.
Parsing included file '/opt/synopsys/vcs/V-2023.12-SP2-1/etc/uvm/base/uvm_common_phases.svh'.
Back to file '/opt/synopsys/vcs/V-2023.12-SP2-1/etc/uvm/base/uvm_base.svh'.
Parsing included file '/opt/synopsys/vcs/V-2023.12-SP2-1/etc/uvm/base/uvm_runtime_phases.svh'.
Back to file '/opt/synopsys/vcs/V-2023.12-SP2-1/etc/uvm/base/uvm_base.svh'.
Parsing included file '/opt/synopsys/vcs/V-2023.12-SP2-1/etc/uvm/base/uvm_component.svh'.
Parsing included file '/opt/synopsys/vcs/V-2023.12-SP2-1/etc/uvm/base/uvm_root.svh'.
Back to file '/opt/synopsys/vcs/V-2023.12-SP2-1/etc/uvm/base/uvm_component.svh'.
Back to file '/opt/synopsys/vcs/V-2023.12-SP2-1/etc/uvm/base/uvm_base.svh'.
Parsing included file '/opt/synopsys/vcs/V-2023.12-SP2-1/etc/uvm/base/uvm_objection.svh'.
Back to file '/opt/synopsys/vcs/V-2023.12-SP2-1/etc/uvm/base/uvm_base.svh'.
Parsing included file '/opt/synopsys/vcs/V-2023.12-SP2-1/etc/uvm/base/uvm_heartbeat.svh'.
Back to file '/opt/synopsys/vcs/V-2023.12-SP2-1/etc/uvm/base/uvm_base.svh'.
Parsing included file '/opt/synopsys/vcs/V-2023.12-SP2-1/etc/uvm/base/uvm_globals.svh'.
Back to file '/opt/synopsys/vcs/V-2023.12-SP2-1/etc/uvm/base/uvm_base.svh'.
Parsing included file '/opt/synopsys/vcs/V-2023.12-SP2-1/etc/uvm/base/uvm_cmdline_processor.svh'.
Back to file '/opt/synopsys/vcs/V-2023.12-SP2-1/etc/uvm/base/uvm_base.svh'.
Back to file '/opt/synopsys/vcs/V-2023.12-SP2-1/etc/uvm/uvm_pkg.sv'.
Parsing included file '/opt/synopsys/vcs/V-2023.12-SP2-1/etc/uvm/tlm1/uvm_tlm.svh'.
Parsing included file '/opt/synopsys/vcs/V-2023.12-SP2-1/etc/uvm/tlm1/uvm_tlm_ifs.svh'.
Back to file '/opt/synopsys/vcs/V-2023.12-SP2-1/etc/uvm/tlm1/uvm_tlm.svh'.
Parsing included file '/opt/synopsys/vcs/V-2023.12-SP2-1/etc/uvm/tlm1/uvm_sqr_ifs.svh'.
Back to file '/opt/synopsys/vcs/V-2023.12-SP2-1/etc/uvm/tlm1/uvm_tlm.svh'.
Parsing included file '/opt/synopsys/vcs/V-2023.12-SP2-1/etc/uvm/base/uvm_port_base.svh'.
Back to file '/opt/synopsys/vcs/V-2023.12-SP2-1/etc/uvm/tlm1/uvm_tlm.svh'.
Parsing included file '/opt/synopsys/vcs/V-2023.12-SP2-1/etc/uvm/tlm1/uvm_tlm_imps.svh'.
Back to file '/opt/synopsys/vcs/V-2023.12-SP2-1/etc/uvm/tlm1/uvm_tlm.svh'.
Parsing included file '/opt/synopsys/vcs/V-2023.12-SP2-1/etc/uvm/tlm1/uvm_imps.svh'.
Back to file '/opt/synopsys/vcs/V-2023.12-SP2-1/etc/uvm/tlm1/uvm_tlm.svh'.
Parsing included file '/opt/synopsys/vcs/V-2023.12-SP2-1/etc/uvm/tlm1/uvm_ports.svh'.
Back to file '/opt/synopsys/vcs/V-2023.12-SP2-1/etc/uvm/tlm1/uvm_tlm.svh'.
Parsing included file '/opt/synopsys/vcs/V-2023.12-SP2-1/etc/uvm/tlm1/uvm_exports.svh'.
Back to file '/opt/synopsys/vcs/V-2023.12-SP2-1/etc/uvm/tlm1/uvm_tlm.svh'.
Parsing included file '/opt/synopsys/vcs/V-2023.12-SP2-1/etc/uvm/tlm1/uvm_analysis_port.svh'.
Back to file '/opt/synopsys/vcs/V-2023.12-SP2-1/etc/uvm/tlm1/uvm_tlm.svh'.
Parsing included file '/opt/synopsys/vcs/V-2023.12-SP2-1/etc/uvm/tlm1/uvm_tlm_fifo_base.svh'.
Back to file '/opt/synopsys/vcs/V-2023.12-SP2-1/etc/uvm/tlm1/uvm_tlm.svh'.
Parsing included file '/opt/synopsys/vcs/V-2023.12-SP2-1/etc/uvm/tlm1/uvm_tlm_fifos.svh'.
Back to file '/opt/synopsys/vcs/V-2023.12-SP2-1/etc/uvm/tlm1/uvm_tlm.svh'.
Parsing included file '/opt/synopsys/vcs/V-2023.12-SP2-1/etc/uvm/tlm1/uvm_tlm_req_rsp.svh'.
Back to file '/opt/synopsys/vcs/V-2023.12-SP2-1/etc/uvm/tlm1/uvm_tlm.svh'.
Parsing included file '/opt/synopsys/vcs/V-2023.12-SP2-1/etc/uvm/tlm1/uvm_sqr_connections.svh'.
Back to file '/opt/synopsys/vcs/V-2023.12-SP2-1/etc/uvm/tlm1/uvm_tlm.svh'.
Back to file '/opt/synopsys/vcs/V-2023.12-SP2-1/etc/uvm/uvm_pkg.sv'.
Parsing included file '/opt/synopsys/vcs/V-2023.12-SP2-1/etc/uvm/comps/uvm_comps.svh'.
Parsing included file '/opt/synopsys/vcs/V-2023.12-SP2-1/etc/uvm/comps/uvm_pair.svh'.
Back to file '/opt/synopsys/vcs/V-2023.12-SP2-1/etc/uvm/comps/uvm_comps.svh'.
Parsing included file '/opt/synopsys/vcs/V-2023.12-SP2-1/etc/uvm/comps/uvm_policies.svh'.
Back to file '/opt/synopsys/vcs/V-2023.12-SP2-1/etc/uvm/comps/uvm_comps.svh'.
Parsing included file '/opt/synopsys/vcs/V-2023.12-SP2-1/etc/uvm/comps/uvm_in_order_comparator.svh'.
Back to file '/opt/synopsys/vcs/V-2023.12-SP2-1/etc/uvm/comps/uvm_comps.svh'.
Parsing included file '/opt/synopsys/vcs/V-2023.12-SP2-1/etc/uvm/comps/uvm_algorithmic_comparator.svh'.
Back to file '/opt/synopsys/vcs/V-2023.12-SP2-1/etc/uvm/comps/uvm_comps.svh'.
Parsing included file '/opt/synopsys/vcs/V-2023.12-SP2-1/etc/uvm/comps/uvm_random_stimulus.svh'.
Back to file '/opt/synopsys/vcs/V-2023.12-SP2-1/etc/uvm/comps/uvm_comps.svh'.
Parsing included file '/opt/synopsys/vcs/V-2023.12-SP2-1/etc/uvm/comps/uvm_subscriber.svh'.
Back to file '/opt/synopsys/vcs/V-2023.12-SP2-1/etc/uvm/comps/uvm_comps.svh'.
Parsing included file '/opt/synopsys/vcs/V-2023.12-SP2-1/etc/uvm/comps/uvm_monitor.svh'.
Back to file '/opt/synopsys/vcs/V-2023.12-SP2-1/etc/uvm/comps/uvm_comps.svh'.
Parsing included file '/opt/synopsys/vcs/V-2023.12-SP2-1/etc/uvm/comps/uvm_driver.svh'.
Back to file '/opt/synopsys/vcs/V-2023.12-SP2-1/etc/uvm/comps/uvm_comps.svh'.
Parsing included file '/opt/synopsys/vcs/V-2023.12-SP2-1/etc/uvm/comps/uvm_push_driver.svh'.
Back to file '/opt/synopsys/vcs/V-2023.12-SP2-1/etc/uvm/comps/uvm_comps.svh'.
Parsing included file '/opt/synopsys/vcs/V-2023.12-SP2-1/etc/uvm/comps/uvm_scoreboard.svh'.
Back to file '/opt/synopsys/vcs/V-2023.12-SP2-1/etc/uvm/comps/uvm_comps.svh'.
Parsing included file '/opt/synopsys/vcs/V-2023.12-SP2-1/etc/uvm/comps/uvm_agent.svh'.
Back to file '/opt/synopsys/vcs/V-2023.12-SP2-1/etc/uvm/comps/uvm_comps.svh'.
Parsing included file '/opt/synopsys/vcs/V-2023.12-SP2-1/etc/uvm/comps/uvm_env.svh'.
Back to file '/opt/synopsys/vcs/V-2023.12-SP2-1/etc/uvm/comps/uvm_comps.svh'.
Parsing included file '/opt/synopsys/vcs/V-2023.12-SP2-1/etc/uvm/comps/uvm_test.svh'.
Back to file '/opt/synopsys/vcs/V-2023.12-SP2-1/etc/uvm/comps/uvm_comps.svh'.
Back to file '/opt/synopsys/vcs/V-2023.12-SP2-1/etc/uvm/uvm_pkg.sv'.
Parsing included file '/opt/synopsys/vcs/V-2023.12-SP2-1/etc/uvm/seq/uvm_seq.svh'.
Parsing included file '/opt/synopsys/vcs/V-2023.12-SP2-1/etc/uvm/seq/uvm_sequence_item.svh'.
Back to file '/opt/synopsys/vcs/V-2023.12-SP2-1/etc/uvm/seq/uvm_seq.svh'.
Parsing included file '/opt/synopsys/vcs/V-2023.12-SP2-1/etc/uvm/seq/uvm_sequencer_base.svh'.
Back to file '/opt/synopsys/vcs/V-2023.12-SP2-1/etc/uvm/seq/uvm_seq.svh'.
Parsing included file '/opt/synopsys/vcs/V-2023.12-SP2-1/etc/uvm/seq/uvm_sequencer_analysis_fifo.svh'.
Back to file '/opt/synopsys/vcs/V-2023.12-SP2-1/etc/uvm/seq/uvm_seq.svh'.
Parsing included file '/opt/synopsys/vcs/V-2023.12-SP2-1/etc/uvm/seq/uvm_sequencer_param_base.svh'.
Back to file '/opt/synopsys/vcs/V-2023.12-SP2-1/etc/uvm/seq/uvm_seq.svh'.
Parsing included file '/opt/synopsys/vcs/V-2023.12-SP2-1/etc/uvm/seq/uvm_sequencer.svh'.
Back to file '/opt/synopsys/vcs/V-2023.12-SP2-1/etc/uvm/seq/uvm_seq.svh'.
Parsing included file '/opt/synopsys/vcs/V-2023.12-SP2-1/etc/uvm/seq/uvm_push_sequencer.svh'.
Back to file '/opt/synopsys/vcs/V-2023.12-SP2-1/etc/uvm/seq/uvm_seq.svh'.
Parsing included file '/opt/synopsys/vcs/V-2023.12-SP2-1/etc/uvm/seq/uvm_sequence_base.svh'.
Back to file '/opt/synopsys/vcs/V-2023.12-SP2-1/etc/uvm/seq/uvm_seq.svh'.
Parsing included file '/opt/synopsys/vcs/V-2023.12-SP2-1/etc/uvm/seq/uvm_sequence.svh'.
Back to file '/opt/synopsys/vcs/V-2023.12-SP2-1/etc/uvm/seq/uvm_seq.svh'.
Parsing included file '/opt/synopsys/vcs/V-2023.12-SP2-1/etc/uvm/seq/uvm_sequence_library.svh'.
Back to file '/opt/synopsys/vcs/V-2023.12-SP2-1/etc/uvm/seq/uvm_seq.svh'.
Parsing included file '/opt/synopsys/vcs/V-2023.12-SP2-1/etc/uvm/seq/uvm_sequence_builtin.svh'.
Back to file '/opt/synopsys/vcs/V-2023.12-SP2-1/etc/uvm/seq/uvm_seq.svh'.
Back to file '/opt/synopsys/vcs/V-2023.12-SP2-1/etc/uvm/uvm_pkg.sv'.
Parsing included file '/opt/synopsys/vcs/V-2023.12-SP2-1/etc/uvm/tlm2/uvm_tlm2.svh'.
Parsing included file '/opt/synopsys/vcs/V-2023.12-SP2-1/etc/uvm/tlm2/uvm_tlm2_defines.svh'.
Back to file '/opt/synopsys/vcs/V-2023.12-SP2-1/etc/uvm/tlm2/uvm_tlm2.svh'.
Parsing included file '/opt/synopsys/vcs/V-2023.12-SP2-1/etc/uvm/tlm2/uvm_tlm2_time.svh'.
Back to file '/opt/synopsys/vcs/V-2023.12-SP2-1/etc/uvm/tlm2/uvm_tlm2.svh'.
Parsing included file '/opt/synopsys/vcs/V-2023.12-SP2-1/etc/uvm/tlm2/uvm_tlm2_generic_payload.svh'.
Back to file '/opt/synopsys/vcs/V-2023.12-SP2-1/etc/uvm/tlm2/uvm_tlm2.svh'.
Parsing included file '/opt/synopsys/vcs/V-2023.12-SP2-1/etc/uvm/tlm2/uvm_tlm2_ifs.svh'.
Back to file '/opt/synopsys/vcs/V-2023.12-SP2-1/etc/uvm/tlm2/uvm_tlm2.svh'.
Parsing included file '/opt/synopsys/vcs/V-2023.12-SP2-1/etc/uvm/tlm2/uvm_tlm2_imps.svh'.
Back to file '/opt/synopsys/vcs/V-2023.12-SP2-1/etc/uvm/tlm2/uvm_tlm2.svh'.
Parsing included file '/opt/synopsys/vcs/V-2023.12-SP2-1/etc/uvm/tlm2/uvm_tlm2_ports.svh'.
Back to file '/opt/synopsys/vcs/V-2023.12-SP2-1/etc/uvm/tlm2/uvm_tlm2.svh'.
Parsing included file '/opt/synopsys/vcs/V-2023.12-SP2-1/etc/uvm/tlm2/uvm_tlm2_exports.svh'.
Back to file '/opt/synopsys/vcs/V-2023.12-SP2-1/etc/uvm/tlm2/uvm_tlm2.svh'.
Parsing included file '/opt/synopsys/vcs/V-2023.12-SP2-1/etc/uvm/tlm2/uvm_tlm2_sockets_base.svh'.
Back to file '/opt/synopsys/vcs/V-2023.12-SP2-1/etc/uvm/tlm2/uvm_tlm2.svh'.
Parsing included file '/opt/synopsys/vcs/V-2023.12-SP2-1/etc/uvm/tlm2/uvm_tlm2_sockets.svh'.
Back to file '/opt/synopsys/vcs/V-2023.12-SP2-1/etc/uvm/tlm2/uvm_tlm2.svh'.
Back to file '/opt/synopsys/vcs/V-2023.12-SP2-1/etc/uvm/uvm_pkg.sv'.
Parsing included file '/opt/synopsys/vcs/V-2023.12-SP2-1/etc/uvm/reg/uvm_reg_model.svh'.
Parsing included file '/opt/synopsys/vcs/V-2023.12-SP2-1/etc/uvm/reg/uvm_reg_item.svh'.
Back to file '/opt/synopsys/vcs/V-2023.12-SP2-1/etc/uvm/reg/uvm_reg_model.svh'.
Parsing included file '/opt/synopsys/vcs/V-2023.12-SP2-1/etc/uvm/reg/uvm_reg_adapter.svh'.
Back to file '/opt/synopsys/vcs/V-2023.12-SP2-1/etc/uvm/reg/uvm_reg_model.svh'.
Parsing included file '/opt/synopsys/vcs/V-2023.12-SP2-1/etc/uvm/reg/uvm_reg_predictor.svh'.
Back to file '/opt/synopsys/vcs/V-2023.12-SP2-1/etc/uvm/reg/uvm_reg_model.svh'.
Parsing included file '/opt/synopsys/vcs/V-2023.12-SP2-1/etc/uvm/reg/uvm_reg_sequence.svh'.
Back to file '/opt/synopsys/vcs/V-2023.12-SP2-1/etc/uvm/reg/uvm_reg_model.svh'.
Parsing included file '/opt/synopsys/vcs/V-2023.12-SP2-1/etc/uvm/reg/uvm_reg_cbs.svh'.
Back to file '/opt/synopsys/vcs/V-2023.12-SP2-1/etc/uvm/reg/uvm_reg_model.svh'.
Parsing included file '/opt/synopsys/vcs/V-2023.12-SP2-1/etc/uvm/reg/uvm_reg_backdoor.svh'.
Back to file '/opt/synopsys/vcs/V-2023.12-SP2-1/etc/uvm/reg/uvm_reg_model.svh'.
Parsing included file '/opt/synopsys/vcs/V-2023.12-SP2-1/etc/uvm/reg/uvm_reg_field.svh'.
Back to file '/opt/synopsys/vcs/V-2023.12-SP2-1/etc/uvm/reg/uvm_reg_model.svh'.
Parsing included file '/opt/synopsys/vcs/V-2023.12-SP2-1/etc/uvm/reg/uvm_vreg_field.svh'.
Back to file '/opt/synopsys/vcs/V-2023.12-SP2-1/etc/uvm/reg/uvm_reg_model.svh'.
Parsing included file '/opt/synopsys/vcs/V-2023.12-SP2-1/etc/uvm/reg/uvm_reg.svh'.
Back to file '/opt/synopsys/vcs/V-2023.12-SP2-1/etc/uvm/reg/uvm_reg_model.svh'.
Parsing included file '/opt/synopsys/vcs/V-2023.12-SP2-1/etc/uvm/reg/uvm_reg_indirect.svh'.
Back to file '/opt/synopsys/vcs/V-2023.12-SP2-1/etc/uvm/reg/uvm_reg_model.svh'.
Parsing included file '/opt/synopsys/vcs/V-2023.12-SP2-1/etc/uvm/reg/uvm_reg_fifo.svh'.
Back to file '/opt/synopsys/vcs/V-2023.12-SP2-1/etc/uvm/reg/uvm_reg_model.svh'.
Parsing included file '/opt/synopsys/vcs/V-2023.12-SP2-1/etc/uvm/reg/uvm_reg_file.svh'.
Back to file '/opt/synopsys/vcs/V-2023.12-SP2-1/etc/uvm/reg/uvm_reg_model.svh'.
Parsing included file '/opt/synopsys/vcs/V-2023.12-SP2-1/etc/uvm/reg/uvm_mem_mam.svh'.
Back to file '/opt/synopsys/vcs/V-2023.12-SP2-1/etc/uvm/reg/uvm_reg_model.svh'.
Parsing included file '/opt/synopsys/vcs/V-2023.12-SP2-1/etc/uvm/reg/uvm_vreg.svh'.
Back to file '/opt/synopsys/vcs/V-2023.12-SP2-1/etc/uvm/reg/uvm_reg_model.svh'.
Parsing included file '/opt/synopsys/vcs/V-2023.12-SP2-1/etc/uvm/reg/uvm_mem.svh'.
Back to file '/opt/synopsys/vcs/V-2023.12-SP2-1/etc/uvm/reg/uvm_reg_model.svh'.
Parsing included file '/opt/synopsys/vcs/V-2023.12-SP2-1/etc/uvm/reg/uvm_reg_map.svh'.
Back to file '/opt/synopsys/vcs/V-2023.12-SP2-1/etc/uvm/reg/uvm_reg_model.svh'.
Parsing included file '/opt/synopsys/vcs/V-2023.12-SP2-1/etc/uvm/reg/uvm_reg_block.svh'.
Back to file '/opt/synopsys/vcs/V-2023.12-SP2-1/etc/uvm/reg/uvm_reg_model.svh'.
Parsing included file '/opt/synopsys/vcs/V-2023.12-SP2-1/etc/uvm/reg/sequences/uvm_reg_hw_reset_seq.svh'.
Back to file '/opt/synopsys/vcs/V-2023.12-SP2-1/etc/uvm/reg/uvm_reg_model.svh'.
Parsing included file '/opt/synopsys/vcs/V-2023.12-SP2-1/etc/uvm/reg/sequences/uvm_reg_bit_bash_seq.svh'.
Back to file '/opt/synopsys/vcs/V-2023.12-SP2-1/etc/uvm/reg/uvm_reg_model.svh'.
Parsing included file '/opt/synopsys/vcs/V-2023.12-SP2-1/etc/uvm/reg/sequences/uvm_mem_walk_seq.svh'.
Back to file '/opt/synopsys/vcs/V-2023.12-SP2-1/etc/uvm/reg/uvm_reg_model.svh'.
Parsing included file '/opt/synopsys/vcs/V-2023.12-SP2-1/etc/uvm/reg/sequences/uvm_mem_access_seq.svh'.
Back to file '/opt/synopsys/vcs/V-2023.12-SP2-1/etc/uvm/reg/uvm_reg_model.svh'.
Parsing included file '/opt/synopsys/vcs/V-2023.12-SP2-1/etc/uvm/reg/sequences/uvm_reg_access_seq.svh'.
Back to file '/opt/synopsys/vcs/V-2023.12-SP2-1/etc/uvm/reg/uvm_reg_model.svh'.
Parsing included file '/opt/synopsys/vcs/V-2023.12-SP2-1/etc/uvm/reg/sequences/uvm_reg_mem_shared_access_seq.svh'.
Back to file '/opt/synopsys/vcs/V-2023.12-SP2-1/etc/uvm/reg/uvm_reg_model.svh'.
Parsing included file '/opt/synopsys/vcs/V-2023.12-SP2-1/etc/uvm/reg/sequences/uvm_reg_mem_built_in_seq.svh'.
Back to file '/opt/synopsys/vcs/V-2023.12-SP2-1/etc/uvm/reg/uvm_reg_model.svh'.
Parsing included file '/opt/synopsys/vcs/V-2023.12-SP2-1/etc/uvm/reg/sequences/uvm_reg_mem_hdl_paths_seq.svh'.
Back to file '/opt/synopsys/vcs/V-2023.12-SP2-1/etc/uvm/reg/uvm_reg_model.svh'.
Parsing included file '/opt/synopsys/vcs/V-2023.12-SP2-1/etc/uvm/reg/snps_uvm_reg_bank.svh'.
Back to file '/opt/synopsys/vcs/V-2023.12-SP2-1/etc/uvm/reg/uvm_reg_model.svh'.
Back to file '/opt/synopsys/vcs/V-2023.12-SP2-1/etc/uvm/uvm_pkg.sv'.
Parsing included file '/opt/synopsys/vcs/V-2023.12-SP2-1/etc/uvm/vcs/vcs_uvm_alt.sv'.
Back to file '/opt/synopsys/vcs/V-2023.12-SP2-1/etc/uvm/uvm_pkg.sv'.
Parsing design file '/opt/synopsys/vcs/V-2023.12-SP2-1/etc/uvm/vcs/uvm_custom_install_vcs_recorder.sv'
Parsing included file '/opt/synopsys/vcs/V-2023.12-SP2-1/etc/uvm/vcs/msglog.svh'.
Back to file '/opt/synopsys/vcs/V-2023.12-SP2-1/etc/uvm/vcs/uvm_custom_install_vcs_recorder.sv'.
Parsing included file '/opt/synopsys/vcs/V-2023.12-SP2-1/etc/uvm/vcs/uvm_msglog_report_server.sv'.
Back to file '/opt/synopsys/vcs/V-2023.12-SP2-1/etc/uvm/vcs/uvm_custom_install_vcs_recorder.sv'.
Parsing included file '/opt/synopsys/vcs/V-2023.12-SP2-1/etc/uvm/vcs/uvm_vcs_recorder.svh'.
Back to file '/opt/synopsys/vcs/V-2023.12-SP2-1/etc/uvm/vcs/uvm_custom_install_vcs_recorder.sv'.
Parsing included file '/opt/synopsys/vcs/V-2023.12-SP2-1/etc/uvm/vcs/uvm_vcs_record_interface.sv'.
Back to file '/opt/synopsys/vcs/V-2023.12-SP2-1/etc/uvm/vcs/uvm_custom_install_vcs_recorder.sv'.
Parsing design file '../tb/pkg/async_fifo_param_pkg.sv'
Parsing design file '../tb/interface/async_fifo_if.sv'
Parsing design file '../tb/pkg/async_fifo_pkg.sv'
Parsing included file '/opt/synopsys/vcs/V-2023.12-SP2-1/etc/uvm/uvm_macros.svh'.
Back to file '../tb/pkg/async_fifo_pkg.sv'.
Parsing included file '../tb/seq/async_fifo_wr_tr.sv'.
Back to file '../tb/pkg/async_fifo_pkg.sv'.
Parsing included file '../tb/seq/async_fifo_rd_tr.sv'.
Back to file '../tb/pkg/async_fifo_pkg.sv'.
Parsing included file '../tb/seq/async_fifo_wr_seq.sv'.
Back to file '../tb/pkg/async_fifo_pkg.sv'.
Parsing included file '../tb/seq/async_fifo_rd_seq.sv'.
Back to file '../tb/pkg/async_fifo_pkg.sv'.
Parsing included file '../tb/wr_agent/async_fifo_wr_sequencer.sv'.
Back to file '../tb/pkg/async_fifo_pkg.sv'.
Parsing included file '../tb/rd_agent/async_fifo_rd_sequencer.sv'.
Back to file '../tb/pkg/async_fifo_pkg.sv'.
Parsing included file '../tb/wr_agent/async_fifo_wr_driver.sv'.
Back to file '../tb/pkg/async_fifo_pkg.sv'.
Parsing included file '../tb/rd_agent/async_fifo_rd_driver.sv'.
Back to file '../tb/pkg/async_fifo_pkg.sv'.
Parsing included file '../tb/wr_agent/async_fifo_wr_monitor.sv'.
Back to file '../tb/pkg/async_fifo_pkg.sv'.
Parsing included file '../tb/rd_agent/async_fifo_rd_monitor.sv'.
Back to file '../tb/pkg/async_fifo_pkg.sv'.
Parsing included file '../tb/wr_agent/async_fifo_wr_agent.sv'.
Back to file '../tb/pkg/async_fifo_pkg.sv'.
Parsing included file '../tb/rd_agent/async_fifo_rd_agent.sv'.
Back to file '../tb/pkg/async_fifo_pkg.sv'.
Parsing included file '../tb/env/async_fifo_scoreboard.sv'.
Back to file '../tb/pkg/async_fifo_pkg.sv'.
Parsing included file '../tb/env/async_fifo_cov.sv'.
Back to file '../tb/pkg/async_fifo_pkg.sv'.
Parsing included file '../tb/env/async_fifo_env.sv'.
Back to file '../tb/pkg/async_fifo_pkg.sv'.
Parsing included file '../tb/tests/async_fifo_test.sv'.
Back to file '../tb/pkg/async_fifo_pkg.sv'.
Parsing design file '../rtl/dual_port_ram.sv'
Parsing design file '../rtl/async_fifo.sv'
Parsing design file '../tb/top/tb_top.sv'
Parsing included file '/opt/synopsys/vcs/V-2023.12-SP2-1/etc/uvm/uvm_macros.svh'.
Back to file '../tb/top/tb_top.sv'.
Top Level Modules:
       tb_top
TimeScale is 1 ns / 1 ps

Warning-[OSVF-NPVIUFPI] Obsolete SystemVerilog feature
../tb/wr_agent/async_fifo_wr_driver.sv, 5
async_fifo_if
  Non-parameterized virtual interface 
  (../tb/wr_agent/async_fifo_wr_driver.sv,5) is being used for parameterized 
  interface (../tb/interface/async_fifo_if.sv,1).


Warning-[OSVF-NPVIUFPI] Obsolete SystemVerilog feature
../tb/wr_agent/async_fifo_wr_driver.sv, 14
async_fifo_if
  Non-parameterized virtual interface 
  (../tb/wr_agent/async_fifo_wr_driver.sv,14) is being used for parameterized 
  interface (../tb/interface/async_fifo_if.sv,1).


Warning-[OSVF-NPVIUFPI] Obsolete SystemVerilog feature
../tb/rd_agent/async_fifo_rd_driver.sv, 5
async_fifo_if
  Non-parameterized virtual interface 
  (../tb/rd_agent/async_fifo_rd_driver.sv,5) is being used for parameterized 
  interface (../tb/interface/async_fifo_if.sv,1).


Warning-[OSVF-NPVIUFPI] Obsolete SystemVerilog feature
../tb/rd_agent/async_fifo_rd_driver.sv, 14
async_fifo_if
  Non-parameterized virtual interface 
  (../tb/rd_agent/async_fifo_rd_driver.sv,14) is being used for parameterized 
  interface (../tb/interface/async_fifo_if.sv,1).


Warning-[OSVF-NPVIUFPI] Obsolete SystemVerilog feature
../tb/wr_agent/async_fifo_wr_monitor.sv, 6
async_fifo_if
  Non-parameterized virtual interface 
  (../tb/wr_agent/async_fifo_wr_monitor.sv,6) is being used for parameterized 
  interface (../tb/interface/async_fifo_if.sv,1).


Warning-[OSVF-NPVIUFPI] Obsolete SystemVerilog feature
../tb/rd_agent/async_fifo_rd_monitor.sv, 5
async_fifo_if
  Non-parameterized virtual interface 
  (../tb/rd_agent/async_fifo_rd_monitor.sv,5) is being used for parameterized 
  interface (../tb/interface/async_fifo_if.sv,1).


Warning-[OSVF-NPVIUFPI] Obsolete SystemVerilog feature
../tb/env/async_fifo_scoreboard.sv, 13
async_fifo_if
  Non-parameterized virtual interface (../tb/env/async_fifo_scoreboard.sv,13) 
  is being used for parameterized interface 
  (../tb/interface/async_fifo_if.sv,1).


Warning-[OSVF-NPVIUFPI] Obsolete SystemVerilog feature
../tb/env/async_fifo_cov.sv, 5
async_fifo_if
  Non-parameterized virtual interface (../tb/env/async_fifo_cov.sv,5) is being
  used for parameterized interface (../tb/interface/async_fifo_if.sv,1).


Warning-[OSVF-NPVIUFPI] Obsolete SystemVerilog feature
../tb/tests/async_fifo_test.sv, 7
async_fifo_if
  Non-parameterized virtual interface (../tb/tests/async_fifo_test.sv,7) is 
  being used for parameterized interface (../tb/interface/async_fifo_if.sv,1).


Warning-[OSVF-NPVIUFPI] Obsolete SystemVerilog feature
../tb/wr_agent/async_fifo_wr_monitor.sv, 38
async_fifo_if
  Non-parameterized virtual interface 
  (../tb/wr_agent/async_fifo_wr_monitor.sv,38) is being used for parameterized
  interface (../tb/interface/async_fifo_if.sv,1).


Warning-[OSVF-NPVIUFPI] Obsolete SystemVerilog feature
../tb/rd_agent/async_fifo_rd_monitor.sv, 36
async_fifo_if
  Non-parameterized virtual interface 
  (../tb/rd_agent/async_fifo_rd_monitor.sv,36) is being used for parameterized
  interface (../tb/interface/async_fifo_if.sv,1).


Warning-[OSVF-NPVIUFPI] Obsolete SystemVerilog feature
../tb/env/async_fifo_scoreboard.sv, 24
async_fifo_if
  Non-parameterized virtual interface (../tb/env/async_fifo_scoreboard.sv,24) 
  is being used for parameterized interface 
  (../tb/interface/async_fifo_if.sv,1).


Warning-[OSVF-NPVIUFPI] Obsolete SystemVerilog feature
../tb/env/async_fifo_cov.sv, 52
async_fifo_if
  Non-parameterized virtual interface (../tb/env/async_fifo_cov.sv,52) is 
  being used for parameterized interface (../tb/interface/async_fifo_if.sv,1).


Warning-[OSVF-NPVIUFPI] Obsolete SystemVerilog feature
../tb/tests/async_fifo_test.sv, 18
async_fifo_if
  Non-parameterized virtual interface (../tb/tests/async_fifo_test.sv,18) is 
  being used for parameterized interface (../tb/interface/async_fifo_if.sv,1).


Warning-[OSVF-NPVIUFPI] Obsolete SystemVerilog feature
../tb/top/tb_top.sv, 72
async_fifo_if
  Non-parameterized virtual interface (../tb/top/tb_top.sv,72) is being used 
  for parameterized interface (../tb/interface/async_fifo_if.sv,1).


Warning-[OSVF-NPVIUFPI] Obsolete SystemVerilog feature
../tb/top/tb_top.sv, 79
async_fifo_if
  Non-parameterized virtual interface (../tb/top/tb_top.sv,79) is being used 
  for parameterized interface (../tb/interface/async_fifo_if.sv,1).

Starting vcs inline pass...

8 modules and 0 UDP read.
recompiling package vcs_paramclassrepository
recompiling package uvm_pkg
recompiling package async_fifo_param_pkg
recompiling module async_fifo_if
recompiling package async_fifo_pkg
recompiling module async_fifo
recompiling module tb_top
7 of 8 modules done
	However, due to incremental compilation, only 7 modules need to be compiled. 
make[1]: Entering directory '/home/xz974/UVM_Learning/UVM_Learning/ASYNC_FIFO/sim/csrc'
make[1]: Leaving directory '/home/xz974/UVM_Learning/UVM_Learning/ASYNC_FIFO/sim/csrc'
make[1]: Entering directory '/home/xz974/UVM_Learning/UVM_Learning/ASYNC_FIFO/sim/csrc'
rm -f _cuarc*.so _csrc*.so pre_vcsobj_*.so share_vcsobj_*.so
if [ -x ../simv ]; then chmod a-x ../simv; fi
g++  -o ../simv      -rdynamic  -Wl,-rpath='$ORIGIN'/simv.daidir -Wl,-rpath=./simv.daidir -Wl,-rpath=/opt/synopsys/vcs/V-2023.12-SP2-1/linux64/lib -L/opt/synopsys/vcs/V-2023.12-SP2-1/linux64/lib  -Wl,-rpath-link=./  /usr/lib64/libnuma.so.1 uvm_dpi.o   objs/amcQw_d.o   _260175_archive_1.so _prev_archive_1.so   SIM_l.o      rmapats_mop.o rmapats.o rmar.o rmar_nd.o  rmar_llvm_0_1.o rmar_llvm_0_0.o            -lvirsim -lerrorinf -lsnpsmalloc -lvfs    -lvcsnew -lsimprofile -luclinative /opt/synopsys/vcs/V-2023.12-SP2-1/linux64/lib/vcs_tls.o   -Wl,-whole-archive  -lvcsucli    -Wl,-no-whole-archive       ./../simv.daidir/vc_hdrs.o    /opt/synopsys/vcs/V-2023.12-SP2-1/linux64/lib/vcs_save_restore_new.o -ldl  -lc -lm -lpthread -ldl 
../simv up to date
make[1]: Leaving directory '/home/xz974/UVM_Learning/UVM_Learning/ASYNC_FIFO/sim/csrc'
CPU time: 6.629 seconds to compile + .216 seconds to elab + .329 seconds to link
cd sim && ./simv +UVM_TESTNAME=async_fifo_test -l run.log
Info: [VCS_SAVE_RESTORE_INFO] ASLR (Address Space Layout Randomization) is detected on the machine. To enable $save functionality, ASLR will be switched off and simv re-executed.
Please use '-no_save' simv switch to avoid re-execution or '-suppress=ASLR_DETECTED_INFO' to suppress this message.
Chronologic VCS simulator copyright 1991-2023
Contains Synopsys proprietary information.
Compiler version V-2023.12-SP2-1_Full64; Runtime version V-2023.12-SP2-1_Full64;  May 31 23:05 2026
----------------------------------------------------------------
UVM-1.1d.Synopsys
(C) 2007-2013 Mentor Graphics Corporation
(C) 2007-2013 Cadence Design Systems, Inc.
(C) 2006-2013 Synopsys, Inc.
(C) 2011-2013 Cypress Semiconductor Corp.
----------------------------------------------------------------

  ***********       IMPORTANT RELEASE NOTES         ************

  You are using a version of the UVM library that has been compiled
  with `UVM_NO_DEPRECATED undefined.
  See http://www.eda.org/svdb/view.php?id=3313 for more details.

  You are using a version of the UVM library that has been compiled
  with `UVM_OBJECT_MUST_HAVE_CONSTRUCTOR undefined.
  See http://www.eda.org/svdb/view.php?id=3770 for more details.

      (Specify +UVM_NO_RELNOTES to turn off this notice)

UVM_INFO @ 0: reporter [RNTST] Running test async_fifo_test...
UVM_INFO ../tb/wr_agent/async_fifo_wr_driver.sv(40) @ 140000: uvm_test_top.env.wr_agt.driver [ASYNC_FIFO_WR_DRV] WR Drive item: wr_en=1 wr_data=0x612aa136
UVM_INFO ../tb/env/async_fifo_scoreboard.sv(49) @ 145001: uvm_test_top.env.scb [ASYNC_FIFO_SCB] Model Push: 0x612aa136 depth=1
UVM_INFO ../tb/wr_agent/async_fifo_wr_driver.sv(40) @ 150000: uvm_test_top.env.wr_agt.driver [ASYNC_FIFO_WR_DRV] WR Drive item: wr_en=0 wr_data=0x7be95e1c
UVM_INFO ../tb/rd_agent/async_fifo_rd_driver.sv(38) @ 160000: uvm_test_top.env.rd_agt.driver [ASYNC_FIFO_RD_DRV] RD Drive item: rd_en=0
UVM_INFO ../tb/wr_agent/async_fifo_wr_driver.sv(40) @ 160000: uvm_test_top.env.wr_agt.driver [ASYNC_FIFO_WR_DRV] WR Drive item: wr_en=1 wr_data=0x8762c2e4
UVM_INFO ../tb/env/async_fifo_scoreboard.sv(49) @ 165001: uvm_test_top.env.scb [ASYNC_FIFO_SCB] Model Push: 0x8762c2e4 depth=2
UVM_INFO ../tb/wr_agent/async_fifo_wr_driver.sv(40) @ 170000: uvm_test_top.env.wr_agt.driver [ASYNC_FIFO_WR_DRV] WR Drive item: wr_en=1 wr_data=0xa3c59bf7
UVM_INFO ../tb/env/async_fifo_scoreboard.sv(49) @ 175001: uvm_test_top.env.scb [ASYNC_FIFO_SCB] Model Push: 0xa3c59bf7 depth=3
UVM_INFO ../tb/rd_agent/async_fifo_rd_driver.sv(38) @ 176000: uvm_test_top.env.rd_agt.driver [ASYNC_FIFO_RD_DRV] RD Drive item: rd_en=0
UVM_INFO ../tb/wr_agent/async_fifo_wr_driver.sv(40) @ 180000: uvm_test_top.env.wr_agt.driver [ASYNC_FIFO_WR_DRV] WR Drive item: wr_en=1 wr_data=0xcbb93050
UVM_INFO ../tb/env/async_fifo_scoreboard.sv(49) @ 185001: uvm_test_top.env.scb [ASYNC_FIFO_SCB] Model Push: 0xcbb93050 depth=4
UVM_INFO ../tb/wr_agent/async_fifo_wr_driver.sv(40) @ 190000: uvm_test_top.env.wr_agt.driver [ASYNC_FIFO_WR_DRV] WR Drive item: wr_en=0 wr_data=0x14e07594
UVM_INFO ../tb/rd_agent/async_fifo_rd_driver.sv(38) @ 192000: uvm_test_top.env.rd_agt.driver [ASYNC_FIFO_RD_DRV] RD Drive item: rd_en=0
UVM_INFO ../tb/wr_agent/async_fifo_wr_driver.sv(40) @ 200000: uvm_test_top.env.wr_agt.driver [ASYNC_FIFO_WR_DRV] WR Drive item: wr_en=0 wr_data=0xd494543b
UVM_INFO ../tb/rd_agent/async_fifo_rd_driver.sv(38) @ 208000: uvm_test_top.env.rd_agt.driver [ASYNC_FIFO_RD_DRV] RD Drive item: rd_en=1
UVM_INFO ../tb/wr_agent/async_fifo_wr_driver.sv(40) @ 210000: uvm_test_top.env.wr_agt.driver [ASYNC_FIFO_WR_DRV] WR Drive item: wr_en=1 wr_data=0xee911303
UVM_INFO ../tb/env/async_fifo_scoreboard.sv(49) @ 215001: uvm_test_top.env.scb [ASYNC_FIFO_SCB] Model Push: 0xee911303 depth=5
UVM_INFO ../tb/rd_agent/async_fifo_rd_monitor.sv(69) @ 216001: uvm_test_top.env.rd_agt.monitor [ASYNC_FIFO_RD_MON] RD accepted item: rd_data=0x612aa136
UVM_INFO ../tb/wr_agent/async_fifo_wr_driver.sv(40) @ 220000: uvm_test_top.env.wr_agt.driver [ASYNC_FIFO_WR_DRV] WR Drive item: wr_en=1 wr_data=0xd3cf10c6
UVM_INFO ../tb/rd_agent/async_fifo_rd_driver.sv(38) @ 224000: uvm_test_top.env.rd_agt.driver [ASYNC_FIFO_RD_DRV] RD Drive item: rd_en=0
UVM_INFO ../tb/env/async_fifo_scoreboard.sv(49) @ 225001: uvm_test_top.env.scb [ASYNC_FIFO_SCB] Model Push: 0xd3cf10c6 depth=5
UVM_INFO ../tb/wr_agent/async_fifo_wr_driver.sv(40) @ 230000: uvm_test_top.env.wr_agt.driver [ASYNC_FIFO_WR_DRV] WR Drive item: wr_en=0 wr_data=0xb263b56
UVM_INFO ../tb/rd_agent/async_fifo_rd_driver.sv(38) @ 240000: uvm_test_top.env.rd_agt.driver [ASYNC_FIFO_RD_DRV] RD Drive item: rd_en=0
UVM_INFO ../tb/wr_agent/async_fifo_wr_driver.sv(40) @ 240000: uvm_test_top.env.wr_agt.driver [ASYNC_FIFO_WR_DRV] WR Drive item: wr_en=1 wr_data=0x342741a1
UVM_INFO ../tb/env/async_fifo_scoreboard.sv(49) @ 245001: uvm_test_top.env.scb [ASYNC_FIFO_SCB] Model Push: 0x342741a1 depth=6
UVM_INFO ../tb/wr_agent/async_fifo_wr_driver.sv(40) @ 250000: uvm_test_top.env.wr_agt.driver [ASYNC_FIFO_WR_DRV] WR Drive item: wr_en=0 wr_data=0x55ce7569
UVM_INFO ../tb/rd_agent/async_fifo_rd_driver.sv(38) @ 256000: uvm_test_top.env.rd_agt.driver [ASYNC_FIFO_RD_DRV] RD Drive item: rd_en=0
UVM_INFO ../tb/wr_agent/async_fifo_wr_driver.sv(40) @ 260000: uvm_test_top.env.wr_agt.driver [ASYNC_FIFO_WR_DRV] WR Drive item: wr_en=0 wr_data=0x1974c1f0
UVM_INFO ../tb/wr_agent/async_fifo_wr_driver.sv(40) @ 270000: uvm_test_top.env.wr_agt.driver [ASYNC_FIFO_WR_DRV] WR Drive item: wr_en=1 wr_data=0x7800c1b6
UVM_INFO ../tb/rd_agent/async_fifo_rd_driver.sv(38) @ 272000: uvm_test_top.env.rd_agt.driver [ASYNC_FIFO_RD_DRV] RD Drive item: rd_en=0
UVM_INFO ../tb/env/async_fifo_scoreboard.sv(49) @ 275001: uvm_test_top.env.scb [ASYNC_FIFO_SCB] Model Push: 0x7800c1b6 depth=7
UVM_INFO ../tb/wr_agent/async_fifo_wr_driver.sv(40) @ 280000: uvm_test_top.env.wr_agt.driver [ASYNC_FIFO_WR_DRV] WR Drive item: wr_en=0 wr_data=0xd2d88064
UVM_INFO ../tb/rd_agent/async_fifo_rd_driver.sv(38) @ 288000: uvm_test_top.env.rd_agt.driver [ASYNC_FIFO_RD_DRV] RD Drive item: rd_en=0
UVM_INFO ../tb/wr_agent/async_fifo_wr_driver.sv(40) @ 290000: uvm_test_top.env.wr_agt.driver [ASYNC_FIFO_WR_DRV] WR Drive item: wr_en=1 wr_data=0xea088ab7
UVM_INFO ../tb/env/async_fifo_scoreboard.sv(49) @ 295001: uvm_test_top.env.scb [ASYNC_FIFO_SCB] Model Push: 0xea088ab7 depth=8
UVM_INFO ../tb/wr_agent/async_fifo_wr_driver.sv(40) @ 300000: uvm_test_top.env.wr_agt.driver [ASYNC_FIFO_WR_DRV] WR Drive item: wr_en=1 wr_data=0xb242f3fb
UVM_INFO ../tb/rd_agent/async_fifo_rd_driver.sv(38) @ 304000: uvm_test_top.env.rd_agt.driver [ASYNC_FIFO_RD_DRV] RD Drive item: rd_en=1
UVM_INFO ../tb/env/async_fifo_scoreboard.sv(49) @ 305001: uvm_test_top.env.scb [ASYNC_FIFO_SCB] Model Push: 0xb242f3fb depth=9
UVM_INFO ../tb/wr_agent/async_fifo_wr_driver.sv(40) @ 310000: uvm_test_top.env.wr_agt.driver [ASYNC_FIFO_WR_DRV] WR Drive item: wr_en=0 wr_data=0x31a34060
UVM_INFO ../tb/rd_agent/async_fifo_rd_monitor.sv(69) @ 312001: uvm_test_top.env.rd_agt.monitor [ASYNC_FIFO_RD_MON] RD accepted item: rd_data=0x8762c2e4
UVM_INFO ../tb/rd_agent/async_fifo_rd_driver.sv(38) @ 320000: uvm_test_top.env.rd_agt.driver [ASYNC_FIFO_RD_DRV] RD Drive item: rd_en=1
UVM_INFO ../tb/wr_agent/async_fifo_wr_driver.sv(40) @ 320000: uvm_test_top.env.wr_agt.driver [ASYNC_FIFO_WR_DRV] WR Drive item: wr_en=1 wr_data=0x389850a5
UVM_INFO ../tb/env/async_fifo_scoreboard.sv(49) @ 325001: uvm_test_top.env.scb [ASYNC_FIFO_SCB] Model Push: 0x389850a5 depth=9
UVM_INFO ../tb/rd_agent/async_fifo_rd_monitor.sv(69) @ 328001: uvm_test_top.env.rd_agt.monitor [ASYNC_FIFO_RD_MON] RD accepted item: rd_data=0xa3c59bf7
UVM_INFO ../tb/wr_agent/async_fifo_wr_driver.sv(40) @ 330000: uvm_test_top.env.wr_agt.driver [ASYNC_FIFO_WR_DRV] WR Drive item: wr_en=0 wr_data=0xc374a943
UVM_INFO ../tb/rd_agent/async_fifo_rd_driver.sv(38) @ 336000: uvm_test_top.env.rd_agt.driver [ASYNC_FIFO_RD_DRV] RD Drive item: rd_en=0
UVM_INFO ../tb/wr_agent/async_fifo_wr_driver.sv(40) @ 340000: uvm_test_top.env.wr_agt.driver [ASYNC_FIFO_WR_DRV] WR Drive item: wr_en=1 wr_data=0xdce3ad4
UVM_INFO ../tb/env/async_fifo_scoreboard.sv(49) @ 345001: uvm_test_top.env.scb [ASYNC_FIFO_SCB] Model Push: 0xdce3ad4 depth=9
UVM_INFO ../tb/wr_agent/async_fifo_wr_driver.sv(40) @ 350000: uvm_test_top.env.wr_agt.driver [ASYNC_FIFO_WR_DRV] WR Drive item: wr_en=1 wr_data=0x823a9067
UVM_INFO ../tb/rd_agent/async_fifo_rd_driver.sv(38) @ 352000: uvm_test_top.env.rd_agt.driver [ASYNC_FIFO_RD_DRV] RD Drive item: rd_en=1
UVM_INFO ../tb/env/async_fifo_scoreboard.sv(49) @ 355001: uvm_test_top.env.scb [ASYNC_FIFO_SCB] Model Push: 0x823a9067 depth=10
UVM_INFO ../tb/wr_agent/async_fifo_wr_driver.sv(40) @ 360000: uvm_test_top.env.wr_agt.driver [ASYNC_FIFO_WR_DRV] WR Drive item: wr_en=0 wr_data=0x14978cb8
UVM_INFO ../tb/rd_agent/async_fifo_rd_monitor.sv(69) @ 360001: uvm_test_top.env.rd_agt.monitor [ASYNC_FIFO_RD_MON] RD accepted item: rd_data=0xcbb93050
UVM_INFO ../tb/rd_agent/async_fifo_rd_driver.sv(38) @ 368000: uvm_test_top.env.rd_agt.driver [ASYNC_FIFO_RD_DRV] RD Drive item: rd_en=1
UVM_INFO ../tb/wr_agent/async_fifo_wr_driver.sv(40) @ 370000: uvm_test_top.env.wr_agt.driver [ASYNC_FIFO_WR_DRV] WR Drive item: wr_en=0 wr_data=0x98aa6d57
UVM_INFO ../tb/rd_agent/async_fifo_rd_monitor.sv(69) @ 376001: uvm_test_top.env.rd_agt.monitor [ASYNC_FIFO_RD_MON] RD accepted item: rd_data=0xee911303
UVM_INFO ../tb/wr_agent/async_fifo_wr_driver.sv(40) @ 380000: uvm_test_top.env.wr_agt.driver [ASYNC_FIFO_WR_DRV] WR Drive item: wr_en=1 wr_data=0x236ebcc1
UVM_INFO ../tb/rd_agent/async_fifo_rd_driver.sv(38) @ 384000: uvm_test_top.env.rd_agt.driver [ASYNC_FIFO_RD_DRV] RD Drive item: rd_en=0
UVM_INFO ../tb/env/async_fifo_scoreboard.sv(49) @ 385001: uvm_test_top.env.scb [ASYNC_FIFO_SCB] Model Push: 0x236ebcc1 depth=9
UVM_INFO ../tb/wr_agent/async_fifo_wr_driver.sv(40) @ 390000: uvm_test_top.env.wr_agt.driver [ASYNC_FIFO_WR_DRV] WR Drive item: wr_en=0 wr_data=0xbf535a1f
UVM_INFO ../tb/rd_agent/async_fifo_rd_driver.sv(38) @ 400000: uvm_test_top.env.rd_agt.driver [ASYNC_FIFO_RD_DRV] RD Drive item: rd_en=1
UVM_INFO ../tb/wr_agent/async_fifo_wr_driver.sv(40) @ 400000: uvm_test_top.env.wr_agt.driver [ASYNC_FIFO_WR_DRV] WR Drive item: wr_en=0 wr_data=0x1a7ce1d9
UVM_INFO ../tb/rd_agent/async_fifo_rd_monitor.sv(69) @ 408001: uvm_test_top.env.rd_agt.monitor [ASYNC_FIFO_RD_MON] RD accepted item: rd_data=0xd3cf10c6
UVM_INFO ../tb/wr_agent/async_fifo_wr_driver.sv(40) @ 410000: uvm_test_top.env.wr_agt.driver [ASYNC_FIFO_WR_DRV] WR Drive item: wr_en=0 wr_data=0x8718ad5b
UVM_INFO ../tb/rd_agent/async_fifo_rd_driver.sv(38) @ 416000: uvm_test_top.env.rd_agt.driver [ASYNC_FIFO_RD_DRV] RD Drive item: rd_en=1
UVM_INFO ../tb/wr_agent/async_fifo_wr_driver.sv(40) @ 420000: uvm_test_top.env.wr_agt.driver [ASYNC_FIFO_WR_DRV] WR Drive item: wr_en=1 wr_data=0xc0b5e8ee
UVM_INFO ../tb/rd_agent/async_fifo_rd_monitor.sv(69) @ 424001: uvm_test_top.env.rd_agt.monitor [ASYNC_FIFO_RD_MON] RD accepted item: rd_data=0x342741a1
UVM_INFO ../tb/env/async_fifo_scoreboard.sv(49) @ 425001: uvm_test_top.env.scb [ASYNC_FIFO_SCB] Model Push: 0xc0b5e8ee depth=8
UVM_INFO ../tb/wr_agent/async_fifo_wr_driver.sv(40) @ 430000: uvm_test_top.env.wr_agt.driver [ASYNC_FIFO_WR_DRV] WR Drive item: wr_en=0 wr_data=0x73ab7940
UVM_INFO ../tb/rd_agent/async_fifo_rd_driver.sv(38) @ 432000: uvm_test_top.env.rd_agt.driver [ASYNC_FIFO_RD_DRV] RD Drive item: rd_en=1
UVM_INFO ../tb/wr_agent/async_fifo_wr_driver.sv(40) @ 440000: uvm_test_top.env.wr_agt.driver [ASYNC_FIFO_WR_DRV] WR Drive item: wr_en=0 wr_data=0x909e7300
UVM_INFO ../tb/rd_agent/async_fifo_rd_monitor.sv(69) @ 440001: uvm_test_top.env.rd_agt.monitor [ASYNC_FIFO_RD_MON] RD accepted item: rd_data=0x7800c1b6
UVM_INFO ../tb/rd_agent/async_fifo_rd_driver.sv(38) @ 448000: uvm_test_top.env.rd_agt.driver [ASYNC_FIFO_RD_DRV] RD Drive item: rd_en=0
UVM_INFO ../tb/wr_agent/async_fifo_wr_driver.sv(40) @ 450000: uvm_test_top.env.wr_agt.driver [ASYNC_FIFO_WR_DRV] WR Drive item: wr_en=1 wr_data=0xc75d5c9a
UVM_INFO ../tb/env/async_fifo_scoreboard.sv(49) @ 455001: uvm_test_top.env.scb [ASYNC_FIFO_SCB] Model Push: 0xc75d5c9a depth=8
UVM_INFO ../tb/wr_agent/async_fifo_wr_driver.sv(40) @ 460000: uvm_test_top.env.wr_agt.driver [ASYNC_FIFO_WR_DRV] WR Drive item: wr_en=0 wr_data=0xd0165bfd
UVM_INFO ../tb/rd_agent/async_fifo_rd_driver.sv(38) @ 464000: uvm_test_top.env.rd_agt.driver [ASYNC_FIFO_RD_DRV] RD Drive item: rd_en=0
UVM_INFO ../tb/wr_agent/async_fifo_wr_driver.sv(40) @ 470000: uvm_test_top.env.wr_agt.driver [ASYNC_FIFO_WR_DRV] WR Drive item: wr_en=1 wr_data=0x93944a98
UVM_INFO ../tb/env/async_fifo_scoreboard.sv(49) @ 475001: uvm_test_top.env.scb [ASYNC_FIFO_SCB] Model Push: 0x93944a98 depth=9
UVM_INFO ../tb/rd_agent/async_fifo_rd_driver.sv(38) @ 480000: uvm_test_top.env.rd_agt.driver [ASYNC_FIFO_RD_DRV] RD Drive item: rd_en=0
UVM_INFO ../tb/wr_agent/async_fifo_wr_driver.sv(40) @ 480000: uvm_test_top.env.wr_agt.driver [ASYNC_FIFO_WR_DRV] WR Drive item: wr_en=1 wr_data=0xe37ca28b
UVM_INFO ../tb/env/async_fifo_scoreboard.sv(49) @ 485001: uvm_test_top.env.scb [ASYNC_FIFO_SCB] Model Push: 0xe37ca28b depth=10
UVM_INFO ../tb/wr_agent/async_fifo_wr_driver.sv(40) @ 490000: uvm_test_top.env.wr_agt.driver [ASYNC_FIFO_WR_DRV] WR Drive item: wr_en=0 wr_data=0x5abdf13f
UVM_INFO ../tb/rd_agent/async_fifo_rd_driver.sv(38) @ 496000: uvm_test_top.env.rd_agt.driver [ASYNC_FIFO_RD_DRV] RD Drive item: rd_en=0
UVM_INFO ../tb/wr_agent/async_fifo_wr_driver.sv(40) @ 500000: uvm_test_top.env.wr_agt.driver [ASYNC_FIFO_WR_DRV] WR Drive item: wr_en=0 wr_data=0x889c08f3
UVM_INFO ../tb/wr_agent/async_fifo_wr_driver.sv(40) @ 510000: uvm_test_top.env.wr_agt.driver [ASYNC_FIFO_WR_DRV] WR Drive item: wr_en=0 wr_data=0xa3f1a8ba
UVM_INFO ../tb/rd_agent/async_fifo_rd_driver.sv(38) @ 512000: uvm_test_top.env.rd_agt.driver [ASYNC_FIFO_RD_DRV] RD Drive item: rd_en=1
UVM_INFO ../tb/wr_agent/async_fifo_wr_driver.sv(40) @ 520000: uvm_test_top.env.wr_agt.driver [ASYNC_FIFO_WR_DRV] WR Drive item: wr_en=0 wr_data=0x9f48eec7
UVM_INFO ../tb/rd_agent/async_fifo_rd_monitor.sv(69) @ 520001: uvm_test_top.env.rd_agt.monitor [ASYNC_FIFO_RD_MON] RD accepted item: rd_data=0xea088ab7
UVM_INFO ../tb/rd_agent/async_fifo_rd_driver.sv(38) @ 528000: uvm_test_top.env.rd_agt.driver [ASYNC_FIFO_RD_DRV] RD Drive item: rd_en=0
UVM_INFO ../tb/wr_agent/async_fifo_wr_driver.sv(40) @ 530000: uvm_test_top.env.wr_agt.driver [ASYNC_FIFO_WR_DRV] WR Drive item: wr_en=1 wr_data=0x12fbd73d
UVM_INFO ../tb/env/async_fifo_scoreboard.sv(49) @ 535001: uvm_test_top.env.scb [ASYNC_FIFO_SCB] Model Push: 0x12fbd73d depth=10
UVM_INFO ../tb/wr_agent/async_fifo_wr_driver.sv(40) @ 540000: uvm_test_top.env.wr_agt.driver [ASYNC_FIFO_WR_DRV] WR Drive item: wr_en=1 wr_data=0xf9e8027d
UVM_INFO ../tb/rd_agent/async_fifo_rd_driver.sv(38) @ 544000: uvm_test_top.env.rd_agt.driver [ASYNC_FIFO_RD_DRV] RD Drive item: rd_en=0
UVM_INFO ../tb/env/async_fifo_scoreboard.sv(49) @ 545001: uvm_test_top.env.scb [ASYNC_FIFO_SCB] Model Push: 0xf9e8027d depth=11
UVM_INFO ../tb/wr_agent/async_fifo_wr_driver.sv(40) @ 550000: uvm_test_top.env.wr_agt.driver [ASYNC_FIFO_WR_DRV] WR Drive item: wr_en=0 wr_data=0x3dc32d41
UVM_INFO ../tb/rd_agent/async_fifo_rd_driver.sv(38) @ 560000: uvm_test_top.env.rd_agt.driver [ASYNC_FIFO_RD_DRV] RD Drive item: rd_en=0
UVM_INFO ../tb/wr_agent/async_fifo_wr_driver.sv(40) @ 560000: uvm_test_top.env.wr_agt.driver [ASYNC_FIFO_WR_DRV] WR Drive item: wr_en=1 wr_data=0x6ec6e7bc
UVM_INFO ../tb/env/async_fifo_scoreboard.sv(49) @ 565001: uvm_test_top.env.scb [ASYNC_FIFO_SCB] Model Push: 0x6ec6e7bc depth=12
UVM_INFO ../tb/wr_agent/async_fifo_wr_driver.sv(40) @ 570000: uvm_test_top.env.wr_agt.driver [ASYNC_FIFO_WR_DRV] WR Drive item: wr_en=0 wr_data=0x8646bb32
UVM_INFO ../tb/rd_agent/async_fifo_rd_driver.sv(38) @ 576000: uvm_test_top.env.rd_agt.driver [ASYNC_FIFO_RD_DRV] RD Drive item: rd_en=1
UVM_INFO ../tb/wr_agent/async_fifo_wr_driver.sv(40) @ 580000: uvm_test_top.env.wr_agt.driver [ASYNC_FIFO_WR_DRV] WR Drive item: wr_en=1 wr_data=0x1c55e70a
UVM_INFO ../tb/rd_agent/async_fifo_rd_monitor.sv(69) @ 584001: uvm_test_top.env.rd_agt.monitor [ASYNC_FIFO_RD_MON] RD accepted item: rd_data=0xb242f3fb
UVM_INFO ../tb/env/async_fifo_scoreboard.sv(49) @ 585001: uvm_test_top.env.scb [ASYNC_FIFO_SCB] Model Push: 0x1c55e70a depth=12
UVM_INFO ../tb/wr_agent/async_fifo_wr_driver.sv(40) @ 590000: uvm_test_top.env.wr_agt.driver [ASYNC_FIFO_WR_DRV] WR Drive item: wr_en=1 wr_data=0xcf11c369
UVM_INFO ../tb/rd_agent/async_fifo_rd_driver.sv(38) @ 592000: uvm_test_top.env.rd_agt.driver [ASYNC_FIFO_RD_DRV] RD Drive item: rd_en=0
UVM_INFO ../tb/env/async_fifo_scoreboard.sv(49) @ 595001: uvm_test_top.env.scb [ASYNC_FIFO_SCB] Model Push: 0xcf11c369 depth=13
UVM_INFO ../tb/wr_agent/async_fifo_wr_driver.sv(40) @ 600000: uvm_test_top.env.wr_agt.driver [ASYNC_FIFO_WR_DRV] WR Drive item: wr_en=1 wr_data=0x93a52afb
UVM_INFO ../tb/env/async_fifo_scoreboard.sv(49) @ 605001: uvm_test_top.env.scb [ASYNC_FIFO_SCB] Model Push: 0x93a52afb depth=14
UVM_INFO ../tb/rd_agent/async_fifo_rd_driver.sv(38) @ 608000: uvm_test_top.env.rd_agt.driver [ASYNC_FIFO_RD_DRV] RD Drive item: rd_en=1
UVM_INFO ../tb/wr_agent/async_fifo_wr_driver.sv(40) @ 610000: uvm_test_top.env.wr_agt.driver [ASYNC_FIFO_WR_DRV] WR Drive item: wr_en=0 wr_data=0xacb5d2f6
UVM_INFO ../tb/rd_agent/async_fifo_rd_monitor.sv(69) @ 616001: uvm_test_top.env.rd_agt.monitor [ASYNC_FIFO_RD_MON] RD accepted item: rd_data=0x389850a5
UVM_INFO ../tb/wr_agent/async_fifo_wr_driver.sv(40) @ 620000: uvm_test_top.env.wr_agt.driver [ASYNC_FIFO_WR_DRV] WR Drive item: wr_en=0 wr_data=0xbb1f3ce1
UVM_INFO ../tb/rd_agent/async_fifo_rd_driver.sv(38) @ 624000: uvm_test_top.env.rd_agt.driver [ASYNC_FIFO_RD_DRV] RD Drive item: rd_en=0
UVM_INFO ../tb/wr_agent/async_fifo_wr_driver.sv(40) @ 630000: uvm_test_top.env.wr_agt.driver [ASYNC_FIFO_WR_DRV] WR Drive item: wr_en=0 wr_data=0x33ea71c2
UVM_INFO ../tb/rd_agent/async_fifo_rd_driver.sv(38) @ 640000: uvm_test_top.env.rd_agt.driver [ASYNC_FIFO_RD_DRV] RD Drive item: rd_en=1
UVM_INFO ../tb/wr_agent/async_fifo_wr_driver.sv(40) @ 640000: uvm_test_top.env.wr_agt.driver [ASYNC_FIFO_WR_DRV] WR Drive item: wr_en=0 wr_data=0xed0b019a
UVM_INFO ../tb/rd_agent/async_fifo_rd_monitor.sv(69) @ 648001: uvm_test_top.env.rd_agt.monitor [ASYNC_FIFO_RD_MON] RD accepted item: rd_data=0xdce3ad4
UVM_INFO ../tb/wr_agent/async_fifo_wr_driver.sv(40) @ 650000: uvm_test_top.env.wr_agt.driver [ASYNC_FIFO_WR_DRV] WR Drive item: wr_en=1 wr_data=0xd1df5879
UVM_INFO ../tb/env/async_fifo_scoreboard.sv(49) @ 655001: uvm_test_top.env.scb [ASYNC_FIFO_SCB] Model Push: 0xd1df5879 depth=13
UVM_INFO ../tb/rd_agent/async_fifo_rd_driver.sv(38) @ 656000: uvm_test_top.env.rd_agt.driver [ASYNC_FIFO_RD_DRV] RD Drive item: rd_en=1
UVM_INFO ../tb/wr_agent/async_fifo_wr_driver.sv(40) @ 660000: uvm_test_top.env.wr_agt.driver [ASYNC_FIFO_WR_DRV] WR Drive item: wr_en=1 wr_data=0x68db192
UVM_INFO ../tb/rd_agent/async_fifo_rd_monitor.sv(69) @ 664001: uvm_test_top.env.rd_agt.monitor [ASYNC_FIFO_RD_MON] RD accepted item: rd_data=0x823a9067
UVM_INFO ../tb/env/async_fifo_scoreboard.sv(49) @ 665001: uvm_test_top.env.scb [ASYNC_FIFO_SCB] Model Push: 0x68db192 depth=13
UVM_INFO ../tb/wr_agent/async_fifo_wr_driver.sv(40) @ 670000: uvm_test_top.env.wr_agt.driver [ASYNC_FIFO_WR_DRV] WR Drive item: wr_en=1 wr_data=0x3577cc88
UVM_INFO ../tb/rd_agent/async_fifo_rd_driver.sv(38) @ 672000: uvm_test_top.env.rd_agt.driver [ASYNC_FIFO_RD_DRV] RD Drive item: rd_en=1
UVM_INFO ../tb/env/async_fifo_scoreboard.sv(49) @ 675001: uvm_test_top.env.scb [ASYNC_FIFO_SCB] Model Push: 0x3577cc88 depth=14
UVM_INFO ../tb/wr_agent/async_fifo_wr_driver.sv(40) @ 680000: uvm_test_top.env.wr_agt.driver [ASYNC_FIFO_WR_DRV] WR Drive item: wr_en=0 wr_data=0x9d55773a
UVM_INFO ../tb/rd_agent/async_fifo_rd_monitor.sv(69) @ 680001: uvm_test_top.env.rd_agt.monitor [ASYNC_FIFO_RD_MON] RD accepted item: rd_data=0x236ebcc1
UVM_INFO ../tb/rd_agent/async_fifo_rd_driver.sv(38) @ 688000: uvm_test_top.env.rd_agt.driver [ASYNC_FIFO_RD_DRV] RD Drive item: rd_en=1
UVM_INFO ../tb/wr_agent/async_fifo_wr_driver.sv(40) @ 690000: uvm_test_top.env.wr_agt.driver [ASYNC_FIFO_WR_DRV] WR Drive item: wr_en=1 wr_data=0xeff0fc38
UVM_INFO ../tb/env/async_fifo_scoreboard.sv(49) @ 695001: uvm_test_top.env.scb [ASYNC_FIFO_SCB] Model Push: 0xeff0fc38 depth=14
UVM_INFO ../tb/rd_agent/async_fifo_rd_monitor.sv(69) @ 696001: uvm_test_top.env.rd_agt.monitor [ASYNC_FIFO_RD_MON] RD accepted item: rd_data=0xc0b5e8ee
UVM_INFO ../tb/wr_agent/async_fifo_wr_driver.sv(40) @ 700000: uvm_test_top.env.wr_agt.driver [ASYNC_FIFO_WR_DRV] WR Drive item: wr_en=0 wr_data=0xce567650
UVM_INFO ../tb/rd_agent/async_fifo_rd_driver.sv(38) @ 704000: uvm_test_top.env.rd_agt.driver [ASYNC_FIFO_RD_DRV] RD Drive item: rd_en=1
UVM_INFO ../tb/wr_agent/async_fifo_wr_driver.sv(40) @ 710000: uvm_test_top.env.wr_agt.driver [ASYNC_FIFO_WR_DRV] WR Drive item: wr_en=1 wr_data=0xbd224546
UVM_INFO ../tb/rd_agent/async_fifo_rd_monitor.sv(69) @ 712001: uvm_test_top.env.rd_agt.monitor [ASYNC_FIFO_RD_MON] RD accepted item: rd_data=0xc75d5c9a
UVM_INFO ../tb/env/async_fifo_scoreboard.sv(49) @ 715001: uvm_test_top.env.scb [ASYNC_FIFO_SCB] Model Push: 0xbd224546 depth=13
UVM_INFO ../tb/rd_agent/async_fifo_rd_driver.sv(38) @ 720000: uvm_test_top.env.rd_agt.driver [ASYNC_FIFO_RD_DRV] RD Drive item: rd_en=0
UVM_INFO ../tb/wr_agent/async_fifo_wr_driver.sv(40) @ 720000: uvm_test_top.env.wr_agt.driver [ASYNC_FIFO_WR_DRV] WR Drive item: wr_en=1 wr_data=0x934aa84
UVM_INFO ../tb/env/async_fifo_scoreboard.sv(49) @ 725001: uvm_test_top.env.scb [ASYNC_FIFO_SCB] Model Push: 0x934aa84 depth=14
UVM_INFO ../tb/wr_agent/async_fifo_wr_driver.sv(40) @ 730000: uvm_test_top.env.wr_agt.driver [ASYNC_FIFO_WR_DRV] WR Drive item: wr_en=0 wr_data=0xf5efd5b
UVM_INFO ../tb/rd_agent/async_fifo_rd_driver.sv(38) @ 736000: uvm_test_top.env.rd_agt.driver [ASYNC_FIFO_RD_DRV] RD Drive item: rd_en=1
UVM_INFO ../tb/wr_agent/async_fifo_wr_driver.sv(40) @ 740000: uvm_test_top.env.wr_agt.driver [ASYNC_FIFO_WR_DRV] WR Drive item: wr_en=0 wr_data=0x20542091
UVM_INFO ../tb/rd_agent/async_fifo_rd_monitor.sv(69) @ 744001: uvm_test_top.env.rd_agt.monitor [ASYNC_FIFO_RD_MON] RD accepted item: rd_data=0x93944a98
UVM_INFO ../tb/wr_agent/async_fifo_wr_driver.sv(40) @ 750000: uvm_test_top.env.wr_agt.driver [ASYNC_FIFO_WR_DRV] WR Drive item: wr_en=1 wr_data=0x8f120b85
UVM_INFO ../tb/rd_agent/async_fifo_rd_driver.sv(38) @ 752000: uvm_test_top.env.rd_agt.driver [ASYNC_FIFO_RD_DRV] RD Drive item: rd_en=0
UVM_INFO ../tb/env/async_fifo_scoreboard.sv(49) @ 755001: uvm_test_top.env.scb [ASYNC_FIFO_SCB] Model Push: 0x8f120b85 depth=14
UVM_INFO ../tb/wr_agent/async_fifo_wr_driver.sv(40) @ 760000: uvm_test_top.env.wr_agt.driver [ASYNC_FIFO_WR_DRV] WR Drive item: wr_en=0 wr_data=0x7959f066
UVM_INFO ../tb/rd_agent/async_fifo_rd_driver.sv(38) @ 768000: uvm_test_top.env.rd_agt.driver [ASYNC_FIFO_RD_DRV] RD Drive item: rd_en=1
UVM_INFO ../tb/wr_agent/async_fifo_wr_driver.sv(40) @ 770000: uvm_test_top.env.wr_agt.driver [ASYNC_FIFO_WR_DRV] WR Drive item: wr_en=1 wr_data=0x9723b568
UVM_INFO ../tb/env/async_fifo_scoreboard.sv(49) @ 775001: uvm_test_top.env.scb [ASYNC_FIFO_SCB] Model Push: 0x9723b568 depth=15
UVM_INFO ../tb/rd_agent/async_fifo_rd_monitor.sv(69) @ 776001: uvm_test_top.env.rd_agt.monitor [ASYNC_FIFO_RD_MON] RD accepted item: rd_data=0xe37ca28b
UVM_INFO ../tb/wr_agent/async_fifo_wr_driver.sv(40) @ 780000: uvm_test_top.env.wr_agt.driver [ASYNC_FIFO_WR_DRV] WR Drive item: wr_en=1 wr_data=0xecaa3e2b
UVM_INFO ../tb/rd_agent/async_fifo_rd_driver.sv(38) @ 784000: uvm_test_top.env.rd_agt.driver [ASYNC_FIFO_RD_DRV] RD Drive item: rd_en=0
UVM_INFO ../tb/env/async_fifo_scoreboard.sv(49) @ 785001: uvm_test_top.env.scb [ASYNC_FIFO_SCB] Model Push: 0xecaa3e2b depth=15
UVM_INFO ../tb/wr_agent/async_fifo_wr_driver.sv(40) @ 790000: uvm_test_top.env.wr_agt.driver [ASYNC_FIFO_WR_DRV] WR Drive item: wr_en=0 wr_data=0x3eb5357e
UVM_INFO ../tb/rd_agent/async_fifo_rd_driver.sv(38) @ 800000: uvm_test_top.env.rd_agt.driver [ASYNC_FIFO_RD_DRV] RD Drive item: rd_en=1
UVM_INFO ../tb/wr_agent/async_fifo_wr_driver.sv(40) @ 800000: uvm_test_top.env.wr_agt.driver [ASYNC_FIFO_WR_DRV] WR Drive item: wr_en=0 wr_data=0xa036fd29
UVM_INFO ../tb/rd_agent/async_fifo_rd_monitor.sv(69) @ 808001: uvm_test_top.env.rd_agt.monitor [ASYNC_FIFO_RD_MON] RD accepted item: rd_data=0x12fbd73d
UVM_INFO ../tb/wr_agent/async_fifo_wr_driver.sv(40) @ 810000: uvm_test_top.env.wr_agt.driver [ASYNC_FIFO_WR_DRV] WR Drive item: wr_en=0 wr_data=0xf4cb5242
UVM_INFO ../tb/rd_agent/async_fifo_rd_driver.sv(38) @ 816000: uvm_test_top.env.rd_agt.driver [ASYNC_FIFO_RD_DRV] RD Drive item: rd_en=0
UVM_INFO ../tb/wr_agent/async_fifo_wr_driver.sv(40) @ 820000: uvm_test_top.env.wr_agt.driver [ASYNC_FIFO_WR_DRV] WR Drive item: wr_en=0 wr_data=0xa7f78567
UVM_INFO ../tb/wr_agent/async_fifo_wr_driver.sv(40) @ 830000: uvm_test_top.env.wr_agt.driver [ASYNC_FIFO_WR_DRV] WR Drive item: wr_en=0 wr_data=0x5b26bda1
UVM_INFO ../tb/rd_agent/async_fifo_rd_driver.sv(38) @ 832000: uvm_test_top.env.rd_agt.driver [ASYNC_FIFO_RD_DRV] RD Drive item: rd_en=1
UVM_INFO ../tb/wr_agent/async_fifo_wr_driver.sv(40) @ 840000: uvm_test_top.env.wr_agt.driver [ASYNC_FIFO_WR_DRV] WR Drive item: wr_en=0 wr_data=0x550797cc
UVM_INFO ../tb/rd_agent/async_fifo_rd_monitor.sv(69) @ 840001: uvm_test_top.env.rd_agt.monitor [ASYNC_FIFO_RD_MON] RD accepted item: rd_data=0xf9e8027d
UVM_INFO ../tb/rd_agent/async_fifo_rd_driver.sv(38) @ 848000: uvm_test_top.env.rd_agt.driver [ASYNC_FIFO_RD_DRV] RD Drive item: rd_en=0
UVM_INFO ../tb/wr_agent/async_fifo_wr_driver.sv(40) @ 850000: uvm_test_top.env.wr_agt.driver [ASYNC_FIFO_WR_DRV] WR Drive item: wr_en=1 wr_data=0xb5da823a
UVM_INFO ../tb/env/async_fifo_scoreboard.sv(49) @ 855001: uvm_test_top.env.scb [ASYNC_FIFO_SCB] Model Push: 0xb5da823a depth=14
UVM_INFO ../tb/wr_agent/async_fifo_wr_driver.sv(40) @ 860000: uvm_test_top.env.wr_agt.driver [ASYNC_FIFO_WR_DRV] WR Drive item: wr_en=0 wr_data=0xaf8b6314
UVM_INFO ../tb/rd_agent/async_fifo_rd_driver.sv(38) @ 864000: uvm_test_top.env.rd_agt.driver [ASYNC_FIFO_RD_DRV] RD Drive item: rd_en=1
UVM_INFO ../tb/wr_agent/async_fifo_wr_driver.sv(40) @ 870000: uvm_test_top.env.wr_agt.driver [ASYNC_FIFO_WR_DRV] WR Drive item: wr_en=0 wr_data=0xef1eb0c5
UVM_INFO ../tb/rd_agent/async_fifo_rd_monitor.sv(69) @ 872001: uvm_test_top.env.rd_agt.monitor [ASYNC_FIFO_RD_MON] RD accepted item: rd_data=0x6ec6e7bc
UVM_INFO ../tb/rd_agent/async_fifo_rd_driver.sv(38) @ 880000: uvm_test_top.env.rd_agt.driver [ASYNC_FIFO_RD_DRV] RD Drive item: rd_en=0
UVM_INFO ../tb/wr_agent/async_fifo_wr_driver.sv(40) @ 880000: uvm_test_top.env.wr_agt.driver [ASYNC_FIFO_WR_DRV] WR Drive item: wr_en=0 wr_data=0x40153e33
UVM_INFO ../tb/wr_agent/async_fifo_wr_driver.sv(40) @ 890000: uvm_test_top.env.wr_agt.driver [ASYNC_FIFO_WR_DRV] WR Drive item: wr_en=1 wr_data=0xf166f184
UVM_INFO ../tb/env/async_fifo_scoreboard.sv(49) @ 895001: uvm_test_top.env.scb [ASYNC_FIFO_SCB] Model Push: 0xf166f184 depth=14
UVM_INFO ../tb/rd_agent/async_fifo_rd_driver.sv(38) @ 896000: uvm_test_top.env.rd_agt.driver [ASYNC_FIFO_RD_DRV] RD Drive item: rd_en=0
UVM_INFO ../tb/wr_agent/async_fifo_wr_driver.sv(40) @ 900000: uvm_test_top.env.wr_agt.driver [ASYNC_FIFO_WR_DRV] WR Drive item: wr_en=0 wr_data=0xc37d595c
UVM_INFO ../tb/wr_agent/async_fifo_wr_driver.sv(40) @ 910000: uvm_test_top.env.wr_agt.driver [ASYNC_FIFO_WR_DRV] WR Drive item: wr_en=0 wr_data=0x206fa019
UVM_INFO ../tb/rd_agent/async_fifo_rd_driver.sv(38) @ 912000: uvm_test_top.env.rd_agt.driver [ASYNC_FIFO_RD_DRV] RD Drive item: rd_en=0
UVM_INFO ../tb/wr_agent/async_fifo_wr_driver.sv(40) @ 920000: uvm_test_top.env.wr_agt.driver [ASYNC_FIFO_WR_DRV] WR Drive item: wr_en=0 wr_data=0x4a17f140
UVM_INFO ../tb/rd_agent/async_fifo_rd_driver.sv(38) @ 928000: uvm_test_top.env.rd_agt.driver [ASYNC_FIFO_RD_DRV] RD Drive item: rd_en=0
UVM_INFO ../tb/wr_agent/async_fifo_wr_driver.sv(40) @ 930000: uvm_test_top.env.wr_agt.driver [ASYNC_FIFO_WR_DRV] WR Drive item: wr_en=1 wr_data=0x47a8e144
UVM_INFO ../tb/env/async_fifo_scoreboard.sv(49) @ 935001: uvm_test_top.env.scb [ASYNC_FIFO_SCB] Model Push: 0x47a8e144 depth=15
UVM_INFO ../tb/wr_agent/async_fifo_wr_driver.sv(40) @ 940000: uvm_test_top.env.wr_agt.driver [ASYNC_FIFO_WR_DRV] WR Drive item: wr_en=0 wr_data=0xa460b1ca
UVM_INFO ../tb/rd_agent/async_fifo_rd_driver.sv(38) @ 944000: uvm_test_top.env.rd_agt.driver [ASYNC_FIFO_RD_DRV] RD Drive item: rd_en=1
UVM_INFO ../tb/wr_agent/async_fifo_wr_driver.sv(40) @ 950000: uvm_test_top.env.wr_agt.driver [ASYNC_FIFO_WR_DRV] WR Drive item: wr_en=0 wr_data=0x3ff5632d
UVM_INFO ../tb/rd_agent/async_fifo_rd_monitor.sv(69) @ 952001: uvm_test_top.env.rd_agt.monitor [ASYNC_FIFO_RD_MON] RD accepted item: rd_data=0x1c55e70a
UVM_INFO ../tb/rd_agent/async_fifo_rd_driver.sv(38) @ 960000: uvm_test_top.env.rd_agt.driver [ASYNC_FIFO_RD_DRV] RD Drive item: rd_en=1
UVM_INFO ../tb/wr_agent/async_fifo_wr_driver.sv(40) @ 960000: uvm_test_top.env.wr_agt.driver [ASYNC_FIFO_WR_DRV] WR Drive item: wr_en=0 wr_data=0x3984d600
UVM_INFO ../tb/rd_agent/async_fifo_rd_monitor.sv(69) @ 968001: uvm_test_top.env.rd_agt.monitor [ASYNC_FIFO_RD_MON] RD accepted item: rd_data=0xcf11c369
UVM_INFO ../tb/wr_agent/async_fifo_wr_driver.sv(40) @ 970000: uvm_test_top.env.wr_agt.driver [ASYNC_FIFO_WR_DRV] WR Drive item: wr_en=0 wr_data=0x8348cd1d
UVM_INFO ../tb/rd_agent/async_fifo_rd_driver.sv(38) @ 976000: uvm_test_top.env.rd_agt.driver [ASYNC_FIFO_RD_DRV] RD Drive item: rd_en=1
UVM_INFO ../tb/wr_agent/async_fifo_wr_driver.sv(40) @ 980000: uvm_test_top.env.wr_agt.driver [ASYNC_FIFO_WR_DRV] WR Drive item: wr_en=0 wr_data=0xe1b1849c
UVM_INFO ../tb/rd_agent/async_fifo_rd_monitor.sv(69) @ 984001: uvm_test_top.env.rd_agt.monitor [ASYNC_FIFO_RD_MON] RD accepted item: rd_data=0x93a52afb
UVM_INFO ../tb/wr_agent/async_fifo_wr_driver.sv(40) @ 990000: uvm_test_top.env.wr_agt.driver [ASYNC_FIFO_WR_DRV] WR Drive item: wr_en=0 wr_data=0xa956c03
UVM_INFO ../tb/rd_agent/async_fifo_rd_driver.sv(38) @ 992000: uvm_test_top.env.rd_agt.driver [ASYNC_FIFO_RD_DRV] RD Drive item: rd_en=1
UVM_INFO ../tb/wr_agent/async_fifo_wr_driver.sv(40) @ 1000000: uvm_test_top.env.wr_agt.driver [ASYNC_FIFO_WR_DRV] WR Drive item: wr_en=0 wr_data=0xddce74b4
UVM_INFO ../tb/rd_agent/async_fifo_rd_monitor.sv(69) @ 1000001: uvm_test_top.env.rd_agt.monitor [ASYNC_FIFO_RD_MON] RD accepted item: rd_data=0xd1df5879
UVM_INFO ../tb/rd_agent/async_fifo_rd_driver.sv(38) @ 1008000: uvm_test_top.env.rd_agt.driver [ASYNC_FIFO_RD_DRV] RD Drive item: rd_en=1
UVM_INFO ../tb/wr_agent/async_fifo_wr_driver.sv(40) @ 1010000: uvm_test_top.env.wr_agt.driver [ASYNC_FIFO_WR_DRV] WR Drive item: wr_en=1 wr_data=0x9d92cb7e
UVM_INFO ../tb/env/async_fifo_scoreboard.sv(49) @ 1015001: uvm_test_top.env.scb [ASYNC_FIFO_SCB] Model Push: 0x9d92cb7e depth=12
UVM_INFO ../tb/rd_agent/async_fifo_rd_monitor.sv(69) @ 1016001: uvm_test_top.env.rd_agt.monitor [ASYNC_FIFO_RD_MON] RD accepted item: rd_data=0x68db192
UVM_INFO ../tb/wr_agent/async_fifo_wr_driver.sv(40) @ 1020000: uvm_test_top.env.wr_agt.driver [ASYNC_FIFO_WR_DRV] WR Drive item: wr_en=0 wr_data=0x2434df6
UVM_INFO ../tb/rd_agent/async_fifo_rd_driver.sv(38) @ 1024000: uvm_test_top.env.rd_agt.driver [ASYNC_FIFO_RD_DRV] RD Drive item: rd_en=1
UVM_INFO ../tb/wr_agent/async_fifo_wr_driver.sv(40) @ 1030000: uvm_test_top.env.wr_agt.driver [ASYNC_FIFO_WR_DRV] WR Drive item: wr_en=0 wr_data=0xe64262d4
UVM_INFO ../tb/rd_agent/async_fifo_rd_monitor.sv(69) @ 1032001: uvm_test_top.env.rd_agt.monitor [ASYNC_FIFO_RD_MON] RD accepted item: rd_data=0x3577cc88
UVM_INFO ../tb/rd_agent/async_fifo_rd_driver.sv(38) @ 1040000: uvm_test_top.env.rd_agt.driver [ASYNC_FIFO_RD_DRV] RD Drive item: rd_en=1
UVM_INFO ../tb/wr_agent/async_fifo_wr_driver.sv(40) @ 1040000: uvm_test_top.env.wr_agt.driver [ASYNC_FIFO_WR_DRV] WR Drive item: wr_en=0 wr_data=0xf1dd3fee
UVM_INFO ../tb/rd_agent/async_fifo_rd_monitor.sv(69) @ 1048001: uvm_test_top.env.rd_agt.monitor [ASYNC_FIFO_RD_MON] RD accepted item: rd_data=0xeff0fc38
UVM_INFO ../tb/wr_agent/async_fifo_wr_driver.sv(40) @ 1050000: uvm_test_top.env.wr_agt.driver [ASYNC_FIFO_WR_DRV] WR Drive item: wr_en=1 wr_data=0x50456042
UVM_INFO ../tb/env/async_fifo_scoreboard.sv(49) @ 1055001: uvm_test_top.env.scb [ASYNC_FIFO_SCB] Model Push: 0x50456042 depth=10
UVM_INFO ../tb/rd_agent/async_fifo_rd_driver.sv(38) @ 1056000: uvm_test_top.env.rd_agt.driver [ASYNC_FIFO_RD_DRV] RD Drive item: rd_en=0
UVM_INFO ../tb/wr_agent/async_fifo_wr_driver.sv(40) @ 1060000: uvm_test_top.env.wr_agt.driver [ASYNC_FIFO_WR_DRV] WR Drive item: wr_en=0 wr_data=0x5b3baa6c
UVM_INFO ../tb/wr_agent/async_fifo_wr_driver.sv(40) @ 1070000: uvm_test_top.env.wr_agt.driver [ASYNC_FIFO_WR_DRV] WR Drive item: wr_en=0 wr_data=0x7ee384b7
UVM_INFO ../tb/rd_agent/async_fifo_rd_driver.sv(38) @ 1072000: uvm_test_top.env.rd_agt.driver [ASYNC_FIFO_RD_DRV] RD Drive item: rd_en=1
UVM_INFO ../tb/wr_agent/async_fifo_wr_driver.sv(40) @ 1080000: uvm_test_top.env.wr_agt.driver [ASYNC_FIFO_WR_DRV] WR Drive item: wr_en=1 wr_data=0x41a2db8e
UVM_INFO ../tb/rd_agent/async_fifo_rd_monitor.sv(69) @ 1080001: uvm_test_top.env.rd_agt.monitor [ASYNC_FIFO_RD_MON] RD accepted item: rd_data=0xbd224546
UVM_INFO ../tb/env/async_fifo_scoreboard.sv(49) @ 1085001: uvm_test_top.env.scb [ASYNC_FIFO_SCB] Model Push: 0x41a2db8e depth=10
UVM_INFO ../tb/rd_agent/async_fifo_rd_driver.sv(38) @ 1088000: uvm_test_top.env.rd_agt.driver [ASYNC_FIFO_RD_DRV] RD Drive item: rd_en=1
UVM_INFO ../tb/wr_agent/async_fifo_wr_driver.sv(40) @ 1090000: uvm_test_top.env.wr_agt.driver [ASYNC_FIFO_WR_DRV] WR Drive item: wr_en=0 wr_data=0x214be52a
UVM_INFO ../tb/rd_agent/async_fifo_rd_monitor.sv(69) @ 1096001: uvm_test_top.env.rd_agt.monitor [ASYNC_FIFO_RD_MON] RD accepted item: rd_data=0x934aa84
UVM_INFO ../tb/wr_agent/async_fifo_wr_driver.sv(40) @ 1100000: uvm_test_top.env.wr_agt.driver [ASYNC_FIFO_WR_DRV] WR Drive item: wr_en=1 wr_data=0xfb4bd6f2
UVM_INFO ../tb/rd_agent/async_fifo_rd_driver.sv(38) @ 1104000: uvm_test_top.env.rd_agt.driver [ASYNC_FIFO_RD_DRV] RD Drive item: rd_en=1
UVM_INFO ../tb/env/async_fifo_scoreboard.sv(49) @ 1105001: uvm_test_top.env.scb [ASYNC_FIFO_SCB] Model Push: 0xfb4bd6f2 depth=10
UVM_INFO ../tb/wr_agent/async_fifo_wr_driver.sv(40) @ 1110000: uvm_test_top.env.wr_agt.driver [ASYNC_FIFO_WR_DRV] WR Drive item: wr_en=0 wr_data=0xf9f86ba1
UVM_INFO ../tb/rd_agent/async_fifo_rd_monitor.sv(69) @ 1112001: uvm_test_top.env.rd_agt.monitor [ASYNC_FIFO_RD_MON] RD accepted item: rd_data=0x8f120b85
UVM_INFO ../tb/rd_agent/async_fifo_rd_driver.sv(38) @ 1120000: uvm_test_top.env.rd_agt.driver [ASYNC_FIFO_RD_DRV] RD Drive item: rd_en=1
UVM_INFO ../tb/wr_agent/async_fifo_wr_driver.sv(40) @ 1120000: uvm_test_top.env.wr_agt.driver [ASYNC_FIFO_WR_DRV] WR Drive item: wr_en=0 wr_data=0x67109a06
UVM_INFO ../tb/rd_agent/async_fifo_rd_monitor.sv(69) @ 1128001: uvm_test_top.env.rd_agt.monitor [ASYNC_FIFO_RD_MON] RD accepted item: rd_data=0x9723b568
UVM_INFO ../tb/wr_agent/async_fifo_wr_driver.sv(40) @ 1130000: uvm_test_top.env.wr_agt.driver [ASYNC_FIFO_WR_DRV] WR Drive item: wr_en=1 wr_data=0x2345aa6b
UVM_INFO ../tb/env/async_fifo_scoreboard.sv(49) @ 1135001: uvm_test_top.env.scb [ASYNC_FIFO_SCB] Model Push: 0x2345aa6b depth=9
UVM_INFO ../tb/rd_agent/async_fifo_rd_driver.sv(38) @ 1136000: uvm_test_top.env.rd_agt.driver [ASYNC_FIFO_RD_DRV] RD Drive item: rd_en=0
UVM_INFO ../tb/wr_agent/async_fifo_wr_driver.sv(40) @ 1140000: uvm_test_top.env.wr_agt.driver [ASYNC_FIFO_WR_DRV] WR Drive item: wr_en=1 wr_data=0xfafb5ef0
UVM_INFO ../tb/env/async_fifo_scoreboard.sv(49) @ 1145001: uvm_test_top.env.scb [ASYNC_FIFO_SCB] Model Push: 0xfafb5ef0 depth=10
UVM_INFO ../tb/wr_agent/async_fifo_wr_driver.sv(40) @ 1150000: uvm_test_top.env.wr_agt.driver [ASYNC_FIFO_WR_DRV] WR Drive item: wr_en=1 wr_data=0x15a53893
UVM_INFO ../tb/rd_agent/async_fifo_rd_driver.sv(38) @ 1152000: uvm_test_top.env.rd_agt.driver [ASYNC_FIFO_RD_DRV] RD Drive item: rd_en=0
UVM_INFO ../tb/env/async_fifo_scoreboard.sv(49) @ 1155001: uvm_test_top.env.scb [ASYNC_FIFO_SCB] Model Push: 0x15a53893 depth=11
UVM_INFO ../tb/wr_agent/async_fifo_wr_driver.sv(40) @ 1160000: uvm_test_top.env.wr_agt.driver [ASYNC_FIFO_WR_DRV] WR Drive item: wr_en=1 wr_data=0xc14862d2
UVM_INFO ../tb/env/async_fifo_scoreboard.sv(49) @ 1165001: uvm_test_top.env.scb [ASYNC_FIFO_SCB] Model Push: 0xc14862d2 depth=12
UVM_INFO ../tb/rd_agent/async_fifo_rd_driver.sv(38) @ 1168000: uvm_test_top.env.rd_agt.driver [ASYNC_FIFO_RD_DRV] RD Drive item: rd_en=1
UVM_INFO ../tb/wr_agent/async_fifo_wr_driver.sv(40) @ 1170000: uvm_test_top.env.wr_agt.driver [ASYNC_FIFO_WR_DRV] WR Drive item: wr_en=1 wr_data=0x5f4d8af0
UVM_INFO ../tb/env/async_fifo_scoreboard.sv(49) @ 1175001: uvm_test_top.env.scb [ASYNC_FIFO_SCB] Model Push: 0x5f4d8af0 depth=13
UVM_INFO ../tb/rd_agent/async_fifo_rd_monitor.sv(69) @ 1176001: uvm_test_top.env.rd_agt.monitor [ASYNC_FIFO_RD_MON] RD accepted item: rd_data=0xecaa3e2b
UVM_INFO ../tb/wr_agent/async_fifo_wr_driver.sv(40) @ 1180000: uvm_test_top.env.wr_agt.driver [ASYNC_FIFO_WR_DRV] WR Drive item: wr_en=1 wr_data=0x3d7e7897
UVM_INFO ../tb/rd_agent/async_fifo_rd_driver.sv(38) @ 1184000: uvm_test_top.env.rd_agt.driver [ASYNC_FIFO_RD_DRV] RD Drive item: rd_en=0
UVM_INFO ../tb/env/async_fifo_scoreboard.sv(49) @ 1185001: uvm_test_top.env.scb [ASYNC_FIFO_SCB] Model Push: 0x3d7e7897 depth=13
UVM_INFO ../tb/wr_agent/async_fifo_wr_driver.sv(40) @ 1190000: uvm_test_top.env.wr_agt.driver [ASYNC_FIFO_WR_DRV] WR Drive item: wr_en=1 wr_data=0xf106378f
UVM_INFO ../tb/env/async_fifo_scoreboard.sv(49) @ 1195001: uvm_test_top.env.scb [ASYNC_FIFO_SCB] Model Push: 0xf106378f depth=14
UVM_INFO ../tb/rd_agent/async_fifo_rd_driver.sv(38) @ 1200000: uvm_test_top.env.rd_agt.driver [ASYNC_FIFO_RD_DRV] RD Drive item: rd_en=0
UVM_INFO ../tb/wr_agent/async_fifo_wr_driver.sv(40) @ 1200000: uvm_test_top.env.wr_agt.driver [ASYNC_FIFO_WR_DRV] WR Drive item: wr_en=1 wr_data=0xc114c821
UVM_INFO ../tb/env/async_fifo_scoreboard.sv(49) @ 1205001: uvm_test_top.env.scb [ASYNC_FIFO_SCB] Model Push: 0xc114c821 depth=15
UVM_INFO ../tb/wr_agent/async_fifo_wr_driver.sv(40) @ 1210000: uvm_test_top.env.wr_agt.driver [ASYNC_FIFO_WR_DRV] WR Drive item: wr_en=1 wr_data=0xdd4f82a
UVM_INFO ../tb/env/async_fifo_scoreboard.sv(49) @ 1215001: uvm_test_top.env.scb [ASYNC_FIFO_SCB] Model Push: 0xdd4f82a depth=16
UVM_INFO ../tb/rd_agent/async_fifo_rd_driver.sv(38) @ 1216000: uvm_test_top.env.rd_agt.driver [ASYNC_FIFO_RD_DRV] RD Drive item: rd_en=0
UVM_INFO ../tb/wr_agent/async_fifo_wr_driver.sv(40) @ 1220000: uvm_test_top.env.wr_agt.driver [ASYNC_FIFO_WR_DRV] WR Drive item: wr_en=1 wr_data=0x3f9f5938
UVM_INFO ../tb/env/async_fifo_scoreboard.sv(55) @ 1225001: uvm_test_top.env.scb [ASYNC_FIFO_SCB] Write ignored because write side was full before edge
UVM_INFO ../tb/wr_agent/async_fifo_wr_driver.sv(40) @ 1230000: uvm_test_top.env.wr_agt.driver [ASYNC_FIFO_WR_DRV] WR Drive item: wr_en=1 wr_data=0x93f00032
UVM_INFO ../tb/rd_agent/async_fifo_rd_driver.sv(38) @ 1232000: uvm_test_top.env.rd_agt.driver [ASYNC_FIFO_RD_DRV] RD Drive item: rd_en=1
UVM_INFO ../tb/env/async_fifo_scoreboard.sv(55) @ 1235001: uvm_test_top.env.scb [ASYNC_FIFO_SCB] Write ignored because write side was full before edge
UVM_INFO ../tb/wr_agent/async_fifo_wr_driver.sv(40) @ 1240000: uvm_test_top.env.wr_agt.driver [ASYNC_FIFO_WR_DRV] WR Drive item: wr_en=1 wr_data=0xaac99305
UVM_INFO ../tb/rd_agent/async_fifo_rd_monitor.sv(69) @ 1240001: uvm_test_top.env.rd_agt.monitor [ASYNC_FIFO_RD_MON] RD accepted item: rd_data=0xb5da823a
UVM_INFO ../tb/env/async_fifo_scoreboard.sv(55) @ 1245001: uvm_test_top.env.scb [ASYNC_FIFO_SCB] Write ignored because write side was full before edge
UVM_INFO ../tb/rd_agent/async_fifo_rd_driver.sv(38) @ 1248000: uvm_test_top.env.rd_agt.driver [ASYNC_FIFO_RD_DRV] RD Drive item: rd_en=1
UVM_INFO ../tb/wr_agent/async_fifo_wr_driver.sv(40) @ 1250000: uvm_test_top.env.wr_agt.driver [ASYNC_FIFO_WR_DRV] WR Drive item: wr_en=1 wr_data=0x53078147
UVM_INFO ../tb/env/async_fifo_scoreboard.sv(55) @ 1255001: uvm_test_top.env.scb [ASYNC_FIFO_SCB] Write ignored because write side was full before edge
UVM_INFO ../tb/rd_agent/async_fifo_rd_monitor.sv(69) @ 1256001: uvm_test_top.env.rd_agt.monitor [ASYNC_FIFO_RD_MON] RD accepted item: rd_data=0xf166f184
UVM_INFO ../tb/wr_agent/async_fifo_wr_driver.sv(40) @ 1260000: uvm_test_top.env.wr_agt.driver [ASYNC_FIFO_WR_DRV] WR Drive item: wr_en=1 wr_data=0xb94e4d06
UVM_INFO ../tb/rd_agent/async_fifo_rd_driver.sv(38) @ 1264000: uvm_test_top.env.rd_agt.driver [ASYNC_FIFO_RD_DRV] RD Drive item: rd_en=1
UVM_INFO ../tb/env/async_fifo_scoreboard.sv(55) @ 1265001: uvm_test_top.env.scb [ASYNC_FIFO_SCB] Write ignored because write side was full before edge
UVM_INFO ../tb/wr_agent/async_fifo_wr_driver.sv(40) @ 1270000: uvm_test_top.env.wr_agt.driver [ASYNC_FIFO_WR_DRV] WR Drive item: wr_en=1 wr_data=0x583252d7
UVM_INFO ../tb/rd_agent/async_fifo_rd_monitor.sv(69) @ 1272001: uvm_test_top.env.rd_agt.monitor [ASYNC_FIFO_RD_MON] RD accepted item: rd_data=0x47a8e144
UVM_INFO ../tb/env/async_fifo_scoreboard.sv(49) @ 1275001: uvm_test_top.env.scb [ASYNC_FIFO_SCB] Model Push: 0x583252d7 depth=14
UVM_INFO ../tb/rd_agent/async_fifo_rd_driver.sv(38) @ 1280000: uvm_test_top.env.rd_agt.driver [ASYNC_FIFO_RD_DRV] RD Drive item: rd_en=1
UVM_INFO ../tb/wr_agent/async_fifo_wr_driver.sv(40) @ 1280000: uvm_test_top.env.wr_agt.driver [ASYNC_FIFO_WR_DRV] WR Drive item: wr_en=1 wr_data=0xd928ae94
UVM_INFO ../tb/env/async_fifo_scoreboard.sv(55) @ 1285001: uvm_test_top.env.scb [ASYNC_FIFO_SCB] Write ignored because write side was full before edge
UVM_INFO ../tb/rd_agent/async_fifo_rd_monitor.sv(69) @ 1288001: uvm_test_top.env.rd_agt.monitor [ASYNC_FIFO_RD_MON] RD accepted item: rd_data=0x9d92cb7e
UVM_INFO ../tb/wr_agent/async_fifo_wr_driver.sv(40) @ 1290000: uvm_test_top.env.wr_agt.driver [ASYNC_FIFO_WR_DRV] WR Drive item: wr_en=1 wr_data=0x20a07ac
UVM_INFO ../tb/env/async_fifo_scoreboard.sv(49) @ 1295001: uvm_test_top.env.scb [ASYNC_FIFO_SCB] Model Push: 0x20a07ac depth=14
UVM_INFO ../tb/rd_agent/async_fifo_rd_driver.sv(38) @ 1296000: uvm_test_top.env.rd_agt.driver [ASYNC_FIFO_RD_DRV] RD Drive item: rd_en=0
UVM_INFO ../tb/wr_agent/async_fifo_wr_driver.sv(40) @ 1300000: uvm_test_top.env.wr_agt.driver [ASYNC_FIFO_WR_DRV] WR Drive item: wr_en=1 wr_data=0x3a173931
UVM_INFO ../tb/env/async_fifo_scoreboard.sv(49) @ 1305001: uvm_test_top.env.scb [ASYNC_FIFO_SCB] Model Push: 0x3a173931 depth=15
UVM_INFO ../tb/wr_agent/async_fifo_wr_driver.sv(40) @ 1310000: uvm_test_top.env.wr_agt.driver [ASYNC_FIFO_WR_DRV] WR Drive item: wr_en=1 wr_data=0xab1e4837
UVM_INFO ../tb/rd_agent/async_fifo_rd_driver.sv(38) @ 1312000: uvm_test_top.env.rd_agt.driver [ASYNC_FIFO_RD_DRV] RD Drive item: rd_en=1
UVM_INFO ../tb/env/async_fifo_scoreboard.sv(55) @ 1315001: uvm_test_top.env.scb [ASYNC_FIFO_SCB] Write ignored because write side was full before edge
UVM_INFO ../tb/wr_agent/async_fifo_wr_driver.sv(40) @ 1320000: uvm_test_top.env.wr_agt.driver [ASYNC_FIFO_WR_DRV] WR Drive item: wr_en=1 wr_data=0x5a172ce1
UVM_INFO ../tb/rd_agent/async_fifo_rd_monitor.sv(69) @ 1320001: uvm_test_top.env.rd_agt.monitor [ASYNC_FIFO_RD_MON] RD accepted item: rd_data=0x50456042
UVM_INFO ../tb/env/async_fifo_scoreboard.sv(49) @ 1325001: uvm_test_top.env.scb [ASYNC_FIFO_SCB] Model Push: 0x5a172ce1 depth=15
UVM_INFO ../tb/rd_agent/async_fifo_rd_driver.sv(38) @ 1328000: uvm_test_top.env.rd_agt.driver [ASYNC_FIFO_RD_DRV] RD Drive item: rd_en=0
UVM_INFO ../tb/wr_agent/async_fifo_wr_driver.sv(40) @ 1330000: uvm_test_top.env.wr_agt.driver [ASYNC_FIFO_WR_DRV] WR Drive item: wr_en=1 wr_data=0x666e0509
UVM_INFO ../tb/env/async_fifo_scoreboard.sv(55) @ 1335001: uvm_test_top.env.scb [ASYNC_FIFO_SCB] Write ignored because write side was full before edge
UVM_INFO ../tb/wr_agent/async_fifo_wr_driver.sv(40) @ 1340000: uvm_test_top.env.wr_agt.driver [ASYNC_FIFO_WR_DRV] WR Drive item: wr_en=1 wr_data=0x3250d5ef
UVM_INFO ../tb/rd_agent/async_fifo_rd_driver.sv(38) @ 1344000: uvm_test_top.env.rd_agt.driver [ASYNC_FIFO_RD_DRV] RD Drive item: rd_en=1
UVM_INFO ../tb/env/async_fifo_scoreboard.sv(55) @ 1345001: uvm_test_top.env.scb [ASYNC_FIFO_SCB] Write ignored because write side was full before edge
UVM_INFO ../tb/wr_agent/async_fifo_wr_driver.sv(40) @ 1350000: uvm_test_top.env.wr_agt.driver [ASYNC_FIFO_WR_DRV] WR Drive item: wr_en=1 wr_data=0x69efe6
UVM_INFO ../tb/rd_agent/async_fifo_rd_monitor.sv(69) @ 1352001: uvm_test_top.env.rd_agt.monitor [ASYNC_FIFO_RD_MON] RD accepted item: rd_data=0x41a2db8e
UVM_INFO ../tb/env/async_fifo_scoreboard.sv(49) @ 1355001: uvm_test_top.env.scb [ASYNC_FIFO_SCB] Model Push: 0x69efe6 depth=15
UVM_INFO ../tb/rd_agent/async_fifo_rd_driver.sv(38) @ 1360000: uvm_test_top.env.rd_agt.driver [ASYNC_FIFO_RD_DRV] RD Drive item: rd_en=0
UVM_INFO ../tb/wr_agent/async_fifo_wr_driver.sv(40) @ 1360000: uvm_test_top.env.wr_agt.driver [ASYNC_FIFO_WR_DRV] WR Drive item: wr_en=1 wr_data=0xafcfd64a
UVM_INFO ../tb/env/async_fifo_scoreboard.sv(55) @ 1365001: uvm_test_top.env.scb [ASYNC_FIFO_SCB] Write ignored because write side was full before edge
UVM_INFO ../tb/wr_agent/async_fifo_wr_driver.sv(40) @ 1370000: uvm_test_top.env.wr_agt.driver [ASYNC_FIFO_WR_DRV] WR Drive item: wr_en=1 wr_data=0xaea9635e
UVM_INFO ../tb/env/async_fifo_scoreboard.sv(55) @ 1375001: uvm_test_top.env.scb [ASYNC_FIFO_SCB] Write ignored because write side was full before edge
UVM_INFO ../tb/rd_agent/async_fifo_rd_driver.sv(38) @ 1376000: uvm_test_top.env.rd_agt.driver [ASYNC_FIFO_RD_DRV] RD Drive item: rd_en=1
UVM_INFO ../tb/wr_agent/async_fifo_wr_driver.sv(40) @ 1380000: uvm_test_top.env.wr_agt.driver [ASYNC_FIFO_WR_DRV] WR Drive item: wr_en=1 wr_data=0xcb02c0ac
UVM_INFO ../tb/rd_agent/async_fifo_rd_monitor.sv(69) @ 1384001: uvm_test_top.env.rd_agt.monitor [ASYNC_FIFO_RD_MON] RD accepted item: rd_data=0xfb4bd6f2
UVM_INFO ../tb/env/async_fifo_scoreboard.sv(49) @ 1385001: uvm_test_top.env.scb [ASYNC_FIFO_SCB] Model Push: 0xcb02c0ac depth=15
UVM_INFO ../tb/wr_agent/async_fifo_wr_driver.sv(40) @ 1390000: uvm_test_top.env.wr_agt.driver [ASYNC_FIFO_WR_DRV] WR Drive item: wr_en=1 wr_data=0xf0286667
UVM_INFO ../tb/rd_agent/async_fifo_rd_driver.sv(38) @ 1392000: uvm_test_top.env.rd_agt.driver [ASYNC_FIFO_RD_DRV] RD Drive item: rd_en=0
UVM_INFO ../tb/env/async_fifo_scoreboard.sv(55) @ 1395001: uvm_test_top.env.scb [ASYNC_FIFO_SCB] Write ignored because write side was full before edge
UVM_INFO ../tb/wr_agent/async_fifo_wr_driver.sv(40) @ 1400000: uvm_test_top.env.wr_agt.driver [ASYNC_FIFO_WR_DRV] WR Drive item: wr_en=1 wr_data=0x8434c40a
UVM_INFO ../tb/env/async_fifo_scoreboard.sv(55) @ 1405001: uvm_test_top.env.scb [ASYNC_FIFO_SCB] Write ignored because write side was full before edge
UVM_INFO ../tb/rd_agent/async_fifo_rd_driver.sv(38) @ 1408000: uvm_test_top.env.rd_agt.driver [ASYNC_FIFO_RD_DRV] RD Drive item: rd_en=0
UVM_INFO ../tb/wr_agent/async_fifo_wr_driver.sv(40) @ 1410000: uvm_test_top.env.wr_agt.driver [ASYNC_FIFO_WR_DRV] WR Drive item: wr_en=1 wr_data=0x4fc02650
UVM_INFO ../tb/env/async_fifo_scoreboard.sv(49) @ 1415001: uvm_test_top.env.scb [ASYNC_FIFO_SCB] Model Push: 0x4fc02650 depth=16
UVM_INFO ../tb/wr_agent/async_fifo_wr_driver.sv(40) @ 1420000: uvm_test_top.env.wr_agt.driver [ASYNC_FIFO_WR_DRV] WR Drive item: wr_en=1 wr_data=0x9a57b4cd
UVM_INFO ../tb/rd_agent/async_fifo_rd_driver.sv(38) @ 1424000: uvm_test_top.env.rd_agt.driver [ASYNC_FIFO_RD_DRV] RD Drive item: rd_en=0
UVM_INFO ../tb/env/async_fifo_scoreboard.sv(55) @ 1425001: uvm_test_top.env.scb [ASYNC_FIFO_SCB] Write ignored because write side was full before edge
UVM_INFO ../tb/wr_agent/async_fifo_wr_driver.sv(40) @ 1430000: uvm_test_top.env.wr_agt.driver [ASYNC_FIFO_WR_DRV] WR Drive item: wr_en=1 wr_data=0x53cf545a
UVM_INFO ../tb/env/async_fifo_scoreboard.sv(55) @ 1435001: uvm_test_top.env.scb [ASYNC_FIFO_SCB] Write ignored because write side was full before edge
UVM_INFO ../tb/rd_agent/async_fifo_rd_driver.sv(38) @ 1440000: uvm_test_top.env.rd_agt.driver [ASYNC_FIFO_RD_DRV] RD Drive item: rd_en=1
UVM_INFO ../tb/wr_agent/async_fifo_wr_driver.sv(40) @ 1440000: uvm_test_top.env.wr_agt.driver [ASYNC_FIFO_WR_DRV] WR Drive item: wr_en=1 wr_data=0xb6f17e66
UVM_INFO ../tb/env/async_fifo_scoreboard.sv(55) @ 1445001: uvm_test_top.env.scb [ASYNC_FIFO_SCB] Write ignored because write side was full before edge
UVM_INFO ../tb/rd_agent/async_fifo_rd_monitor.sv(69) @ 1448001: uvm_test_top.env.rd_agt.monitor [ASYNC_FIFO_RD_MON] RD accepted item: rd_data=0x2345aa6b
UVM_INFO ../tb/wr_agent/async_fifo_wr_driver.sv(40) @ 1450000: uvm_test_top.env.wr_agt.driver [ASYNC_FIFO_WR_DRV] WR Drive item: wr_en=1 wr_data=0xfd227b93
UVM_INFO ../tb/env/async_fifo_scoreboard.sv(55) @ 1455001: uvm_test_top.env.scb [ASYNC_FIFO_SCB] Write ignored because write side was full before edge
UVM_INFO ../tb/rd_agent/async_fifo_rd_driver.sv(38) @ 1456000: uvm_test_top.env.rd_agt.driver [ASYNC_FIFO_RD_DRV] RD Drive item: rd_en=1
UVM_INFO ../tb/wr_agent/async_fifo_wr_driver.sv(40) @ 1460000: uvm_test_top.env.wr_agt.driver [ASYNC_FIFO_WR_DRV] WR Drive item: wr_en=1 wr_data=0xba2345dc
UVM_INFO ../tb/rd_agent/async_fifo_rd_monitor.sv(69) @ 1464001: uvm_test_top.env.rd_agt.monitor [ASYNC_FIFO_RD_MON] RD accepted item: rd_data=0xfafb5ef0
UVM_INFO ../tb/env/async_fifo_scoreboard.sv(55) @ 1465001: uvm_test_top.env.scb [ASYNC_FIFO_SCB] Write ignored because write side was full before edge
UVM_INFO ../tb/wr_agent/async_fifo_wr_driver.sv(40) @ 1470000: uvm_test_top.env.wr_agt.driver [ASYNC_FIFO_WR_DRV] WR Drive item: wr_en=1 wr_data=0x8d9e9695
UVM_INFO ../tb/rd_agent/async_fifo_rd_driver.sv(38) @ 1472000: uvm_test_top.env.rd_agt.driver [ASYNC_FIFO_RD_DRV] RD Drive item: rd_en=0
UVM_INFO ../tb/env/async_fifo_scoreboard.sv(55) @ 1475001: uvm_test_top.env.scb [ASYNC_FIFO_SCB] Write ignored because write side was full before edge
UVM_INFO ../tb/wr_agent/async_fifo_wr_driver.sv(40) @ 1480000: uvm_test_top.env.wr_agt.driver [ASYNC_FIFO_WR_DRV] WR Drive item: wr_en=1 wr_data=0xa631442a
UVM_INFO ../tb/env/async_fifo_scoreboard.sv(49) @ 1485001: uvm_test_top.env.scb [ASYNC_FIFO_SCB] Model Push: 0xa631442a depth=15
UVM_INFO ../tb/rd_agent/async_fifo_rd_driver.sv(38) @ 1488000: uvm_test_top.env.rd_agt.driver [ASYNC_FIFO_RD_DRV] RD Drive item: rd_en=1
UVM_INFO ../tb/wr_agent/async_fifo_wr_driver.sv(40) @ 1490000: uvm_test_top.env.wr_agt.driver [ASYNC_FIFO_WR_DRV] WR Drive item: wr_en=1 wr_data=0xf9707e3f
UVM_INFO ../tb/env/async_fifo_scoreboard.sv(49) @ 1495001: uvm_test_top.env.scb [ASYNC_FIFO_SCB] Model Push: 0xf9707e3f depth=16
UVM_INFO ../tb/rd_agent/async_fifo_rd_monitor.sv(69) @ 1496001: uvm_test_top.env.rd_agt.monitor [ASYNC_FIFO_RD_MON] RD accepted item: rd_data=0x15a53893
UVM_INFO ../tb/wr_agent/async_fifo_wr_driver.sv(40) @ 1500000: uvm_test_top.env.wr_agt.driver [ASYNC_FIFO_WR_DRV] WR Drive item: wr_en=1 wr_data=0x1e75c285
UVM_INFO ../tb/rd_agent/async_fifo_rd_driver.sv(38) @ 1504000: uvm_test_top.env.rd_agt.driver [ASYNC_FIFO_RD_DRV] RD Drive item: rd_en=0
UVM_INFO ../tb/env/async_fifo_scoreboard.sv(55) @ 1505001: uvm_test_top.env.scb [ASYNC_FIFO_SCB] Write ignored because write side was full before edge
UVM_INFO ../tb/wr_agent/async_fifo_wr_driver.sv(40) @ 1510000: uvm_test_top.env.wr_agt.driver [ASYNC_FIFO_WR_DRV] WR Drive item: wr_en=1 wr_data=0x5b50214a
UVM_INFO ../tb/env/async_fifo_scoreboard.sv(55) @ 1515001: uvm_test_top.env.scb [ASYNC_FIFO_SCB] Write ignored because write side was full before edge
UVM_INFO ../tb/rd_agent/async_fifo_rd_driver.sv(38) @ 1520000: uvm_test_top.env.rd_agt.driver [ASYNC_FIFO_RD_DRV] RD Drive item: rd_en=1
UVM_INFO ../tb/wr_agent/async_fifo_wr_driver.sv(40) @ 1520000: uvm_test_top.env.wr_agt.driver [ASYNC_FIFO_WR_DRV] WR Drive item: wr_en=1 wr_data=0x3f361584
UVM_INFO ../tb/env/async_fifo_scoreboard.sv(55) @ 1525001: uvm_test_top.env.scb [ASYNC_FIFO_SCB] Write ignored because write side was full before edge
UVM_INFO ../tb/rd_agent/async_fifo_rd_monitor.sv(69) @ 1528001: uvm_test_top.env.rd_agt.monitor [ASYNC_FIFO_RD_MON] RD accepted item: rd_data=0xc14862d2
UVM_INFO ../tb/wr_agent/async_fifo_wr_driver.sv(40) @ 1530000: uvm_test_top.env.wr_agt.driver [ASYNC_FIFO_WR_DRV] WR Drive item: wr_en=1 wr_data=0x6545dbbf
UVM_INFO ../tb/env/async_fifo_scoreboard.sv(49) @ 1535001: uvm_test_top.env.scb [ASYNC_FIFO_SCB] Model Push: 0x6545dbbf depth=15
UVM_INFO ../tb/rd_agent/async_fifo_rd_driver.sv(38) @ 1536000: uvm_test_top.env.rd_agt.driver [ASYNC_FIFO_RD_DRV] RD Drive item: rd_en=1
UVM_INFO ../tb/wr_agent/async_fifo_wr_driver.sv(40) @ 1540000: uvm_test_top.env.wr_agt.driver [ASYNC_FIFO_WR_DRV] WR Drive item: wr_en=1 wr_data=0x10025324
UVM_INFO ../tb/rd_agent/async_fifo_rd_monitor.sv(69) @ 1544001: uvm_test_top.env.rd_agt.monitor [ASYNC_FIFO_RD_MON] RD accepted item: rd_data=0x5f4d8af0
UVM_INFO ../tb/env/async_fifo_scoreboard.sv(55) @ 1545001: uvm_test_top.env.scb [ASYNC_FIFO_SCB] Write ignored because write side was full before edge
UVM_INFO ../tb/wr_agent/async_fifo_wr_driver.sv(40) @ 1550000: uvm_test_top.env.wr_agt.driver [ASYNC_FIFO_WR_DRV] WR Drive item: wr_en=1 wr_data=0x99bd4b51
UVM_INFO ../tb/rd_agent/async_fifo_rd_driver.sv(38) @ 1552000: uvm_test_top.env.rd_agt.driver [ASYNC_FIFO_RD_DRV] RD Drive item: rd_en=0
UVM_INFO ../tb/env/async_fifo_scoreboard.sv(55) @ 1555001: uvm_test_top.env.scb [ASYNC_FIFO_SCB] Write ignored because write side was full before edge
UVM_INFO ../tb/wr_agent/async_fifo_wr_driver.sv(40) @ 1560000: uvm_test_top.env.wr_agt.driver [ASYNC_FIFO_WR_DRV] WR Drive item: wr_en=1 wr_data=0x798eef57
UVM_INFO ../tb/env/async_fifo_scoreboard.sv(49) @ 1565001: uvm_test_top.env.scb [ASYNC_FIFO_SCB] Model Push: 0x798eef57 depth=15
UVM_INFO ../tb/rd_agent/async_fifo_rd_driver.sv(38) @ 1568000: uvm_test_top.env.rd_agt.driver [ASYNC_FIFO_RD_DRV] RD Drive item: rd_en=1
UVM_INFO ../tb/wr_agent/async_fifo_wr_driver.sv(40) @ 1570000: uvm_test_top.env.wr_agt.driver [ASYNC_FIFO_WR_DRV] WR Drive item: wr_en=1 wr_data=0x3b62092c
UVM_INFO ../tb/env/async_fifo_scoreboard.sv(49) @ 1575001: uvm_test_top.env.scb [ASYNC_FIFO_SCB] Model Push: 0x3b62092c depth=16
UVM_INFO ../tb/rd_agent/async_fifo_rd_monitor.sv(69) @ 1576001: uvm_test_top.env.rd_agt.monitor [ASYNC_FIFO_RD_MON] RD accepted item: rd_data=0x3d7e7897
UVM_INFO ../tb/wr_agent/async_fifo_wr_driver.sv(40) @ 1580000: uvm_test_top.env.wr_agt.driver [ASYNC_FIFO_WR_DRV] WR Drive item: wr_en=1 wr_data=0x3e2cfea7
UVM_INFO ../tb/rd_agent/async_fifo_rd_driver.sv(38) @ 1584000: uvm_test_top.env.rd_agt.driver [ASYNC_FIFO_RD_DRV] RD Drive item: rd_en=0
UVM_INFO ../tb/env/async_fifo_scoreboard.sv(55) @ 1585001: uvm_test_top.env.scb [ASYNC_FIFO_SCB] Write ignored because write side was full before edge
UVM_INFO ../tb/wr_agent/async_fifo_wr_driver.sv(40) @ 1590000: uvm_test_top.env.wr_agt.driver [ASYNC_FIFO_WR_DRV] WR Drive item: wr_en=1 wr_data=0x9fb8f65e
UVM_INFO ../tb/env/async_fifo_scoreboard.sv(55) @ 1595001: uvm_test_top.env.scb [ASYNC_FIFO_SCB] Write ignored because write side was full before edge
UVM_INFO ../tb/rd_agent/async_fifo_rd_driver.sv(38) @ 1600000: uvm_test_top.env.rd_agt.driver [ASYNC_FIFO_RD_DRV] RD Drive item: rd_en=0
UVM_INFO ../tb/wr_agent/async_fifo_wr_driver.sv(40) @ 1600000: uvm_test_top.env.wr_agt.driver [ASYNC_FIFO_WR_DRV] WR Drive item: wr_en=1 wr_data=0x6fbb5170
UVM_INFO ../tb/env/async_fifo_scoreboard.sv(55) @ 1605001: uvm_test_top.env.scb [ASYNC_FIFO_SCB] Write ignored because write side was full before edge
UVM_INFO ../tb/wr_agent/async_fifo_wr_driver.sv(40) @ 1610000: uvm_test_top.env.wr_agt.driver [ASYNC_FIFO_WR_DRV] WR Drive item: wr_en=1 wr_data=0xa9faa6cf
UVM_INFO ../tb/env/async_fifo_scoreboard.sv(49) @ 1615001: uvm_test_top.env.scb [ASYNC_FIFO_SCB] Model Push: 0xa9faa6cf depth=16
UVM_INFO ../tb/rd_agent/async_fifo_rd_driver.sv(38) @ 1616000: uvm_test_top.env.rd_agt.driver [ASYNC_FIFO_RD_DRV] RD Drive item: rd_en=1
UVM_INFO ../tb/wr_agent/async_fifo_wr_driver.sv(40) @ 1620000: uvm_test_top.env.wr_agt.driver [ASYNC_FIFO_WR_DRV] WR Drive item: wr_en=1 wr_data=0xe6913965
UVM_INFO ../tb/rd_agent/async_fifo_rd_monitor.sv(69) @ 1624001: uvm_test_top.env.rd_agt.monitor [ASYNC_FIFO_RD_MON] RD accepted item: rd_data=0xf106378f
UVM_INFO ../tb/env/async_fifo_scoreboard.sv(55) @ 1625001: uvm_test_top.env.scb [ASYNC_FIFO_SCB] Write ignored because write side was full before edge
UVM_INFO ../tb/wr_agent/async_fifo_wr_driver.sv(40) @ 1630000: uvm_test_top.env.wr_agt.driver [ASYNC_FIFO_WR_DRV] WR Drive item: wr_en=1 wr_data=0x6b0e3719
UVM_INFO ../tb/rd_agent/async_fifo_rd_driver.sv(38) @ 1632000: uvm_test_top.env.rd_agt.driver [ASYNC_FIFO_RD_DRV] RD Drive item: rd_en=0
UVM_INFO ../tb/env/async_fifo_scoreboard.sv(55) @ 1635001: uvm_test_top.env.scb [ASYNC_FIFO_SCB] Write ignored because write side was full before edge
UVM_INFO ../tb/wr_agent/async_fifo_wr_driver.sv(40) @ 1640000: uvm_test_top.env.wr_agt.driver [ASYNC_FIFO_WR_DRV] WR Drive item: wr_en=1 wr_data=0xc9a9679c
UVM_INFO ../tb/env/async_fifo_scoreboard.sv(55) @ 1645001: uvm_test_top.env.scb [ASYNC_FIFO_SCB] Write ignored because write side was full before edge
UVM_INFO ../tb/rd_agent/async_fifo_rd_driver.sv(38) @ 1648000: uvm_test_top.env.rd_agt.driver [ASYNC_FIFO_RD_DRV] RD Drive item: rd_en=0
UVM_INFO ../tb/wr_agent/async_fifo_wr_driver.sv(40) @ 1650000: uvm_test_top.env.wr_agt.driver [ASYNC_FIFO_WR_DRV] WR Drive item: wr_en=1 wr_data=0xbbcc79e3
UVM_INFO ../tb/env/async_fifo_scoreboard.sv(49) @ 1655001: uvm_test_top.env.scb [ASYNC_FIFO_SCB] Model Push: 0xbbcc79e3 depth=16
UVM_INFO ../tb/wr_agent/async_fifo_wr_driver.sv(40) @ 1660000: uvm_test_top.env.wr_agt.driver [ASYNC_FIFO_WR_DRV] WR Drive item: wr_en=0 wr_data=0x3150fde4
UVM_INFO ../tb/rd_agent/async_fifo_rd_driver.sv(38) @ 1664000: uvm_test_top.env.rd_agt.driver [ASYNC_FIFO_RD_DRV] RD Drive item: rd_en=0
UVM_INFO ../tb/wr_agent/async_fifo_wr_driver.sv(40) @ 1670000: uvm_test_top.env.wr_agt.driver [ASYNC_FIFO_WR_DRV] WR Drive item: wr_en=0 wr_data=0x9f9e9cd
UVM_INFO ../tb/rd_agent/async_fifo_rd_driver.sv(38) @ 1680000: uvm_test_top.env.rd_agt.driver [ASYNC_FIFO_RD_DRV] RD Drive item: rd_en=0
UVM_INFO ../tb/wr_agent/async_fifo_wr_driver.sv(40) @ 1680000: uvm_test_top.env.wr_agt.driver [ASYNC_FIFO_WR_DRV] WR Drive item: wr_en=1 wr_data=0x1605d7ad
UVM_INFO ../tb/env/async_fifo_scoreboard.sv(55) @ 1685001: uvm_test_top.env.scb [ASYNC_FIFO_SCB] Write ignored because write side was full before edge
UVM_INFO ../tb/wr_agent/async_fifo_wr_driver.sv(40) @ 1690000: uvm_test_top.env.wr_agt.driver [ASYNC_FIFO_WR_DRV] WR Drive item: wr_en=1 wr_data=0x84a32224
UVM_INFO ../tb/env/async_fifo_scoreboard.sv(55) @ 1695001: uvm_test_top.env.scb [ASYNC_FIFO_SCB] Write ignored because write side was full before edge
UVM_INFO ../tb/rd_agent/async_fifo_rd_driver.sv(38) @ 1696000: uvm_test_top.env.rd_agt.driver [ASYNC_FIFO_RD_DRV] RD Drive item: rd_en=1
UVM_INFO ../tb/wr_agent/async_fifo_wr_driver.sv(40) @ 1700000: uvm_test_top.env.wr_agt.driver [ASYNC_FIFO_WR_DRV] WR Drive item: wr_en=1 wr_data=0x96bd75c1
UVM_INFO ../tb/rd_agent/async_fifo_rd_monitor.sv(69) @ 1704001: uvm_test_top.env.rd_agt.monitor [ASYNC_FIFO_RD_MON] RD accepted item: rd_data=0xc114c821
UVM_INFO ../tb/env/async_fifo_scoreboard.sv(55) @ 1705001: uvm_test_top.env.scb [ASYNC_FIFO_SCB] Write ignored because write side was full before edge
UVM_INFO ../tb/wr_agent/async_fifo_wr_driver.sv(40) @ 1710000: uvm_test_top.env.wr_agt.driver [ASYNC_FIFO_WR_DRV] WR Drive item: wr_en=0 wr_data=0x490456fa
UVM_INFO ../tb/rd_agent/async_fifo_rd_driver.sv(38) @ 1712000: uvm_test_top.env.rd_agt.driver [ASYNC_FIFO_RD_DRV] RD Drive item: rd_en=0
UVM_INFO ../tb/wr_agent/async_fifo_wr_driver.sv(40) @ 1720000: uvm_test_top.env.wr_agt.driver [ASYNC_FIFO_WR_DRV] WR Drive item: wr_en=1 wr_data=0x391245e1
UVM_INFO ../tb/env/async_fifo_scoreboard.sv(55) @ 1725001: uvm_test_top.env.scb [ASYNC_FIFO_SCB] Write ignored because write side was full before edge
UVM_INFO ../tb/rd_agent/async_fifo_rd_driver.sv(38) @ 1728000: uvm_test_top.env.rd_agt.driver [ASYNC_FIFO_RD_DRV] RD Drive item: rd_en=0
UVM_INFO ../tb/wr_agent/async_fifo_wr_driver.sv(40) @ 1730000: uvm_test_top.env.wr_agt.driver [ASYNC_FIFO_WR_DRV] WR Drive item: wr_en=0 wr_data=0xba172abd
UVM_INFO ../tb/wr_agent/async_fifo_wr_driver.sv(40) @ 1740000: uvm_test_top.env.wr_agt.driver [ASYNC_FIFO_WR_DRV] WR Drive item: wr_en=1 wr_data=0xfcbee88f
UVM_INFO ../tb/rd_agent/async_fifo_rd_driver.sv(38) @ 1744000: uvm_test_top.env.rd_agt.driver [ASYNC_FIFO_RD_DRV] RD Drive item: rd_en=0
UVM_INFO ../tb/env/async_fifo_scoreboard.sv(49) @ 1745001: uvm_test_top.env.scb [ASYNC_FIFO_SCB] Model Push: 0xfcbee88f depth=16
UVM_INFO ../tb/wr_agent/async_fifo_wr_driver.sv(40) @ 1750000: uvm_test_top.env.wr_agt.driver [ASYNC_FIFO_WR_DRV] WR Drive item: wr_en=1 wr_data=0x16139364
UVM_INFO ../tb/env/async_fifo_scoreboard.sv(55) @ 1755001: uvm_test_top.env.scb [ASYNC_FIFO_SCB] Write ignored because write side was full before edge
UVM_INFO ../tb/rd_agent/async_fifo_rd_driver.sv(38) @ 1760000: uvm_test_top.env.rd_agt.driver [ASYNC_FIFO_RD_DRV] RD Drive item: rd_en=1
UVM_INFO ../tb/wr_agent/async_fifo_wr_driver.sv(40) @ 1760000: uvm_test_top.env.wr_agt.driver [ASYNC_FIFO_WR_DRV] WR Drive item: wr_en=0 wr_data=0x5a94d699
UVM_INFO ../tb/rd_agent/async_fifo_rd_monitor.sv(69) @ 1768001: uvm_test_top.env.rd_agt.monitor [ASYNC_FIFO_RD_MON] RD accepted item: rd_data=0xdd4f82a
UVM_INFO ../tb/wr_agent/async_fifo_wr_driver.sv(40) @ 1770000: uvm_test_top.env.wr_agt.driver [ASYNC_FIFO_WR_DRV] WR Drive item: wr_en=1 wr_data=0xb5b8ba05
UVM_INFO ../tb/env/async_fifo_scoreboard.sv(55) @ 1775001: uvm_test_top.env.scb [ASYNC_FIFO_SCB] Write ignored because write side was full before edge
UVM_INFO ../tb/rd_agent/async_fifo_rd_driver.sv(38) @ 1776000: uvm_test_top.env.rd_agt.driver [ASYNC_FIFO_RD_DRV] RD Drive item: rd_en=1
UVM_INFO ../tb/wr_agent/async_fifo_wr_driver.sv(40) @ 1780000: uvm_test_top.env.wr_agt.driver [ASYNC_FIFO_WR_DRV] WR Drive item: wr_en=1 wr_data=0x71372969
UVM_INFO ../tb/rd_agent/async_fifo_rd_monitor.sv(69) @ 1784001: uvm_test_top.env.rd_agt.monitor [ASYNC_FIFO_RD_MON] RD accepted item: rd_data=0x583252d7
UVM_INFO ../tb/env/async_fifo_scoreboard.sv(55) @ 1785001: uvm_test_top.env.scb [ASYNC_FIFO_SCB] Write ignored because write side was full before edge
UVM_INFO ../tb/wr_agent/async_fifo_wr_driver.sv(40) @ 1790000: uvm_test_top.env.wr_agt.driver [ASYNC_FIFO_WR_DRV] WR Drive item: wr_en=1 wr_data=0x6eef7e7b
UVM_INFO ../tb/rd_agent/async_fifo_rd_driver.sv(38) @ 1792000: uvm_test_top.env.rd_agt.driver [ASYNC_FIFO_RD_DRV] RD Drive item: rd_en=1
UVM_INFO ../tb/env/async_fifo_scoreboard.sv(55) @ 1795001: uvm_test_top.env.scb [ASYNC_FIFO_SCB] Write ignored because write side was full before edge
UVM_INFO ../tb/wr_agent/async_fifo_wr_driver.sv(40) @ 1800000: uvm_test_top.env.wr_agt.driver [ASYNC_FIFO_WR_DRV] WR Drive item: wr_en=1 wr_data=0xe5c4db42
UVM_INFO ../tb/rd_agent/async_fifo_rd_monitor.sv(69) @ 1800001: uvm_test_top.env.rd_agt.monitor [ASYNC_FIFO_RD_MON] RD accepted item: rd_data=0x20a07ac
UVM_INFO ../tb/env/async_fifo_scoreboard.sv(49) @ 1805001: uvm_test_top.env.scb [ASYNC_FIFO_SCB] Model Push: 0xe5c4db42 depth=14
UVM_INFO ../tb/rd_agent/async_fifo_rd_driver.sv(38) @ 1808000: uvm_test_top.env.rd_agt.driver [ASYNC_FIFO_RD_DRV] RD Drive item: rd_en=1
UVM_INFO ../tb/wr_agent/async_fifo_wr_driver.sv(40) @ 1810000: uvm_test_top.env.wr_agt.driver [ASYNC_FIFO_WR_DRV] WR Drive item: wr_en=0 wr_data=0x62905bb4
UVM_INFO ../tb/rd_agent/async_fifo_rd_monitor.sv(69) @ 1816001: uvm_test_top.env.rd_agt.monitor [ASYNC_FIFO_RD_MON] RD accepted item: rd_data=0x3a173931
UVM_INFO ../tb/wr_agent/async_fifo_wr_driver.sv(40) @ 1820000: uvm_test_top.env.wr_agt.driver [ASYNC_FIFO_WR_DRV] WR Drive item: wr_en=1 wr_data=0xd6043125
UVM_INFO ../tb/rd_agent/async_fifo_rd_driver.sv(38) @ 1824000: uvm_test_top.env.rd_agt.driver [ASYNC_FIFO_RD_DRV] RD Drive item: rd_en=1
UVM_INFO ../tb/env/async_fifo_scoreboard.sv(49) @ 1825001: uvm_test_top.env.scb [ASYNC_FIFO_SCB] Model Push: 0xd6043125 depth=14
UVM_INFO ../tb/wr_agent/async_fifo_wr_driver.sv(40) @ 1830000: uvm_test_top.env.wr_agt.driver [ASYNC_FIFO_WR_DRV] WR Drive item: wr_en=0 wr_data=0xd6a808b6
UVM_INFO ../tb/rd_agent/async_fifo_rd_monitor.sv(69) @ 1832001: uvm_test_top.env.rd_agt.monitor [ASYNC_FIFO_RD_MON] RD accepted item: rd_data=0x5a172ce1
UVM_INFO ../tb/rd_agent/async_fifo_rd_driver.sv(38) @ 1840000: uvm_test_top.env.rd_agt.driver [ASYNC_FIFO_RD_DRV] RD Drive item: rd_en=1
UVM_INFO ../tb/wr_agent/async_fifo_wr_driver.sv(40) @ 1840000: uvm_test_top.env.wr_agt.driver [ASYNC_FIFO_WR_DRV] WR Drive item: wr_en=1 wr_data=0xa2c06af0
UVM_INFO ../tb/env/async_fifo_scoreboard.sv(49) @ 1845001: uvm_test_top.env.scb [ASYNC_FIFO_SCB] Model Push: 0xa2c06af0 depth=14
UVM_INFO ../tb/rd_agent/async_fifo_rd_monitor.sv(69) @ 1848001: uvm_test_top.env.rd_agt.monitor [ASYNC_FIFO_RD_MON] RD accepted item: rd_data=0x69efe6
UVM_INFO ../tb/wr_agent/async_fifo_wr_driver.sv(40) @ 1850000: uvm_test_top.env.wr_agt.driver [ASYNC_FIFO_WR_DRV] WR Drive item: wr_en=1 wr_data=0x2add84ff
UVM_INFO ../tb/env/async_fifo_scoreboard.sv(49) @ 1855001: uvm_test_top.env.scb [ASYNC_FIFO_SCB] Model Push: 0x2add84ff depth=14
UVM_INFO ../tb/rd_agent/async_fifo_rd_driver.sv(38) @ 1856000: uvm_test_top.env.rd_agt.driver [ASYNC_FIFO_RD_DRV] RD Drive item: rd_en=1
UVM_INFO ../tb/wr_agent/async_fifo_wr_driver.sv(40) @ 1860000: uvm_test_top.env.wr_agt.driver [ASYNC_FIFO_WR_DRV] WR Drive item: wr_en=0 wr_data=0x50279596
UVM_INFO ../tb/rd_agent/async_fifo_rd_monitor.sv(69) @ 1864001: uvm_test_top.env.rd_agt.monitor [ASYNC_FIFO_RD_MON] RD accepted item: rd_data=0xcb02c0ac
UVM_INFO ../tb/wr_agent/async_fifo_wr_driver.sv(40) @ 1870000: uvm_test_top.env.wr_agt.driver [ASYNC_FIFO_WR_DRV] WR Drive item: wr_en=0 wr_data=0x30ddf832
UVM_INFO ../tb/rd_agent/async_fifo_rd_driver.sv(38) @ 1872000: uvm_test_top.env.rd_agt.driver [ASYNC_FIFO_RD_DRV] RD Drive item: rd_en=1
UVM_INFO ../tb/wr_agent/async_fifo_wr_driver.sv(40) @ 1880000: uvm_test_top.env.wr_agt.driver [ASYNC_FIFO_WR_DRV] WR Drive item: wr_en=0 wr_data=0xc5b3ed97
UVM_INFO ../tb/rd_agent/async_fifo_rd_monitor.sv(69) @ 1880001: uvm_test_top.env.rd_agt.monitor [ASYNC_FIFO_RD_MON] RD accepted item: rd_data=0x4fc02650
UVM_INFO ../tb/rd_agent/async_fifo_rd_driver.sv(38) @ 1888000: uvm_test_top.env.rd_agt.driver [ASYNC_FIFO_RD_DRV] RD Drive item: rd_en=1
UVM_INFO ../tb/wr_agent/async_fifo_wr_driver.sv(40) @ 1890000: uvm_test_top.env.wr_agt.driver [ASYNC_FIFO_WR_DRV] WR Drive item: wr_en=1 wr_data=0xa5bf2143
UVM_INFO ../tb/env/async_fifo_scoreboard.sv(49) @ 1895001: uvm_test_top.env.scb [ASYNC_FIFO_SCB] Model Push: 0xa5bf2143 depth=13
UVM_INFO ../tb/rd_agent/async_fifo_rd_monitor.sv(69) @ 1896001: uvm_test_top.env.rd_agt.monitor [ASYNC_FIFO_RD_MON] RD accepted item: rd_data=0xa631442a
UVM_INFO ../tb/wr_agent/async_fifo_wr_driver.sv(40) @ 1900000: uvm_test_top.env.wr_agt.driver [ASYNC_FIFO_WR_DRV] WR Drive item: wr_en=0 wr_data=0xb955bae
UVM_INFO ../tb/rd_agent/async_fifo_rd_driver.sv(38) @ 1904000: uvm_test_top.env.rd_agt.driver [ASYNC_FIFO_RD_DRV] RD Drive item: rd_en=1
UVM_INFO ../tb/wr_agent/async_fifo_wr_driver.sv(40) @ 1910000: uvm_test_top.env.wr_agt.driver [ASYNC_FIFO_WR_DRV] WR Drive item: wr_en=0 wr_data=0xa7f69bd3
UVM_INFO ../tb/rd_agent/async_fifo_rd_monitor.sv(69) @ 1912001: uvm_test_top.env.rd_agt.monitor [ASYNC_FIFO_RD_MON] RD accepted item: rd_data=0xf9707e3f
UVM_INFO ../tb/rd_agent/async_fifo_rd_driver.sv(38) @ 1920000: uvm_test_top.env.rd_agt.driver [ASYNC_FIFO_RD_DRV] RD Drive item: rd_en=1
UVM_INFO ../tb/wr_agent/async_fifo_wr_driver.sv(40) @ 1920000: uvm_test_top.env.wr_agt.driver [ASYNC_FIFO_WR_DRV] WR Drive item: wr_en=1 wr_data=0xd2c51237
UVM_INFO ../tb/env/async_fifo_scoreboard.sv(49) @ 1925001: uvm_test_top.env.scb [ASYNC_FIFO_SCB] Model Push: 0xd2c51237 depth=12
UVM_INFO ../tb/rd_agent/async_fifo_rd_monitor.sv(69) @ 1928001: uvm_test_top.env.rd_agt.monitor [ASYNC_FIFO_RD_MON] RD accepted item: rd_data=0x6545dbbf
UVM_INFO ../tb/wr_agent/async_fifo_wr_driver.sv(40) @ 1930000: uvm_test_top.env.wr_agt.driver [ASYNC_FIFO_WR_DRV] WR Drive item: wr_en=0 wr_data=0xb585d924
UVM_INFO ../tb/rd_agent/async_fifo_rd_driver.sv(38) @ 1936000: uvm_test_top.env.rd_agt.driver [ASYNC_FIFO_RD_DRV] RD Drive item: rd_en=1
UVM_INFO ../tb/wr_agent/async_fifo_wr_driver.sv(40) @ 1940000: uvm_test_top.env.wr_agt.driver [ASYNC_FIFO_WR_DRV] WR Drive item: wr_en=0 wr_data=0xa08ade48
UVM_INFO ../tb/rd_agent/async_fifo_rd_monitor.sv(69) @ 1944001: uvm_test_top.env.rd_agt.monitor [ASYNC_FIFO_RD_MON] RD accepted item: rd_data=0x798eef57
UVM_INFO ../tb/wr_agent/async_fifo_wr_driver.sv(40) @ 1950000: uvm_test_top.env.wr_agt.driver [ASYNC_FIFO_WR_DRV] WR Drive item: wr_en=1 wr_data=0x321d3303
UVM_INFO ../tb/rd_agent/async_fifo_rd_driver.sv(38) @ 1952000: uvm_test_top.env.rd_agt.driver [ASYNC_FIFO_RD_DRV] RD Drive item: rd_en=1
UVM_INFO ../tb/env/async_fifo_scoreboard.sv(49) @ 1955001: uvm_test_top.env.scb [ASYNC_FIFO_SCB] Model Push: 0x321d3303 depth=11
UVM_INFO ../tb/wr_agent/async_fifo_wr_driver.sv(40) @ 1960000: uvm_test_top.env.wr_agt.driver [ASYNC_FIFO_WR_DRV] WR Drive item: wr_en=1 wr_data=0x1acc64d4
UVM_INFO ../tb/rd_agent/async_fifo_rd_monitor.sv(69) @ 1960001: uvm_test_top.env.rd_agt.monitor [ASYNC_FIFO_RD_MON] RD accepted item: rd_data=0x3b62092c
UVM_INFO ../tb/env/async_fifo_scoreboard.sv(49) @ 1965001: uvm_test_top.env.scb [ASYNC_FIFO_SCB] Model Push: 0x1acc64d4 depth=11
UVM_INFO ../tb/rd_agent/async_fifo_rd_driver.sv(38) @ 1968000: uvm_test_top.env.rd_agt.driver [ASYNC_FIFO_RD_DRV] RD Drive item: rd_en=1
UVM_INFO ../tb/wr_agent/async_fifo_wr_driver.sv(40) @ 1970000: uvm_test_top.env.wr_agt.driver [ASYNC_FIFO_WR_DRV] WR Drive item: wr_en=0 wr_data=0xf599ecd9
UVM_INFO ../tb/rd_agent/async_fifo_rd_monitor.sv(69) @ 1976001: uvm_test_top.env.rd_agt.monitor [ASYNC_FIFO_RD_MON] RD accepted item: rd_data=0xa9faa6cf
UVM_INFO ../tb/wr_agent/async_fifo_wr_driver.sv(40) @ 1980000: uvm_test_top.env.wr_agt.driver [ASYNC_FIFO_WR_DRV] WR Drive item: wr_en=1 wr_data=0xf58c351
UVM_INFO ../tb/rd_agent/async_fifo_rd_driver.sv(38) @ 1984000: uvm_test_top.env.rd_agt.driver [ASYNC_FIFO_RD_DRV] RD Drive item: rd_en=1
UVM_INFO ../tb/env/async_fifo_scoreboard.sv(49) @ 1985001: uvm_test_top.env.scb [ASYNC_FIFO_SCB] Model Push: 0xf58c351 depth=11
UVM_INFO ../tb/wr_agent/async_fifo_wr_driver.sv(40) @ 1990000: uvm_test_top.env.wr_agt.driver [ASYNC_FIFO_WR_DRV] WR Drive item: wr_en=0 wr_data=0xbfb6abd5
UVM_INFO ../tb/rd_agent/async_fifo_rd_monitor.sv(69) @ 1992001: uvm_test_top.env.rd_agt.monitor [ASYNC_FIFO_RD_MON] RD accepted item: rd_data=0xbbcc79e3
UVM_INFO ../tb/rd_agent/async_fifo_rd_driver.sv(38) @ 2000000: uvm_test_top.env.rd_agt.driver [ASYNC_FIFO_RD_DRV] RD Drive item: rd_en=1
UVM_INFO ../tb/wr_agent/async_fifo_wr_driver.sv(40) @ 2000000: uvm_test_top.env.wr_agt.driver [ASYNC_FIFO_WR_DRV] WR Drive item: wr_en=1 wr_data=0x83962317
UVM_INFO ../tb/env/async_fifo_scoreboard.sv(49) @ 2005001: uvm_test_top.env.scb [ASYNC_FIFO_SCB] Model Push: 0x83962317 depth=11
UVM_INFO ../tb/rd_agent/async_fifo_rd_monitor.sv(69) @ 2008001: uvm_test_top.env.rd_agt.monitor [ASYNC_FIFO_RD_MON] RD accepted item: rd_data=0xfcbee88f
UVM_INFO ../tb/wr_agent/async_fifo_wr_driver.sv(40) @ 2010000: uvm_test_top.env.wr_agt.driver [ASYNC_FIFO_WR_DRV] WR Drive item: wr_en=1 wr_data=0xabe5e918
UVM_INFO ../tb/env/async_fifo_scoreboard.sv(49) @ 2015001: uvm_test_top.env.scb [ASYNC_FIFO_SCB] Model Push: 0xabe5e918 depth=11
UVM_INFO ../tb/rd_agent/async_fifo_rd_driver.sv(38) @ 2016000: uvm_test_top.env.rd_agt.driver [ASYNC_FIFO_RD_DRV] RD Drive item: rd_en=1
UVM_INFO ../tb/wr_agent/async_fifo_wr_driver.sv(40) @ 2020000: uvm_test_top.env.wr_agt.driver [ASYNC_FIFO_WR_DRV] WR Drive item: wr_en=0 wr_data=0x3d9f48ef
UVM_INFO ../tb/rd_agent/async_fifo_rd_monitor.sv(69) @ 2024001: uvm_test_top.env.rd_agt.monitor [ASYNC_FIFO_RD_MON] RD accepted item: rd_data=0xe5c4db42
UVM_INFO ../tb/wr_agent/async_fifo_wr_driver.sv(40) @ 2030000: uvm_test_top.env.wr_agt.driver [ASYNC_FIFO_WR_DRV] WR Drive item: wr_en=0 wr_data=0x2d198b16
UVM_INFO ../tb/rd_agent/async_fifo_rd_driver.sv(38) @ 2032000: uvm_test_top.env.rd_agt.driver [ASYNC_FIFO_RD_DRV] RD Drive item: rd_en=1
UVM_INFO ../tb/wr_agent/async_fifo_wr_driver.sv(40) @ 2040000: uvm_test_top.env.wr_agt.driver [ASYNC_FIFO_WR_DRV] WR Drive item: wr_en=0 wr_data=0x1ed4daff
UVM_INFO ../tb/rd_agent/async_fifo_rd_monitor.sv(69) @ 2040001: uvm_test_top.env.rd_agt.monitor [ASYNC_FIFO_RD_MON] RD accepted item: rd_data=0xd6043125
UVM_INFO ../tb/rd_agent/async_fifo_rd_driver.sv(38) @ 2048000: uvm_test_top.env.rd_agt.driver [ASYNC_FIFO_RD_DRV] RD Drive item: rd_en=1
UVM_INFO ../tb/wr_agent/async_fifo_wr_driver.sv(40) @ 2050000: uvm_test_top.env.wr_agt.driver [ASYNC_FIFO_WR_DRV] WR Drive item: wr_en=0 wr_data=0x14af7fab
UVM_INFO ../tb/rd_agent/async_fifo_rd_monitor.sv(69) @ 2056001: uvm_test_top.env.rd_agt.monitor [ASYNC_FIFO_RD_MON] RD accepted item: rd_data=0xa2c06af0
UVM_INFO ../tb/wr_agent/async_fifo_wr_driver.sv(40) @ 2060000: uvm_test_top.env.wr_agt.driver [ASYNC_FIFO_WR_DRV] WR Drive item: wr_en=0 wr_data=0x63ca0b8e
UVM_INFO ../tb/rd_agent/async_fifo_rd_driver.sv(38) @ 2064000: uvm_test_top.env.rd_agt.driver [ASYNC_FIFO_RD_DRV] RD Drive item: rd_en=1
UVM_INFO ../tb/wr_agent/async_fifo_wr_driver.sv(40) @ 2070000: uvm_test_top.env.wr_agt.driver [ASYNC_FIFO_WR_DRV] WR Drive item: wr_en=0 wr_data=0xc52e4b77
UVM_INFO ../tb/rd_agent/async_fifo_rd_monitor.sv(69) @ 2072001: uvm_test_top.env.rd_agt.monitor [ASYNC_FIFO_RD_MON] RD accepted item: rd_data=0x2add84ff
UVM_INFO ../tb/rd_agent/async_fifo_rd_driver.sv(38) @ 2080000: uvm_test_top.env.rd_agt.driver [ASYNC_FIFO_RD_DRV] RD Drive item: rd_en=1
UVM_INFO ../tb/wr_agent/async_fifo_wr_driver.sv(40) @ 2080000: uvm_test_top.env.wr_agt.driver [ASYNC_FIFO_WR_DRV] WR Drive item: wr_en=0 wr_data=0xff293bdc
UVM_INFO ../tb/rd_agent/async_fifo_rd_monitor.sv(69) @ 2088001: uvm_test_top.env.rd_agt.monitor [ASYNC_FIFO_RD_MON] RD accepted item: rd_data=0xa5bf2143
UVM_INFO ../tb/wr_agent/async_fifo_wr_driver.sv(40) @ 2090000: uvm_test_top.env.wr_agt.driver [ASYNC_FIFO_WR_DRV] WR Drive item: wr_en=0 wr_data=0x2f89c5b4
UVM_INFO ../tb/rd_agent/async_fifo_rd_driver.sv(38) @ 2096000: uvm_test_top.env.rd_agt.driver [ASYNC_FIFO_RD_DRV] RD Drive item: rd_en=1
UVM_INFO ../tb/wr_agent/async_fifo_wr_driver.sv(40) @ 2100000: uvm_test_top.env.wr_agt.driver [ASYNC_FIFO_WR_DRV] WR Drive item: wr_en=0 wr_data=0xfc9265c6
UVM_INFO ../tb/rd_agent/async_fifo_rd_monitor.sv(69) @ 2104001: uvm_test_top.env.rd_agt.monitor [ASYNC_FIFO_RD_MON] RD accepted item: rd_data=0xd2c51237
UVM_INFO ../tb/wr_agent/async_fifo_wr_driver.sv(40) @ 2110000: uvm_test_top.env.wr_agt.driver [ASYNC_FIFO_WR_DRV] WR Drive item: wr_en=0 wr_data=0xdfac3f7
UVM_INFO ../tb/rd_agent/async_fifo_rd_driver.sv(38) @ 2112000: uvm_test_top.env.rd_agt.driver [ASYNC_FIFO_RD_DRV] RD Drive item: rd_en=1
UVM_INFO ../tb/wr_agent/async_fifo_wr_driver.sv(40) @ 2120000: uvm_test_top.env.wr_agt.driver [ASYNC_FIFO_WR_DRV] WR Drive item: wr_en=1 wr_data=0x9bd562ac
UVM_INFO ../tb/rd_agent/async_fifo_rd_monitor.sv(69) @ 2120001: uvm_test_top.env.rd_agt.monitor [ASYNC_FIFO_RD_MON] RD accepted item: rd_data=0x321d3303
UVM_INFO ../tb/env/async_fifo_scoreboard.sv(49) @ 2125001: uvm_test_top.env.scb [ASYNC_FIFO_SCB] Model Push: 0x9bd562ac depth=5
UVM_INFO ../tb/rd_agent/async_fifo_rd_driver.sv(38) @ 2128000: uvm_test_top.env.rd_agt.driver [ASYNC_FIFO_RD_DRV] RD Drive item: rd_en=1
UVM_INFO ../tb/wr_agent/async_fifo_wr_driver.sv(40) @ 2130000: uvm_test_top.env.wr_agt.driver [ASYNC_FIFO_WR_DRV] WR Drive item: wr_en=1 wr_data=0x22498dac
UVM_INFO ../tb/env/async_fifo_scoreboard.sv(49) @ 2135001: uvm_test_top.env.scb [ASYNC_FIFO_SCB] Model Push: 0x22498dac depth=6
UVM_INFO ../tb/rd_agent/async_fifo_rd_monitor.sv(69) @ 2136001: uvm_test_top.env.rd_agt.monitor [ASYNC_FIFO_RD_MON] RD accepted item: rd_data=0x1acc64d4
UVM_INFO ../tb/wr_agent/async_fifo_wr_driver.sv(40) @ 2140000: uvm_test_top.env.wr_agt.driver [ASYNC_FIFO_WR_DRV] WR Drive item: wr_en=1 wr_data=0xab222c34
UVM_INFO ../tb/rd_agent/async_fifo_rd_driver.sv(38) @ 2144000: uvm_test_top.env.rd_agt.driver [ASYNC_FIFO_RD_DRV] RD Drive item: rd_en=1
UVM_INFO ../tb/env/async_fifo_scoreboard.sv(49) @ 2145001: uvm_test_top.env.scb [ASYNC_FIFO_SCB] Model Push: 0xab222c34 depth=6
UVM_INFO ../tb/wr_agent/async_fifo_wr_driver.sv(40) @ 2150000: uvm_test_top.env.wr_agt.driver [ASYNC_FIFO_WR_DRV] WR Drive item: wr_en=1 wr_data=0x45a53b91
UVM_INFO ../tb/rd_agent/async_fifo_rd_monitor.sv(69) @ 2152001: uvm_test_top.env.rd_agt.monitor [ASYNC_FIFO_RD_MON] RD accepted item: rd_data=0xf58c351
UVM_INFO ../tb/env/async_fifo_scoreboard.sv(49) @ 2155001: uvm_test_top.env.scb [ASYNC_FIFO_SCB] Model Push: 0x45a53b91 depth=6
UVM_INFO ../tb/rd_agent/async_fifo_rd_driver.sv(38) @ 2160000: uvm_test_top.env.rd_agt.driver [ASYNC_FIFO_RD_DRV] RD Drive item: rd_en=1
UVM_INFO ../tb/wr_agent/async_fifo_wr_driver.sv(40) @ 2160000: uvm_test_top.env.wr_agt.driver [ASYNC_FIFO_WR_DRV] WR Drive item: wr_en=0 wr_data=0x9efe2cc8
UVM_INFO ../tb/rd_agent/async_fifo_rd_monitor.sv(69) @ 2168001: uvm_test_top.env.rd_agt.monitor [ASYNC_FIFO_RD_MON] RD accepted item: rd_data=0x83962317
UVM_INFO ../tb/wr_agent/async_fifo_wr_driver.sv(40) @ 2170000: uvm_test_top.env.wr_agt.driver [ASYNC_FIFO_WR_DRV] WR Drive item: wr_en=1 wr_data=0xfd7f0b1
UVM_INFO ../tb/env/async_fifo_scoreboard.sv(49) @ 2175001: uvm_test_top.env.scb [ASYNC_FIFO_SCB] Model Push: 0xfd7f0b1 depth=6
UVM_INFO ../tb/rd_agent/async_fifo_rd_driver.sv(38) @ 2176000: uvm_test_top.env.rd_agt.driver [ASYNC_FIFO_RD_DRV] RD Drive item: rd_en=1
UVM_INFO ../tb/wr_agent/async_fifo_wr_driver.sv(40) @ 2180000: uvm_test_top.env.wr_agt.driver [ASYNC_FIFO_WR_DRV] WR Drive item: wr_en=1 wr_data=0xb15c0aec
UVM_INFO ../tb/rd_agent/async_fifo_rd_monitor.sv(69) @ 2184001: uvm_test_top.env.rd_agt.monitor [ASYNC_FIFO_RD_MON] RD accepted item: rd_data=0xabe5e918
UVM_INFO ../tb/env/async_fifo_scoreboard.sv(49) @ 2185001: uvm_test_top.env.scb [ASYNC_FIFO_SCB] Model Push: 0xb15c0aec depth=6
UVM_INFO ../tb/wr_agent/async_fifo_wr_driver.sv(40) @ 2190000: uvm_test_top.env.wr_agt.driver [ASYNC_FIFO_WR_DRV] WR Drive item: wr_en=1 wr_data=0x3dcf74e5
UVM_INFO ../tb/rd_agent/async_fifo_rd_driver.sv(38) @ 2192000: uvm_test_top.env.rd_agt.driver [ASYNC_FIFO_RD_DRV] RD Drive item: rd_en=1
UVM_INFO ../tb/env/async_fifo_scoreboard.sv(49) @ 2195001: uvm_test_top.env.scb [ASYNC_FIFO_SCB] Model Push: 0x3dcf74e5 depth=7
UVM_INFO ../tb/wr_agent/async_fifo_wr_driver.sv(40) @ 2200000: uvm_test_top.env.wr_agt.driver [ASYNC_FIFO_WR_DRV] WR Drive item: wr_en=0 wr_data=0x26911c57
UVM_INFO ../tb/rd_agent/async_fifo_rd_monitor.sv(69) @ 2200001: uvm_test_top.env.rd_agt.monitor [ASYNC_FIFO_RD_MON] RD accepted item: rd_data=0x9bd562ac
UVM_INFO ../tb/rd_agent/async_fifo_rd_driver.sv(38) @ 2208000: uvm_test_top.env.rd_agt.driver [ASYNC_FIFO_RD_DRV] RD Drive item: rd_en=1
UVM_INFO ../tb/wr_agent/async_fifo_wr_driver.sv(40) @ 2210000: uvm_test_top.env.wr_agt.driver [ASYNC_FIFO_WR_DRV] WR Drive item: wr_en=1 wr_data=0x26e3b6e1
UVM_INFO ../tb/env/async_fifo_scoreboard.sv(49) @ 2215001: uvm_test_top.env.scb [ASYNC_FIFO_SCB] Model Push: 0x26e3b6e1 depth=7
UVM_INFO ../tb/rd_agent/async_fifo_rd_monitor.sv(69) @ 2216001: uvm_test_top.env.rd_agt.monitor [ASYNC_FIFO_RD_MON] RD accepted item: rd_data=0x22498dac
UVM_INFO ../tb/wr_agent/async_fifo_wr_driver.sv(40) @ 2220000: uvm_test_top.env.wr_agt.driver [ASYNC_FIFO_WR_DRV] WR Drive item: wr_en=1 wr_data=0x2395f14b
UVM_INFO ../tb/rd_agent/async_fifo_rd_driver.sv(38) @ 2224000: uvm_test_top.env.rd_agt.driver [ASYNC_FIFO_RD_DRV] RD Drive item: rd_en=1
UVM_INFO ../tb/env/async_fifo_scoreboard.sv(49) @ 2225001: uvm_test_top.env.scb [ASYNC_FIFO_SCB] Model Push: 0x2395f14b depth=7
UVM_INFO ../tb/wr_agent/async_fifo_wr_driver.sv(40) @ 2230000: uvm_test_top.env.wr_agt.driver [ASYNC_FIFO_WR_DRV] WR Drive item: wr_en=1 wr_data=0xcfb702fc
UVM_INFO ../tb/rd_agent/async_fifo_rd_monitor.sv(69) @ 2232001: uvm_test_top.env.rd_agt.monitor [ASYNC_FIFO_RD_MON] RD accepted item: rd_data=0xab222c34
UVM_INFO ../tb/env/async_fifo_scoreboard.sv(49) @ 2235001: uvm_test_top.env.scb [ASYNC_FIFO_SCB] Model Push: 0xcfb702fc depth=7
UVM_INFO ../tb/rd_agent/async_fifo_rd_driver.sv(38) @ 2240000: uvm_test_top.env.rd_agt.driver [ASYNC_FIFO_RD_DRV] RD Drive item: rd_en=1
UVM_INFO ../tb/wr_agent/async_fifo_wr_driver.sv(40) @ 2240000: uvm_test_top.env.wr_agt.driver [ASYNC_FIFO_WR_DRV] WR Drive item: wr_en=1 wr_data=0x4ee90c74
UVM_INFO ../tb/env/async_fifo_scoreboard.sv(49) @ 2245001: uvm_test_top.env.scb [ASYNC_FIFO_SCB] Model Push: 0x4ee90c74 depth=8
UVM_INFO ../tb/rd_agent/async_fifo_rd_monitor.sv(69) @ 2248001: uvm_test_top.env.rd_agt.monitor [ASYNC_FIFO_RD_MON] RD accepted item: rd_data=0x45a53b91
UVM_INFO ../tb/wr_agent/async_fifo_wr_driver.sv(40) @ 2250000: uvm_test_top.env.wr_agt.driver [ASYNC_FIFO_WR_DRV] WR Drive item: wr_en=1 wr_data=0xbae789ce
UVM_INFO ../tb/env/async_fifo_scoreboard.sv(49) @ 2255001: uvm_test_top.env.scb [ASYNC_FIFO_SCB] Model Push: 0xbae789ce depth=8
UVM_INFO ../tb/rd_agent/async_fifo_rd_driver.sv(38) @ 2256000: uvm_test_top.env.rd_agt.driver [ASYNC_FIFO_RD_DRV] RD Drive item: rd_en=1
UVM_INFO ../tb/wr_agent/async_fifo_wr_driver.sv(40) @ 2260000: uvm_test_top.env.wr_agt.driver [ASYNC_FIFO_WR_DRV] WR Drive item: wr_en=0 wr_data=0x52a9faa
UVM_INFO ../tb/rd_agent/async_fifo_rd_monitor.sv(69) @ 2264001: uvm_test_top.env.rd_agt.monitor [ASYNC_FIFO_RD_MON] RD accepted item: rd_data=0xfd7f0b1
UVM_INFO ../tb/wr_agent/async_fifo_wr_driver.sv(40) @ 2270000: uvm_test_top.env.wr_agt.driver [ASYNC_FIFO_WR_DRV] WR Drive item: wr_en=0 wr_data=0x1525578b
UVM_INFO ../tb/rd_agent/async_fifo_rd_driver.sv(38) @ 2272000: uvm_test_top.env.rd_agt.driver [ASYNC_FIFO_RD_DRV] RD Drive item: rd_en=1
UVM_INFO ../tb/wr_agent/async_fifo_wr_driver.sv(40) @ 2280000: uvm_test_top.env.wr_agt.driver [ASYNC_FIFO_WR_DRV] WR Drive item: wr_en=0 wr_data=0x7aa4015b
UVM_INFO ../tb/rd_agent/async_fifo_rd_monitor.sv(69) @ 2280001: uvm_test_top.env.rd_agt.monitor [ASYNC_FIFO_RD_MON] RD accepted item: rd_data=0xb15c0aec
UVM_INFO ../tb/rd_agent/async_fifo_rd_driver.sv(38) @ 2288000: uvm_test_top.env.rd_agt.driver [ASYNC_FIFO_RD_DRV] RD Drive item: rd_en=1
UVM_INFO ../tb/wr_agent/async_fifo_wr_driver.sv(40) @ 2290000: uvm_test_top.env.wr_agt.driver [ASYNC_FIFO_WR_DRV] WR Drive item: wr_en=0 wr_data=0xc15ee7f
UVM_INFO ../tb/rd_agent/async_fifo_rd_monitor.sv(69) @ 2296001: uvm_test_top.env.rd_agt.monitor [ASYNC_FIFO_RD_MON] RD accepted item: rd_data=0x3dcf74e5
UVM_INFO ../tb/wr_agent/async_fifo_wr_driver.sv(40) @ 2300000: uvm_test_top.env.wr_agt.driver [ASYNC_FIFO_WR_DRV] WR Drive item: wr_en=0 wr_data=0xa57cb0da
UVM_INFO ../tb/rd_agent/async_fifo_rd_driver.sv(38) @ 2304000: uvm_test_top.env.rd_agt.driver [ASYNC_FIFO_RD_DRV] RD Drive item: rd_en=1
UVM_INFO ../tb/wr_agent/async_fifo_wr_driver.sv(40) @ 2310000: uvm_test_top.env.wr_agt.driver [ASYNC_FIFO_WR_DRV] WR Drive item: wr_en=1 wr_data=0x4a568d34
UVM_INFO ../tb/rd_agent/async_fifo_rd_monitor.sv(69) @ 2312001: uvm_test_top.env.rd_agt.monitor [ASYNC_FIFO_RD_MON] RD accepted item: rd_data=0x26e3b6e1
UVM_INFO ../tb/env/async_fifo_scoreboard.sv(49) @ 2315001: uvm_test_top.env.scb [ASYNC_FIFO_SCB] Model Push: 0x4a568d34 depth=5
UVM_INFO ../tb/rd_agent/async_fifo_rd_driver.sv(38) @ 2320000: uvm_test_top.env.rd_agt.driver [ASYNC_FIFO_RD_DRV] RD Drive item: rd_en=1
UVM_INFO ../tb/wr_agent/async_fifo_wr_driver.sv(40) @ 2320000: uvm_test_top.env.wr_agt.driver [ASYNC_FIFO_WR_DRV] WR Drive item: wr_en=1 wr_data=0x4e2b8e7b
UVM_INFO ../tb/env/async_fifo_scoreboard.sv(49) @ 2325001: uvm_test_top.env.scb [ASYNC_FIFO_SCB] Model Push: 0x4e2b8e7b depth=6
UVM_INFO ../tb/rd_agent/async_fifo_rd_monitor.sv(69) @ 2328001: uvm_test_top.env.rd_agt.monitor [ASYNC_FIFO_RD_MON] RD accepted item: rd_data=0x2395f14b
UVM_INFO ../tb/wr_agent/async_fifo_wr_driver.sv(40) @ 2330000: uvm_test_top.env.wr_agt.driver [ASYNC_FIFO_WR_DRV] WR Drive item: wr_en=0 wr_data=0x117ddc8f
UVM_INFO ../tb/rd_agent/async_fifo_rd_driver.sv(38) @ 2336000: uvm_test_top.env.rd_agt.driver [ASYNC_FIFO_RD_DRV] RD Drive item: rd_en=1
UVM_INFO ../tb/wr_agent/async_fifo_wr_driver.sv(40) @ 2340000: uvm_test_top.env.wr_agt.driver [ASYNC_FIFO_WR_DRV] WR Drive item: wr_en=0 wr_data=0xe4fc18b2
UVM_INFO ../tb/rd_agent/async_fifo_rd_monitor.sv(69) @ 2344001: uvm_test_top.env.rd_agt.monitor [ASYNC_FIFO_RD_MON] RD accepted item: rd_data=0xcfb702fc
UVM_INFO ../tb/wr_agent/async_fifo_wr_driver.sv(40) @ 2350000: uvm_test_top.env.wr_agt.driver [ASYNC_FIFO_WR_DRV] WR Drive item: wr_en=1 wr_data=0x42011d7f
UVM_INFO ../tb/rd_agent/async_fifo_rd_driver.sv(38) @ 2352000: uvm_test_top.env.rd_agt.driver [ASYNC_FIFO_RD_DRV] RD Drive item: rd_en=1
UVM_INFO ../tb/env/async_fifo_scoreboard.sv(49) @ 2355001: uvm_test_top.env.scb [ASYNC_FIFO_SCB] Model Push: 0x42011d7f depth=5
UVM_INFO ../tb/wr_agent/async_fifo_wr_driver.sv(40) @ 2360000: uvm_test_top.env.wr_agt.driver [ASYNC_FIFO_WR_DRV] WR Drive item: wr_en=1 wr_data=0xe4ce152
UVM_INFO ../tb/rd_agent/async_fifo_rd_monitor.sv(69) @ 2360001: uvm_test_top.env.rd_agt.monitor [ASYNC_FIFO_RD_MON] RD accepted item: rd_data=0x4ee90c74
UVM_INFO ../tb/env/async_fifo_scoreboard.sv(49) @ 2365001: uvm_test_top.env.scb [ASYNC_FIFO_SCB] Model Push: 0xe4ce152 depth=5
UVM_INFO ../tb/rd_agent/async_fifo_rd_driver.sv(38) @ 2368000: uvm_test_top.env.rd_agt.driver [ASYNC_FIFO_RD_DRV] RD Drive item: rd_en=1
UVM_INFO ../tb/wr_agent/async_fifo_wr_driver.sv(40) @ 2370000: uvm_test_top.env.wr_agt.driver [ASYNC_FIFO_WR_DRV] WR Drive item: wr_en=1 wr_data=0x59ae4135
UVM_INFO ../tb/env/async_fifo_scoreboard.sv(49) @ 2375001: uvm_test_top.env.scb [ASYNC_FIFO_SCB] Model Push: 0x59ae4135 depth=6
UVM_INFO ../tb/rd_agent/async_fifo_rd_monitor.sv(69) @ 2376001: uvm_test_top.env.rd_agt.monitor [ASYNC_FIFO_RD_MON] RD accepted item: rd_data=0xbae789ce
UVM_INFO ../tb/wr_agent/async_fifo_wr_driver.sv(40) @ 2380000: uvm_test_top.env.wr_agt.driver [ASYNC_FIFO_WR_DRV] WR Drive item: wr_en=0 wr_data=0xf9604597
UVM_INFO ../tb/rd_agent/async_fifo_rd_driver.sv(38) @ 2384000: uvm_test_top.env.rd_agt.driver [ASYNC_FIFO_RD_DRV] RD Drive item: rd_en=1
UVM_INFO ../tb/wr_agent/async_fifo_wr_driver.sv(40) @ 2390000: uvm_test_top.env.wr_agt.driver [ASYNC_FIFO_WR_DRV] WR Drive item: wr_en=0 wr_data=0xe0092791
UVM_INFO ../tb/rd_agent/async_fifo_rd_monitor.sv(69) @ 2392001: uvm_test_top.env.rd_agt.monitor [ASYNC_FIFO_RD_MON] RD accepted item: rd_data=0x4a568d34
UVM_INFO ../tb/rd_agent/async_fifo_rd_driver.sv(38) @ 2400000: uvm_test_top.env.rd_agt.driver [ASYNC_FIFO_RD_DRV] RD Drive item: rd_en=1
UVM_INFO ../tb/wr_agent/async_fifo_wr_driver.sv(40) @ 2400000: uvm_test_top.env.wr_agt.driver [ASYNC_FIFO_WR_DRV] WR Drive item: wr_en=1 wr_data=0xd671822c
UVM_INFO ../tb/env/async_fifo_scoreboard.sv(49) @ 2405001: uvm_test_top.env.scb [ASYNC_FIFO_SCB] Model Push: 0xd671822c depth=5
UVM_INFO ../tb/rd_agent/async_fifo_rd_monitor.sv(69) @ 2408001: uvm_test_top.env.rd_agt.monitor [ASYNC_FIFO_RD_MON] RD accepted item: rd_data=0x4e2b8e7b
UVM_INFO ../tb/wr_agent/async_fifo_wr_driver.sv(40) @ 2410000: uvm_test_top.env.wr_agt.driver [ASYNC_FIFO_WR_DRV] WR Drive item: wr_en=0 wr_data=0x5de1753e
UVM_INFO ../tb/rd_agent/async_fifo_rd_driver.sv(38) @ 2416000: uvm_test_top.env.rd_agt.driver [ASYNC_FIFO_RD_DRV] RD Drive item: rd_en=1
UVM_INFO ../tb/wr_agent/async_fifo_wr_driver.sv(40) @ 2420000: uvm_test_top.env.wr_agt.driver [ASYNC_FIFO_WR_DRV] WR Drive item: wr_en=0 wr_data=0x3084a376
UVM_INFO ../tb/rd_agent/async_fifo_rd_monitor.sv(69) @ 2424001: uvm_test_top.env.rd_agt.monitor [ASYNC_FIFO_RD_MON] RD accepted item: rd_data=0x42011d7f
UVM_INFO ../tb/wr_agent/async_fifo_wr_driver.sv(40) @ 2430000: uvm_test_top.env.wr_agt.driver [ASYNC_FIFO_WR_DRV] WR Drive item: wr_en=1 wr_data=0x53c9f60e
UVM_INFO ../tb/rd_agent/async_fifo_rd_driver.sv(38) @ 2432000: uvm_test_top.env.rd_agt.driver [ASYNC_FIFO_RD_DRV] RD Drive item: rd_en=1
UVM_INFO ../tb/env/async_fifo_scoreboard.sv(49) @ 2435001: uvm_test_top.env.scb [ASYNC_FIFO_SCB] Model Push: 0x53c9f60e depth=4
UVM_INFO ../tb/wr_agent/async_fifo_wr_driver.sv(40) @ 2440000: uvm_test_top.env.wr_agt.driver [ASYNC_FIFO_WR_DRV] WR Drive item: wr_en=0 wr_data=0x9244d4ee
UVM_INFO ../tb/rd_agent/async_fifo_rd_monitor.sv(69) @ 2440001: uvm_test_top.env.rd_agt.monitor [ASYNC_FIFO_RD_MON] RD accepted item: rd_data=0xe4ce152
UVM_INFO ../tb/rd_agent/async_fifo_rd_driver.sv(38) @ 2448000: uvm_test_top.env.rd_agt.driver [ASYNC_FIFO_RD_DRV] RD Drive item: rd_en=1
UVM_INFO ../tb/wr_agent/async_fifo_wr_driver.sv(40) @ 2450000: uvm_test_top.env.wr_agt.driver [ASYNC_FIFO_WR_DRV] WR Drive item: wr_en=1 wr_data=0x695e7826
UVM_INFO ../tb/env/async_fifo_scoreboard.sv(49) @ 2455001: uvm_test_top.env.scb [ASYNC_FIFO_SCB] Model Push: 0x695e7826 depth=4
UVM_INFO ../tb/rd_agent/async_fifo_rd_monitor.sv(69) @ 2456001: uvm_test_top.env.rd_agt.monitor [ASYNC_FIFO_RD_MON] RD accepted item: rd_data=0x59ae4135
UVM_INFO ../tb/wr_agent/async_fifo_wr_driver.sv(40) @ 2460000: uvm_test_top.env.wr_agt.driver [ASYNC_FIFO_WR_DRV] WR Drive item: wr_en=0 wr_data=0x45cda6c3
UVM_INFO ../tb/rd_agent/async_fifo_rd_driver.sv(38) @ 2464000: uvm_test_top.env.rd_agt.driver [ASYNC_FIFO_RD_DRV] RD Drive item: rd_en=1
UVM_INFO ../tb/wr_agent/async_fifo_wr_driver.sv(40) @ 2470000: uvm_test_top.env.wr_agt.driver [ASYNC_FIFO_WR_DRV] WR Drive item: wr_en=1 wr_data=0xf3792005
UVM_INFO ../tb/rd_agent/async_fifo_rd_monitor.sv(69) @ 2472001: uvm_test_top.env.rd_agt.monitor [ASYNC_FIFO_RD_MON] RD accepted item: rd_data=0xd671822c
UVM_INFO ../tb/env/async_fifo_scoreboard.sv(49) @ 2475001: uvm_test_top.env.scb [ASYNC_FIFO_SCB] Model Push: 0xf3792005 depth=3
UVM_INFO ../tb/rd_agent/async_fifo_rd_driver.sv(38) @ 2480000: uvm_test_top.env.rd_agt.driver [ASYNC_FIFO_RD_DRV] RD Drive item: rd_en=1
UVM_INFO ../tb/wr_agent/async_fifo_wr_driver.sv(40) @ 2480000: uvm_test_top.env.wr_agt.driver [ASYNC_FIFO_WR_DRV] WR Drive item: wr_en=0 wr_data=0x1cbe4cad
UVM_INFO ../tb/rd_agent/async_fifo_rd_monitor.sv(69) @ 2488001: uvm_test_top.env.rd_agt.monitor [ASYNC_FIFO_RD_MON] RD accepted item: rd_data=0x53c9f60e
UVM_INFO ../tb/wr_agent/async_fifo_wr_driver.sv(40) @ 2490000: uvm_test_top.env.wr_agt.driver [ASYNC_FIFO_WR_DRV] WR Drive item: wr_en=0 wr_data=0xb76a285
UVM_INFO ../tb/rd_agent/async_fifo_rd_driver.sv(38) @ 2496000: uvm_test_top.env.rd_agt.driver [ASYNC_FIFO_RD_DRV] RD Drive item: rd_en=1
UVM_INFO ../tb/wr_agent/async_fifo_wr_driver.sv(40) @ 2500000: uvm_test_top.env.wr_agt.driver [ASYNC_FIFO_WR_DRV] WR Drive item: wr_en=1 wr_data=0x932b9839
UVM_INFO ../tb/rd_agent/async_fifo_rd_monitor.sv(69) @ 2504001: uvm_test_top.env.rd_agt.monitor [ASYNC_FIFO_RD_MON] RD accepted item: rd_data=0x695e7826
UVM_INFO ../tb/env/async_fifo_scoreboard.sv(49) @ 2505001: uvm_test_top.env.scb [ASYNC_FIFO_SCB] Model Push: 0x932b9839 depth=2
UVM_INFO ../tb/wr_agent/async_fifo_wr_driver.sv(40) @ 2510000: uvm_test_top.env.wr_agt.driver [ASYNC_FIFO_WR_DRV] WR Drive item: wr_en=1 wr_data=0x353b3670
UVM_INFO ../tb/rd_agent/async_fifo_rd_driver.sv(38) @ 2512000: uvm_test_top.env.rd_agt.driver [ASYNC_FIFO_RD_DRV] RD Drive item: rd_en=1
UVM_INFO ../tb/env/async_fifo_scoreboard.sv(49) @ 2515001: uvm_test_top.env.scb [ASYNC_FIFO_SCB] Model Push: 0x353b3670 depth=3
UVM_INFO ../tb/wr_agent/async_fifo_wr_driver.sv(40) @ 2520000: uvm_test_top.env.wr_agt.driver [ASYNC_FIFO_WR_DRV] WR Drive item: wr_en=0 wr_data=0xb51feafb
UVM_INFO ../tb/rd_agent/async_fifo_rd_driver.sv(38) @ 2528000: uvm_test_top.env.rd_agt.driver [ASYNC_FIFO_RD_DRV] RD Drive item: rd_en=1
UVM_INFO ../tb/wr_agent/async_fifo_wr_driver.sv(40) @ 2530000: uvm_test_top.env.wr_agt.driver [ASYNC_FIFO_WR_DRV] WR Drive item: wr_en=1 wr_data=0x6aa09780
UVM_INFO ../tb/env/async_fifo_scoreboard.sv(49) @ 2535001: uvm_test_top.env.scb [ASYNC_FIFO_SCB] Model Push: 0x6aa09780 depth=4
UVM_INFO ../tb/rd_agent/async_fifo_rd_monitor.sv(69) @ 2536001: uvm_test_top.env.rd_agt.monitor [ASYNC_FIFO_RD_MON] RD accepted item: rd_data=0xf3792005
UVM_INFO ../tb/wr_agent/async_fifo_wr_driver.sv(40) @ 2540000: uvm_test_top.env.wr_agt.driver [ASYNC_FIFO_WR_DRV] WR Drive item: wr_en=1 wr_data=0x659a1022
UVM_INFO ../tb/rd_agent/async_fifo_rd_driver.sv(38) @ 2544000: uvm_test_top.env.rd_agt.driver [ASYNC_FIFO_RD_DRV] RD Drive item: rd_en=1
UVM_INFO ../tb/env/async_fifo_scoreboard.sv(49) @ 2545001: uvm_test_top.env.scb [ASYNC_FIFO_SCB] Model Push: 0x659a1022 depth=4
UVM_INFO ../tb/wr_agent/async_fifo_wr_driver.sv(40) @ 2550000: uvm_test_top.env.wr_agt.driver [ASYNC_FIFO_WR_DRV] WR Drive item: wr_en=0 wr_data=0x9a3cffad
UVM_INFO ../tb/rd_agent/async_fifo_rd_driver.sv(38) @ 2560000: uvm_test_top.env.rd_agt.driver [ASYNC_FIFO_RD_DRV] RD Drive item: rd_en=1
UVM_INFO ../tb/wr_agent/async_fifo_wr_driver.sv(40) @ 2560000: uvm_test_top.env.wr_agt.driver [ASYNC_FIFO_WR_DRV] WR Drive item: wr_en=0 wr_data=0x6a814372
UVM_INFO ../tb/rd_agent/async_fifo_rd_monitor.sv(69) @ 2568001: uvm_test_top.env.rd_agt.monitor [ASYNC_FIFO_RD_MON] RD accepted item: rd_data=0x932b9839
UVM_INFO ../tb/wr_agent/async_fifo_wr_driver.sv(40) @ 2570000: uvm_test_top.env.wr_agt.driver [ASYNC_FIFO_WR_DRV] WR Drive item: wr_en=0 wr_data=0xfe1bdbd5
UVM_INFO ../tb/rd_agent/async_fifo_rd_driver.sv(38) @ 2576000: uvm_test_top.env.rd_agt.driver [ASYNC_FIFO_RD_DRV] RD Drive item: rd_en=1
UVM_INFO ../tb/wr_agent/async_fifo_wr_driver.sv(40) @ 2580000: uvm_test_top.env.wr_agt.driver [ASYNC_FIFO_WR_DRV] WR Drive item: wr_en=1 wr_data=0x5f8894ba
UVM_INFO ../tb/rd_agent/async_fifo_rd_monitor.sv(69) @ 2584001: uvm_test_top.env.rd_agt.monitor [ASYNC_FIFO_RD_MON] RD accepted item: rd_data=0x353b3670
UVM_INFO ../tb/env/async_fifo_scoreboard.sv(49) @ 2585001: uvm_test_top.env.scb [ASYNC_FIFO_SCB] Model Push: 0x5f8894ba depth=3
UVM_INFO ../tb/wr_agent/async_fifo_wr_driver.sv(40) @ 2590000: uvm_test_top.env.wr_agt.driver [ASYNC_FIFO_WR_DRV] WR Drive item: wr_en=1 wr_data=0x821da020
UVM_INFO ../tb/rd_agent/async_fifo_rd_driver.sv(38) @ 2592000: uvm_test_top.env.rd_agt.driver [ASYNC_FIFO_RD_DRV] RD Drive item: rd_en=0
UVM_INFO ../tb/env/async_fifo_scoreboard.sv(49) @ 2595001: uvm_test_top.env.scb [ASYNC_FIFO_SCB] Model Push: 0x821da020 depth=4
UVM_INFO ../tb/wr_agent/async_fifo_wr_driver.sv(40) @ 2600000: uvm_test_top.env.wr_agt.driver [ASYNC_FIFO_WR_DRV] WR Drive item: wr_en=0 wr_data=0xf689861
UVM_INFO ../tb/rd_agent/async_fifo_rd_driver.sv(38) @ 2608000: uvm_test_top.env.rd_agt.driver [ASYNC_FIFO_RD_DRV] RD Drive item: rd_en=0
UVM_INFO ../tb/wr_agent/async_fifo_wr_driver.sv(40) @ 2610000: uvm_test_top.env.wr_agt.driver [ASYNC_FIFO_WR_DRV] WR Drive item: wr_en=1 wr_data=0xa70b38d6
UVM_INFO ../tb/env/async_fifo_scoreboard.sv(49) @ 2615001: uvm_test_top.env.scb [ASYNC_FIFO_SCB] Model Push: 0xa70b38d6 depth=5
UVM_INFO ../tb/wr_agent/async_fifo_wr_driver.sv(40) @ 2620000: uvm_test_top.env.wr_agt.driver [ASYNC_FIFO_WR_DRV] WR Drive item: wr_en=1 wr_data=0xde8046e
UVM_INFO ../tb/rd_agent/async_fifo_rd_driver.sv(38) @ 2624000: uvm_test_top.env.rd_agt.driver [ASYNC_FIFO_RD_DRV] RD Drive item: rd_en=0
UVM_INFO ../tb/env/async_fifo_scoreboard.sv(49) @ 2625001: uvm_test_top.env.scb [ASYNC_FIFO_SCB] Model Push: 0xde8046e depth=6
UVM_INFO ../tb/wr_agent/async_fifo_wr_driver.sv(40) @ 2630000: uvm_test_top.env.wr_agt.driver [ASYNC_FIFO_WR_DRV] WR Drive item: wr_en=0 wr_data=0xb224355c
UVM_INFO ../tb/rd_agent/async_fifo_rd_driver.sv(38) @ 2640000: uvm_test_top.env.rd_agt.driver [ASYNC_FIFO_RD_DRV] RD Drive item: rd_en=1
UVM_INFO ../tb/wr_agent/async_fifo_wr_driver.sv(40) @ 2640000: uvm_test_top.env.wr_agt.driver [ASYNC_FIFO_WR_DRV] WR Drive item: wr_en=1 wr_data=0xeb5e4deb
UVM_INFO ../tb/env/async_fifo_scoreboard.sv(49) @ 2645001: uvm_test_top.env.scb [ASYNC_FIFO_SCB] Model Push: 0xeb5e4deb depth=7
UVM_INFO ../tb/rd_agent/async_fifo_rd_monitor.sv(69) @ 2648001: uvm_test_top.env.rd_agt.monitor [ASYNC_FIFO_RD_MON] RD accepted item: rd_data=0x6aa09780
UVM_INFO ../tb/wr_agent/async_fifo_wr_driver.sv(40) @ 2650000: uvm_test_top.env.wr_agt.driver [ASYNC_FIFO_WR_DRV] WR Drive item: wr_en=0 wr_data=0xaace5597
UVM_INFO ../tb/rd_agent/async_fifo_rd_driver.sv(38) @ 2656000: uvm_test_top.env.rd_agt.driver [ASYNC_FIFO_RD_DRV] RD Drive item: rd_en=1
UVM_INFO ../tb/wr_agent/async_fifo_wr_driver.sv(40) @ 2660000: uvm_test_top.env.wr_agt.driver [ASYNC_FIFO_WR_DRV] WR Drive item: wr_en=0 wr_data=0x0
UVM_INFO ../tb/rd_agent/async_fifo_rd_monitor.sv(69) @ 2664001: uvm_test_top.env.rd_agt.monitor [ASYNC_FIFO_RD_MON] RD accepted item: rd_data=0x659a1022
UVM_INFO ../tb/wr_agent/async_fifo_wr_driver.sv(40) @ 2670000: uvm_test_top.env.wr_agt.driver [ASYNC_FIFO_WR_DRV] WR Drive item: wr_en=0 wr_data=0x0
UVM_INFO ../tb/rd_agent/async_fifo_rd_driver.sv(38) @ 2672000: uvm_test_top.env.rd_agt.driver [ASYNC_FIFO_RD_DRV] RD Drive item: rd_en=1
UVM_INFO ../tb/wr_agent/async_fifo_wr_driver.sv(40) @ 2680000: uvm_test_top.env.wr_agt.driver [ASYNC_FIFO_WR_DRV] WR Drive item: wr_en=0 wr_data=0x0
UVM_INFO ../tb/rd_agent/async_fifo_rd_monitor.sv(69) @ 2680001: uvm_test_top.env.rd_agt.monitor [ASYNC_FIFO_RD_MON] RD accepted item: rd_data=0x5f8894ba
UVM_INFO ../tb/rd_agent/async_fifo_rd_driver.sv(38) @ 2688000: uvm_test_top.env.rd_agt.driver [ASYNC_FIFO_RD_DRV] RD Drive item: rd_en=1
UVM_INFO ../tb/wr_agent/async_fifo_wr_driver.sv(40) @ 2690000: uvm_test_top.env.wr_agt.driver [ASYNC_FIFO_WR_DRV] WR Drive item: wr_en=0 wr_data=0x0
UVM_INFO ../tb/rd_agent/async_fifo_rd_monitor.sv(69) @ 2696001: uvm_test_top.env.rd_agt.monitor [ASYNC_FIFO_RD_MON] RD accepted item: rd_data=0x821da020
UVM_INFO ../tb/wr_agent/async_fifo_wr_driver.sv(40) @ 2700000: uvm_test_top.env.wr_agt.driver [ASYNC_FIFO_WR_DRV] WR Drive item: wr_en=0 wr_data=0x0
UVM_INFO ../tb/rd_agent/async_fifo_rd_driver.sv(38) @ 2704000: uvm_test_top.env.rd_agt.driver [ASYNC_FIFO_RD_DRV] RD Drive item: rd_en=1
UVM_INFO ../tb/wr_agent/async_fifo_wr_driver.sv(40) @ 2710000: uvm_test_top.env.wr_agt.driver [ASYNC_FIFO_WR_DRV] WR Drive item: wr_en=0 wr_data=0x0
UVM_INFO ../tb/rd_agent/async_fifo_rd_monitor.sv(69) @ 2712001: uvm_test_top.env.rd_agt.monitor [ASYNC_FIFO_RD_MON] RD accepted item: rd_data=0xa70b38d6
UVM_INFO ../tb/rd_agent/async_fifo_rd_driver.sv(38) @ 2720000: uvm_test_top.env.rd_agt.driver [ASYNC_FIFO_RD_DRV] RD Drive item: rd_en=0
UVM_INFO ../tb/wr_agent/async_fifo_wr_driver.sv(40) @ 2720000: uvm_test_top.env.wr_agt.driver [ASYNC_FIFO_WR_DRV] WR Drive item: wr_en=0 wr_data=0x0
UVM_INFO ../tb/wr_agent/async_fifo_wr_driver.sv(40) @ 2730000: uvm_test_top.env.wr_agt.driver [ASYNC_FIFO_WR_DRV] WR Drive item: wr_en=0 wr_data=0x0
UVM_INFO ../tb/rd_agent/async_fifo_rd_driver.sv(38) @ 2736000: uvm_test_top.env.rd_agt.driver [ASYNC_FIFO_RD_DRV] RD Drive item: rd_en=1
UVM_INFO ../tb/wr_agent/async_fifo_wr_driver.sv(40) @ 2740000: uvm_test_top.env.wr_agt.driver [ASYNC_FIFO_WR_DRV] WR Drive item: wr_en=0 wr_data=0x0
UVM_INFO ../tb/rd_agent/async_fifo_rd_monitor.sv(69) @ 2744001: uvm_test_top.env.rd_agt.monitor [ASYNC_FIFO_RD_MON] RD accepted item: rd_data=0xde8046e
UVM_INFO ../tb/wr_agent/async_fifo_wr_driver.sv(40) @ 2750000: uvm_test_top.env.wr_agt.driver [ASYNC_FIFO_WR_DRV] WR Drive item: wr_en=0 wr_data=0x0
UVM_INFO ../tb/rd_agent/async_fifo_rd_driver.sv(38) @ 2752000: uvm_test_top.env.rd_agt.driver [ASYNC_FIFO_RD_DRV] RD Drive item: rd_en=0
UVM_INFO ../tb/wr_agent/async_fifo_wr_driver.sv(40) @ 2760000: uvm_test_top.env.wr_agt.driver [ASYNC_FIFO_WR_DRV] WR Drive item: wr_en=0 wr_data=0x0
UVM_INFO ../tb/rd_agent/async_fifo_rd_driver.sv(38) @ 2768000: uvm_test_top.env.rd_agt.driver [ASYNC_FIFO_RD_DRV] RD Drive item: rd_en=0
UVM_INFO ../tb/wr_agent/async_fifo_wr_driver.sv(40) @ 2770000: uvm_test_top.env.wr_agt.driver [ASYNC_FIFO_WR_DRV] WR Drive item: wr_en=0 wr_data=0x0
UVM_INFO ../tb/wr_agent/async_fifo_wr_driver.sv(40) @ 2780000: uvm_test_top.env.wr_agt.driver [ASYNC_FIFO_WR_DRV] WR Drive item: wr_en=0 wr_data=0x0
UVM_INFO ../tb/rd_agent/async_fifo_rd_driver.sv(38) @ 2784000: uvm_test_top.env.rd_agt.driver [ASYNC_FIFO_RD_DRV] RD Drive item: rd_en=0
UVM_INFO ../tb/wr_agent/async_fifo_wr_driver.sv(40) @ 2790000: uvm_test_top.env.wr_agt.driver [ASYNC_FIFO_WR_DRV] WR Drive item: wr_en=0 wr_data=0x0
UVM_INFO ../tb/rd_agent/async_fifo_rd_driver.sv(38) @ 2800000: uvm_test_top.env.rd_agt.driver [ASYNC_FIFO_RD_DRV] RD Drive item: rd_en=1
UVM_INFO ../tb/wr_agent/async_fifo_wr_driver.sv(40) @ 2800000: uvm_test_top.env.wr_agt.driver [ASYNC_FIFO_WR_DRV] WR Drive item: wr_en=0 wr_data=0x0
UVM_INFO ../tb/rd_agent/async_fifo_rd_monitor.sv(69) @ 2808001: uvm_test_top.env.rd_agt.monitor [ASYNC_FIFO_RD_MON] RD accepted item: rd_data=0xeb5e4deb
UVM_INFO ../tb/wr_agent/async_fifo_wr_driver.sv(40) @ 2810000: uvm_test_top.env.wr_agt.driver [ASYNC_FIFO_WR_DRV] WR Drive item: wr_en=0 wr_data=0x0
UVM_INFO ../tb/rd_agent/async_fifo_rd_driver.sv(38) @ 2816000: uvm_test_top.env.rd_agt.driver [ASYNC_FIFO_RD_DRV] RD Drive item: rd_en=0
UVM_INFO ../tb/wr_agent/async_fifo_wr_driver.sv(40) @ 2820000: uvm_test_top.env.wr_agt.driver [ASYNC_FIFO_WR_DRV] WR Drive item: wr_en=0 wr_data=0x0
UVM_INFO ../tb/wr_agent/async_fifo_wr_driver.sv(40) @ 2830000: uvm_test_top.env.wr_agt.driver [ASYNC_FIFO_WR_DRV] WR Drive item: wr_en=0 wr_data=0x0
UVM_INFO ../tb/rd_agent/async_fifo_rd_driver.sv(38) @ 2832000: uvm_test_top.env.rd_agt.driver [ASYNC_FIFO_RD_DRV] RD Drive item: rd_en=0
UVM_INFO ../tb/wr_agent/async_fifo_wr_driver.sv(40) @ 2840000: uvm_test_top.env.wr_agt.driver [ASYNC_FIFO_WR_DRV] WR Drive item: wr_en=0 wr_data=0x0
UVM_INFO ../tb/rd_agent/async_fifo_rd_driver.sv(38) @ 2848000: uvm_test_top.env.rd_agt.driver [ASYNC_FIFO_RD_DRV] RD Drive item: rd_en=0
UVM_INFO ../tb/wr_agent/async_fifo_wr_driver.sv(40) @ 2850000: uvm_test_top.env.wr_agt.driver [ASYNC_FIFO_WR_DRV] WR Drive item: wr_en=0 wr_data=0x0
UVM_INFO ../tb/wr_agent/async_fifo_wr_driver.sv(40) @ 2860000: uvm_test_top.env.wr_agt.driver [ASYNC_FIFO_WR_DRV] WR Drive item: wr_en=0 wr_data=0x0
UVM_INFO ../tb/rd_agent/async_fifo_rd_driver.sv(38) @ 2864000: uvm_test_top.env.rd_agt.driver [ASYNC_FIFO_RD_DRV] RD Drive item: rd_en=0
UVM_INFO ../tb/wr_agent/async_fifo_wr_driver.sv(40) @ 2870000: uvm_test_top.env.wr_agt.driver [ASYNC_FIFO_WR_DRV] WR Drive item: wr_en=0 wr_data=0x0
UVM_INFO ../tb/rd_agent/async_fifo_rd_driver.sv(38) @ 2880000: uvm_test_top.env.rd_agt.driver [ASYNC_FIFO_RD_DRV] RD Drive item: rd_en=1
UVM_INFO ../tb/wr_agent/async_fifo_wr_driver.sv(40) @ 2880000: uvm_test_top.env.wr_agt.driver [ASYNC_FIFO_WR_DRV] WR Drive item: wr_en=0 wr_data=0x0
UVM_INFO ../tb/wr_agent/async_fifo_wr_driver.sv(40) @ 2890000: uvm_test_top.env.wr_agt.driver [ASYNC_FIFO_WR_DRV] WR Drive item: wr_en=0 wr_data=0x0
UVM_INFO ../tb/rd_agent/async_fifo_rd_driver.sv(38) @ 2896000: uvm_test_top.env.rd_agt.driver [ASYNC_FIFO_RD_DRV] RD Drive item: rd_en=0
UVM_INFO ../tb/wr_agent/async_fifo_wr_driver.sv(40) @ 2900000: uvm_test_top.env.wr_agt.driver [ASYNC_FIFO_WR_DRV] WR Drive item: wr_en=0 wr_data=0x0
UVM_INFO ../tb/wr_agent/async_fifo_wr_driver.sv(40) @ 2910000: uvm_test_top.env.wr_agt.driver [ASYNC_FIFO_WR_DRV] WR Drive item: wr_en=0 wr_data=0x0
UVM_INFO ../tb/rd_agent/async_fifo_rd_driver.sv(38) @ 2912000: uvm_test_top.env.rd_agt.driver [ASYNC_FIFO_RD_DRV] RD Drive item: rd_en=1
UVM_INFO ../tb/wr_agent/async_fifo_wr_driver.sv(40) @ 2920000: uvm_test_top.env.wr_agt.driver [ASYNC_FIFO_WR_DRV] WR Drive item: wr_en=0 wr_data=0x0
UVM_INFO ../tb/rd_agent/async_fifo_rd_driver.sv(38) @ 2928000: uvm_test_top.env.rd_agt.driver [ASYNC_FIFO_RD_DRV] RD Drive item: rd_en=0
UVM_INFO ../tb/wr_agent/async_fifo_wr_driver.sv(40) @ 2930000: uvm_test_top.env.wr_agt.driver [ASYNC_FIFO_WR_DRV] WR Drive item: wr_en=0 wr_data=0x0
UVM_INFO ../tb/wr_agent/async_fifo_wr_driver.sv(40) @ 2940000: uvm_test_top.env.wr_agt.driver [ASYNC_FIFO_WR_DRV] WR Drive item: wr_en=0 wr_data=0x0
UVM_INFO ../tb/rd_agent/async_fifo_rd_driver.sv(38) @ 2944000: uvm_test_top.env.rd_agt.driver [ASYNC_FIFO_RD_DRV] RD Drive item: rd_en=0
UVM_INFO ../tb/wr_agent/async_fifo_wr_driver.sv(40) @ 2950000: uvm_test_top.env.wr_agt.driver [ASYNC_FIFO_WR_DRV] WR Drive item: wr_en=0 wr_data=0x0
UVM_INFO ../tb/rd_agent/async_fifo_rd_driver.sv(38) @ 2960000: uvm_test_top.env.rd_agt.driver [ASYNC_FIFO_RD_DRV] RD Drive item: rd_en=1
UVM_INFO ../tb/wr_agent/async_fifo_wr_driver.sv(40) @ 2960000: uvm_test_top.env.wr_agt.driver [ASYNC_FIFO_WR_DRV] WR Drive item: wr_en=0 wr_data=0x0
UVM_INFO ../tb/wr_agent/async_fifo_wr_driver.sv(40) @ 2970000: uvm_test_top.env.wr_agt.driver [ASYNC_FIFO_WR_DRV] WR Drive item: wr_en=0 wr_data=0x0
UVM_INFO ../tb/rd_agent/async_fifo_rd_driver.sv(38) @ 2976000: uvm_test_top.env.rd_agt.driver [ASYNC_FIFO_RD_DRV] RD Drive item: rd_en=1
UVM_INFO ../tb/wr_agent/async_fifo_wr_driver.sv(40) @ 2980000: uvm_test_top.env.wr_agt.driver [ASYNC_FIFO_WR_DRV] WR Drive item: wr_en=0 wr_data=0x0
UVM_INFO ../tb/wr_agent/async_fifo_wr_driver.sv(40) @ 2990000: uvm_test_top.env.wr_agt.driver [ASYNC_FIFO_WR_DRV] WR Drive item: wr_en=0 wr_data=0x0
UVM_INFO ../tb/rd_agent/async_fifo_rd_driver.sv(38) @ 2992000: uvm_test_top.env.rd_agt.driver [ASYNC_FIFO_RD_DRV] RD Drive item: rd_en=0
UVM_INFO ../tb/wr_agent/async_fifo_wr_driver.sv(40) @ 3000000: uvm_test_top.env.wr_agt.driver [ASYNC_FIFO_WR_DRV] WR Drive item: wr_en=0 wr_data=0x0
UVM_INFO ../tb/rd_agent/async_fifo_rd_driver.sv(38) @ 3008000: uvm_test_top.env.rd_agt.driver [ASYNC_FIFO_RD_DRV] RD Drive item: rd_en=1
UVM_INFO ../tb/wr_agent/async_fifo_wr_driver.sv(40) @ 3010000: uvm_test_top.env.wr_agt.driver [ASYNC_FIFO_WR_DRV] WR Drive item: wr_en=0 wr_data=0x0
UVM_INFO ../tb/wr_agent/async_fifo_wr_driver.sv(40) @ 3020000: uvm_test_top.env.wr_agt.driver [ASYNC_FIFO_WR_DRV] WR Drive item: wr_en=0 wr_data=0x0
UVM_INFO ../tb/rd_agent/async_fifo_rd_driver.sv(38) @ 3024000: uvm_test_top.env.rd_agt.driver [ASYNC_FIFO_RD_DRV] RD Drive item: rd_en=0
UVM_INFO ../tb/wr_agent/async_fifo_wr_driver.sv(40) @ 3030000: uvm_test_top.env.wr_agt.driver [ASYNC_FIFO_WR_DRV] WR Drive item: wr_en=0 wr_data=0x0
UVM_INFO ../tb/rd_agent/async_fifo_rd_driver.sv(38) @ 3040000: uvm_test_top.env.rd_agt.driver [ASYNC_FIFO_RD_DRV] RD Drive item: rd_en=1
UVM_INFO ../tb/wr_agent/async_fifo_wr_driver.sv(40) @ 3040000: uvm_test_top.env.wr_agt.driver [ASYNC_FIFO_WR_DRV] WR Drive item: wr_en=0 wr_data=0x0
UVM_INFO ../tb/wr_agent/async_fifo_wr_driver.sv(40) @ 3050000: uvm_test_top.env.wr_agt.driver [ASYNC_FIFO_WR_DRV] WR Drive item: wr_en=0 wr_data=0x0
UVM_INFO ../tb/rd_agent/async_fifo_rd_driver.sv(38) @ 3056000: uvm_test_top.env.rd_agt.driver [ASYNC_FIFO_RD_DRV] RD Drive item: rd_en=0
UVM_INFO ../tb/wr_agent/async_fifo_wr_driver.sv(40) @ 3060000: uvm_test_top.env.wr_agt.driver [ASYNC_FIFO_WR_DRV] WR Drive item: wr_en=0 wr_data=0x0
UVM_INFO ../tb/wr_agent/async_fifo_wr_driver.sv(40) @ 3070000: uvm_test_top.env.wr_agt.driver [ASYNC_FIFO_WR_DRV] WR Drive item: wr_en=0 wr_data=0x0
UVM_INFO ../tb/rd_agent/async_fifo_rd_driver.sv(38) @ 3072000: uvm_test_top.env.rd_agt.driver [ASYNC_FIFO_RD_DRV] RD Drive item: rd_en=1
UVM_INFO ../tb/wr_agent/async_fifo_wr_driver.sv(40) @ 3080000: uvm_test_top.env.wr_agt.driver [ASYNC_FIFO_WR_DRV] WR Drive item: wr_en=0 wr_data=0x0
UVM_INFO ../tb/rd_agent/async_fifo_rd_driver.sv(38) @ 3088000: uvm_test_top.env.rd_agt.driver [ASYNC_FIFO_RD_DRV] RD Drive item: rd_en=0
UVM_INFO ../tb/wr_agent/async_fifo_wr_driver.sv(40) @ 3090000: uvm_test_top.env.wr_agt.driver [ASYNC_FIFO_WR_DRV] WR Drive item: wr_en=0 wr_data=0x0
UVM_INFO ../tb/wr_agent/async_fifo_wr_driver.sv(40) @ 3100000: uvm_test_top.env.wr_agt.driver [ASYNC_FIFO_WR_DRV] WR Drive item: wr_en=0 wr_data=0x0
UVM_INFO ../tb/rd_agent/async_fifo_rd_driver.sv(38) @ 3104000: uvm_test_top.env.rd_agt.driver [ASYNC_FIFO_RD_DRV] RD Drive item: rd_en=0
UVM_INFO ../tb/wr_agent/async_fifo_wr_driver.sv(40) @ 3110000: uvm_test_top.env.wr_agt.driver [ASYNC_FIFO_WR_DRV] WR Drive item: wr_en=0 wr_data=0x0
UVM_INFO ../tb/rd_agent/async_fifo_rd_driver.sv(38) @ 3120000: uvm_test_top.env.rd_agt.driver [ASYNC_FIFO_RD_DRV] RD Drive item: rd_en=0
UVM_INFO ../tb/wr_agent/async_fifo_wr_driver.sv(40) @ 3120000: uvm_test_top.env.wr_agt.driver [ASYNC_FIFO_WR_DRV] WR Drive item: wr_en=0 wr_data=0x0
UVM_INFO ../tb/wr_agent/async_fifo_wr_driver.sv(40) @ 3130000: uvm_test_top.env.wr_agt.driver [ASYNC_FIFO_WR_DRV] WR Drive item: wr_en=0 wr_data=0x0
UVM_INFO ../tb/rd_agent/async_fifo_rd_driver.sv(38) @ 3136000: uvm_test_top.env.rd_agt.driver [ASYNC_FIFO_RD_DRV] RD Drive item: rd_en=0
UVM_INFO ../tb/wr_agent/async_fifo_wr_driver.sv(40) @ 3140000: uvm_test_top.env.wr_agt.driver [ASYNC_FIFO_WR_DRV] WR Drive item: wr_en=1 wr_data=0xfc63c62
UVM_INFO ../tb/env/async_fifo_scoreboard.sv(49) @ 3145001: uvm_test_top.env.scb [ASYNC_FIFO_SCB] Model Push: 0xfc63c62 depth=1
UVM_INFO ../tb/wr_agent/async_fifo_wr_driver.sv(40) @ 3150000: uvm_test_top.env.wr_agt.driver [ASYNC_FIFO_WR_DRV] WR Drive item: wr_en=1 wr_data=0x712f2022
UVM_INFO ../tb/rd_agent/async_fifo_rd_driver.sv(38) @ 3152000: uvm_test_top.env.rd_agt.driver [ASYNC_FIFO_RD_DRV] RD Drive item: rd_en=1
UVM_INFO ../tb/env/async_fifo_scoreboard.sv(49) @ 3155001: uvm_test_top.env.scb [ASYNC_FIFO_SCB] Model Push: 0x712f2022 depth=2
UVM_INFO ../tb/wr_agent/async_fifo_wr_driver.sv(40) @ 3160000: uvm_test_top.env.wr_agt.driver [ASYNC_FIFO_WR_DRV] WR Drive item: wr_en=1 wr_data=0x8acbbe1a
UVM_INFO ../tb/env/async_fifo_scoreboard.sv(49) @ 3165001: uvm_test_top.env.scb [ASYNC_FIFO_SCB] Model Push: 0x8acbbe1a depth=3
UVM_INFO ../tb/rd_agent/async_fifo_rd_driver.sv(38) @ 3168000: uvm_test_top.env.rd_agt.driver [ASYNC_FIFO_RD_DRV] RD Drive item: rd_en=1
UVM_INFO ../tb/wr_agent/async_fifo_wr_driver.sv(40) @ 3170000: uvm_test_top.env.wr_agt.driver [ASYNC_FIFO_WR_DRV] WR Drive item: wr_en=1 wr_data=0x5b5cf836
UVM_INFO ../tb/env/async_fifo_scoreboard.sv(49) @ 3175001: uvm_test_top.env.scb [ASYNC_FIFO_SCB] Model Push: 0x5b5cf836 depth=4
UVM_INFO ../tb/wr_agent/async_fifo_wr_driver.sv(40) @ 3180000: uvm_test_top.env.wr_agt.driver [ASYNC_FIFO_WR_DRV] WR Drive item: wr_en=1 wr_data=0x72c382a6
UVM_INFO ../tb/rd_agent/async_fifo_rd_driver.sv(38) @ 3184000: uvm_test_top.env.rd_agt.driver [ASYNC_FIFO_RD_DRV] RD Drive item: rd_en=1
UVM_INFO ../tb/env/async_fifo_scoreboard.sv(49) @ 3185001: uvm_test_top.env.scb [ASYNC_FIFO_SCB] Model Push: 0x72c382a6 depth=5
UVM_INFO ../tb/wr_agent/async_fifo_wr_driver.sv(40) @ 3190000: uvm_test_top.env.wr_agt.driver [ASYNC_FIFO_WR_DRV] WR Drive item: wr_en=1 wr_data=0xe12cce8
UVM_INFO ../tb/env/async_fifo_scoreboard.sv(49) @ 3195001: uvm_test_top.env.scb [ASYNC_FIFO_SCB] Model Push: 0xe12cce8 depth=6
UVM_INFO ../tb/rd_agent/async_fifo_rd_driver.sv(38) @ 3200000: uvm_test_top.env.rd_agt.driver [ASYNC_FIFO_RD_DRV] RD Drive item: rd_en=0
UVM_INFO ../tb/wr_agent/async_fifo_wr_driver.sv(40) @ 3200000: uvm_test_top.env.wr_agt.driver [ASYNC_FIFO_WR_DRV] WR Drive item: wr_en=1 wr_data=0xc91ac1bb
UVM_INFO ../tb/env/async_fifo_scoreboard.sv(49) @ 3205001: uvm_test_top.env.scb [ASYNC_FIFO_SCB] Model Push: 0xc91ac1bb depth=7
UVM_INFO ../tb/wr_agent/async_fifo_wr_driver.sv(40) @ 3210000: uvm_test_top.env.wr_agt.driver [ASYNC_FIFO_WR_DRV] WR Drive item: wr_en=1 wr_data=0x4249136
UVM_INFO ../tb/env/async_fifo_scoreboard.sv(49) @ 3215001: uvm_test_top.env.scb [ASYNC_FIFO_SCB] Model Push: 0x4249136 depth=8
UVM_INFO ../tb/rd_agent/async_fifo_rd_driver.sv(38) @ 3216000: uvm_test_top.env.rd_agt.driver [ASYNC_FIFO_RD_DRV] RD Drive item: rd_en=0
UVM_INFO ../tb/wr_agent/async_fifo_wr_driver.sv(40) @ 3220000: uvm_test_top.env.wr_agt.driver [ASYNC_FIFO_WR_DRV] WR Drive item: wr_en=1 wr_data=0x80490aa6
UVM_INFO ../tb/env/async_fifo_scoreboard.sv(49) @ 3225001: uvm_test_top.env.scb [ASYNC_FIFO_SCB] Model Push: 0x80490aa6 depth=9
UVM_INFO ../tb/wr_agent/async_fifo_wr_driver.sv(40) @ 3230000: uvm_test_top.env.wr_agt.driver [ASYNC_FIFO_WR_DRV] WR Drive item: wr_en=1 wr_data=0x7d50da40
UVM_INFO ../tb/rd_agent/async_fifo_rd_driver.sv(38) @ 3232000: uvm_test_top.env.rd_agt.driver [ASYNC_FIFO_RD_DRV] RD Drive item: rd_en=0
UVM_INFO ../tb/env/async_fifo_scoreboard.sv(49) @ 3235001: uvm_test_top.env.scb [ASYNC_FIFO_SCB] Model Push: 0x7d50da40 depth=10
UVM_INFO ../tb/wr_agent/async_fifo_wr_driver.sv(40) @ 3240000: uvm_test_top.env.wr_agt.driver [ASYNC_FIFO_WR_DRV] WR Drive item: wr_en=1 wr_data=0x66c053c4
UVM_INFO ../tb/env/async_fifo_scoreboard.sv(49) @ 3245001: uvm_test_top.env.scb [ASYNC_FIFO_SCB] Model Push: 0x66c053c4 depth=11
UVM_INFO ../tb/rd_agent/async_fifo_rd_driver.sv(38) @ 3248000: uvm_test_top.env.rd_agt.driver [ASYNC_FIFO_RD_DRV] RD Drive item: rd_en=1
UVM_INFO ../tb/wr_agent/async_fifo_wr_driver.sv(40) @ 3250000: uvm_test_top.env.wr_agt.driver [ASYNC_FIFO_WR_DRV] WR Drive item: wr_en=1 wr_data=0xacc768a2
UVM_INFO ../tb/env/async_fifo_scoreboard.sv(49) @ 3255001: uvm_test_top.env.scb [ASYNC_FIFO_SCB] Model Push: 0xacc768a2 depth=12
UVM_INFO ../tb/rd_agent/async_fifo_rd_monitor.sv(69) @ 3256001: uvm_test_top.env.rd_agt.monitor [ASYNC_FIFO_RD_MON] RD accepted item: rd_data=0xfc63c62
UVM_INFO ../tb/wr_agent/async_fifo_wr_driver.sv(40) @ 3260000: uvm_test_top.env.wr_agt.driver [ASYNC_FIFO_WR_DRV] WR Drive item: wr_en=1 wr_data=0xbd446c42
UVM_INFO ../tb/rd_agent/async_fifo_rd_driver.sv(38) @ 3264000: uvm_test_top.env.rd_agt.driver [ASYNC_FIFO_RD_DRV] RD Drive item: rd_en=1
UVM_INFO ../tb/env/async_fifo_scoreboard.sv(49) @ 3265001: uvm_test_top.env.scb [ASYNC_FIFO_SCB] Model Push: 0xbd446c42 depth=12
UVM_INFO ../tb/wr_agent/async_fifo_wr_driver.sv(40) @ 3270000: uvm_test_top.env.wr_agt.driver [ASYNC_FIFO_WR_DRV] WR Drive item: wr_en=1 wr_data=0x1fc227af
UVM_INFO ../tb/rd_agent/async_fifo_rd_monitor.sv(69) @ 3272001: uvm_test_top.env.rd_agt.monitor [ASYNC_FIFO_RD_MON] RD accepted item: rd_data=0x712f2022
UVM_INFO ../tb/env/async_fifo_scoreboard.sv(49) @ 3275001: uvm_test_top.env.scb [ASYNC_FIFO_SCB] Model Push: 0x1fc227af depth=12
UVM_INFO ../tb/rd_agent/async_fifo_rd_driver.sv(38) @ 3280000: uvm_test_top.env.rd_agt.driver [ASYNC_FIFO_RD_DRV] RD Drive item: rd_en=1
UVM_INFO ../tb/wr_agent/async_fifo_wr_driver.sv(40) @ 3280000: uvm_test_top.env.wr_agt.driver [ASYNC_FIFO_WR_DRV] WR Drive item: wr_en=1 wr_data=0x5060104a
UVM_INFO ../tb/env/async_fifo_scoreboard.sv(49) @ 3285001: uvm_test_top.env.scb [ASYNC_FIFO_SCB] Model Push: 0x5060104a depth=13
UVM_INFO ../tb/rd_agent/async_fifo_rd_monitor.sv(69) @ 3288001: uvm_test_top.env.rd_agt.monitor [ASYNC_FIFO_RD_MON] RD accepted item: rd_data=0x8acbbe1a
UVM_INFO ../tb/wr_agent/async_fifo_wr_driver.sv(40) @ 3290000: uvm_test_top.env.wr_agt.driver [ASYNC_FIFO_WR_DRV] WR Drive item: wr_en=1 wr_data=0x19940f0
UVM_INFO ../tb/env/async_fifo_scoreboard.sv(49) @ 3295001: uvm_test_top.env.scb [ASYNC_FIFO_SCB] Model Push: 0x19940f0 depth=13
UVM_INFO ../tb/rd_agent/async_fifo_rd_driver.sv(38) @ 3296000: uvm_test_top.env.rd_agt.driver [ASYNC_FIFO_RD_DRV] RD Drive item: rd_en=0
UVM_INFO ../tb/wr_agent/async_fifo_wr_driver.sv(40) @ 3300000: uvm_test_top.env.wr_agt.driver [ASYNC_FIFO_WR_DRV] WR Drive item: wr_en=1 wr_data=0xbdf5f6d8
UVM_INFO ../tb/env/async_fifo_scoreboard.sv(49) @ 3305001: uvm_test_top.env.scb [ASYNC_FIFO_SCB] Model Push: 0xbdf5f6d8 depth=14
UVM_INFO ../tb/wr_agent/async_fifo_wr_driver.sv(40) @ 3310000: uvm_test_top.env.wr_agt.driver [ASYNC_FIFO_WR_DRV] WR Drive item: wr_en=1 wr_data=0x60ca1c2d
UVM_INFO ../tb/rd_agent/async_fifo_rd_driver.sv(38) @ 3312000: uvm_test_top.env.rd_agt.driver [ASYNC_FIFO_RD_DRV] RD Drive item: rd_en=0
UVM_INFO ../tb/env/async_fifo_scoreboard.sv(49) @ 3315001: uvm_test_top.env.scb [ASYNC_FIFO_SCB] Model Push: 0x60ca1c2d depth=15
UVM_INFO ../tb/wr_agent/async_fifo_wr_driver.sv(40) @ 3320000: uvm_test_top.env.wr_agt.driver [ASYNC_FIFO_WR_DRV] WR Drive item: wr_en=1 wr_data=0xab2c66f5
UVM_INFO ../tb/env/async_fifo_scoreboard.sv(49) @ 3325001: uvm_test_top.env.scb [ASYNC_FIFO_SCB] Model Push: 0xab2c66f5 depth=16
UVM_INFO ../tb/rd_agent/async_fifo_rd_driver.sv(38) @ 3328000: uvm_test_top.env.rd_agt.driver [ASYNC_FIFO_RD_DRV] RD Drive item: rd_en=0
UVM_INFO ../tb/wr_agent/async_fifo_wr_driver.sv(40) @ 3330000: uvm_test_top.env.wr_agt.driver [ASYNC_FIFO_WR_DRV] WR Drive item: wr_en=1 wr_data=0x86515bc1
UVM_INFO ../tb/env/async_fifo_scoreboard.sv(55) @ 3335001: uvm_test_top.env.scb [ASYNC_FIFO_SCB] Write ignored because write side was full before edge
UVM_INFO ../tb/rd_agent/async_fifo_rd_driver.sv(38) @ 3344000: uvm_test_top.env.rd_agt.driver [ASYNC_FIFO_RD_DRV] RD Drive item: rd_en=0
UVM_INFO ../tb/env/async_fifo_scoreboard.sv(55) @ 3345001: uvm_test_top.env.scb [ASYNC_FIFO_SCB] Write ignored because write side was full before edge
UVM_INFO ../tb/env/async_fifo_scoreboard.sv(55) @ 3355001: uvm_test_top.env.scb [ASYNC_FIFO_SCB] Write ignored because write side was full before edge
UVM_INFO ../tb/rd_agent/async_fifo_rd_driver.sv(38) @ 3360000: uvm_test_top.env.rd_agt.driver [ASYNC_FIFO_RD_DRV] RD Drive item: rd_en=0
UVM_INFO ../tb/env/async_fifo_scoreboard.sv(55) @ 3365001: uvm_test_top.env.scb [ASYNC_FIFO_SCB] Write ignored because write side was full before edge
UVM_INFO ../tb/env/async_fifo_scoreboard.sv(55) @ 3375001: uvm_test_top.env.scb [ASYNC_FIFO_SCB] Write ignored because write side was full before edge
UVM_INFO ../tb/rd_agent/async_fifo_rd_driver.sv(38) @ 3376000: uvm_test_top.env.rd_agt.driver [ASYNC_FIFO_RD_DRV] RD Drive item: rd_en=0
UVM_INFO ../tb/env/async_fifo_scoreboard.sv(55) @ 3385001: uvm_test_top.env.scb [ASYNC_FIFO_SCB] Write ignored because write side was full before edge
UVM_INFO ../tb/rd_agent/async_fifo_rd_driver.sv(38) @ 3392000: uvm_test_top.env.rd_agt.driver [ASYNC_FIFO_RD_DRV] RD Drive item: rd_en=0
UVM_INFO ../tb/env/async_fifo_scoreboard.sv(55) @ 3395001: uvm_test_top.env.scb [ASYNC_FIFO_SCB] Write ignored because write side was full before edge
UVM_INFO ../tb/env/async_fifo_scoreboard.sv(55) @ 3405001: uvm_test_top.env.scb [ASYNC_FIFO_SCB] Write ignored because write side was full before edge
UVM_INFO ../tb/rd_agent/async_fifo_rd_driver.sv(38) @ 3408000: uvm_test_top.env.rd_agt.driver [ASYNC_FIFO_RD_DRV] RD Drive item: rd_en=1
UVM_INFO ../tb/env/async_fifo_scoreboard.sv(55) @ 3415001: uvm_test_top.env.scb [ASYNC_FIFO_SCB] Write ignored because write side was full before edge
UVM_INFO ../tb/rd_agent/async_fifo_rd_monitor.sv(69) @ 3416001: uvm_test_top.env.rd_agt.monitor [ASYNC_FIFO_RD_MON] RD accepted item: rd_data=0x5b5cf836
UVM_INFO ../tb/rd_agent/async_fifo_rd_driver.sv(38) @ 3424000: uvm_test_top.env.rd_agt.driver [ASYNC_FIFO_RD_DRV] RD Drive item: rd_en=0
UVM_INFO ../tb/env/async_fifo_scoreboard.sv(55) @ 3425001: uvm_test_top.env.scb [ASYNC_FIFO_SCB] Write ignored because write side was full before edge
UVM_INFO ../tb/env/async_fifo_scoreboard.sv(55) @ 3435001: uvm_test_top.env.scb [ASYNC_FIFO_SCB] Write ignored because write side was full before edge
UVM_INFO ../tb/rd_agent/async_fifo_rd_driver.sv(38) @ 3440000: uvm_test_top.env.rd_agt.driver [ASYNC_FIFO_RD_DRV] RD Drive item: rd_en=0
UVM_INFO ../tb/env/async_fifo_scoreboard.sv(55) @ 3445001: uvm_test_top.env.scb [ASYNC_FIFO_SCB] Write ignored because write side was full before edge
UVM_INFO ../tb/env/async_fifo_scoreboard.sv(49) @ 3455001: uvm_test_top.env.scb [ASYNC_FIFO_SCB] Model Push: 0x86515bc1 depth=16
UVM_INFO ../tb/rd_agent/async_fifo_rd_driver.sv(38) @ 3456000: uvm_test_top.env.rd_agt.driver [ASYNC_FIFO_RD_DRV] RD Drive item: rd_en=0
UVM_INFO ../tb/env/async_fifo_scoreboard.sv(55) @ 3465001: uvm_test_top.env.scb [ASYNC_FIFO_SCB] Write ignored because write side was full before edge
UVM_INFO ../tb/rd_agent/async_fifo_rd_driver.sv(38) @ 3472000: uvm_test_top.env.rd_agt.driver [ASYNC_FIFO_RD_DRV] RD Drive item: rd_en=1
UVM_INFO ../tb/env/async_fifo_scoreboard.sv(55) @ 3475001: uvm_test_top.env.scb [ASYNC_FIFO_SCB] Write ignored because write side was full before edge
UVM_INFO ../tb/rd_agent/async_fifo_rd_monitor.sv(69) @ 3480001: uvm_test_top.env.rd_agt.monitor [ASYNC_FIFO_RD_MON] RD accepted item: rd_data=0x72c382a6
UVM_INFO ../tb/env/async_fifo_scoreboard.sv(55) @ 3485001: uvm_test_top.env.scb [ASYNC_FIFO_SCB] Write ignored because write side was full before edge
UVM_INFO ../tb/rd_agent/async_fifo_rd_driver.sv(38) @ 3488000: uvm_test_top.env.rd_agt.driver [ASYNC_FIFO_RD_DRV] RD Drive item: rd_en=1
UVM_INFO ../tb/env/async_fifo_scoreboard.sv(55) @ 3495001: uvm_test_top.env.scb [ASYNC_FIFO_SCB] Write ignored because write side was full before edge
UVM_INFO ../tb/rd_agent/async_fifo_rd_monitor.sv(69) @ 3496001: uvm_test_top.env.rd_agt.monitor [ASYNC_FIFO_RD_MON] RD accepted item: rd_data=0xe12cce8
UVM_INFO ../tb/rd_agent/async_fifo_rd_driver.sv(38) @ 3504000: uvm_test_top.env.rd_agt.driver [ASYNC_FIFO_RD_DRV] RD Drive item: rd_en=1
UVM_INFO ../tb/env/async_fifo_scoreboard.sv(55) @ 3505001: uvm_test_top.env.scb [ASYNC_FIFO_SCB] Write ignored because write side was full before edge
UVM_INFO ../tb/rd_agent/async_fifo_rd_monitor.sv(69) @ 3512001: uvm_test_top.env.rd_agt.monitor [ASYNC_FIFO_RD_MON] RD accepted item: rd_data=0xc91ac1bb
UVM_INFO ../tb/env/async_fifo_scoreboard.sv(49) @ 3515001: uvm_test_top.env.scb [ASYNC_FIFO_SCB] Model Push: 0x86515bc1 depth=14
UVM_INFO ../tb/rd_agent/async_fifo_rd_driver.sv(38) @ 3520000: uvm_test_top.env.rd_agt.driver [ASYNC_FIFO_RD_DRV] RD Drive item: rd_en=0
UVM_INFO ../tb/env/async_fifo_scoreboard.sv(55) @ 3525001: uvm_test_top.env.scb [ASYNC_FIFO_SCB] Write ignored because write side was full before edge
UVM_INFO ../tb/env/async_fifo_scoreboard.sv(49) @ 3535001: uvm_test_top.env.scb [ASYNC_FIFO_SCB] Model Push: 0x86515bc1 depth=15
UVM_INFO ../tb/rd_agent/async_fifo_rd_driver.sv(38) @ 3536000: uvm_test_top.env.rd_agt.driver [ASYNC_FIFO_RD_DRV] RD Drive item: rd_en=0
UVM_INFO ../tb/env/async_fifo_scoreboard.sv(49) @ 3545001: uvm_test_top.env.scb [ASYNC_FIFO_SCB] Model Push: 0x86515bc1 depth=16
UVM_INFO ../tb/rd_agent/async_fifo_rd_driver.sv(38) @ 3552000: uvm_test_top.env.rd_agt.driver [ASYNC_FIFO_RD_DRV] RD Drive item: rd_en=1
UVM_INFO ../tb/env/async_fifo_scoreboard.sv(55) @ 3555001: uvm_test_top.env.scb [ASYNC_FIFO_SCB] Write ignored because write side was full before edge
UVM_INFO ../tb/rd_agent/async_fifo_rd_monitor.sv(69) @ 3560001: uvm_test_top.env.rd_agt.monitor [ASYNC_FIFO_RD_MON] RD accepted item: rd_data=0x4249136
UVM_INFO ../tb/env/async_fifo_scoreboard.sv(55) @ 3565001: uvm_test_top.env.scb [ASYNC_FIFO_SCB] Write ignored because write side was full before edge
UVM_INFO ../tb/rd_agent/async_fifo_rd_driver.sv(38) @ 3568000: uvm_test_top.env.rd_agt.driver [ASYNC_FIFO_RD_DRV] RD Drive item: rd_en=1
UVM_INFO ../tb/env/async_fifo_scoreboard.sv(55) @ 3575001: uvm_test_top.env.scb [ASYNC_FIFO_SCB] Write ignored because write side was full before edge
UVM_INFO ../tb/rd_agent/async_fifo_rd_monitor.sv(69) @ 3576001: uvm_test_top.env.rd_agt.monitor [ASYNC_FIFO_RD_MON] RD accepted item: rd_data=0x80490aa6
UVM_INFO ../tb/rd_agent/async_fifo_rd_driver.sv(38) @ 3584000: uvm_test_top.env.rd_agt.driver [ASYNC_FIFO_RD_DRV] RD Drive item: rd_en=0
UVM_INFO ../tb/env/async_fifo_scoreboard.sv(55) @ 3585001: uvm_test_top.env.scb [ASYNC_FIFO_SCB] Write ignored because write side was full before edge
UVM_INFO ../tb/env/async_fifo_scoreboard.sv(49) @ 3595001: uvm_test_top.env.scb [ASYNC_FIFO_SCB] Model Push: 0x86515bc1 depth=15
UVM_INFO ../tb/rd_agent/async_fifo_rd_driver.sv(38) @ 3600000: uvm_test_top.env.rd_agt.driver [ASYNC_FIFO_RD_DRV] RD Drive item: rd_en=1
UVM_INFO ../tb/env/async_fifo_scoreboard.sv(55) @ 3605001: uvm_test_top.env.scb [ASYNC_FIFO_SCB] Write ignored because write side was full before edge
UVM_INFO ../tb/rd_agent/async_fifo_rd_monitor.sv(69) @ 3608001: uvm_test_top.env.rd_agt.monitor [ASYNC_FIFO_RD_MON] RD accepted item: rd_data=0x7d50da40
UVM_INFO ../tb/env/async_fifo_scoreboard.sv(49) @ 3615001: uvm_test_top.env.scb [ASYNC_FIFO_SCB] Model Push: 0x86515bc1 depth=15
UVM_INFO ../tb/rd_agent/async_fifo_rd_driver.sv(38) @ 3616000: uvm_test_top.env.rd_agt.driver [ASYNC_FIFO_RD_DRV] RD Drive item: rd_en=1
UVM_INFO ../tb/rd_agent/async_fifo_rd_monitor.sv(69) @ 3624001: uvm_test_top.env.rd_agt.monitor [ASYNC_FIFO_RD_MON] RD accepted item: rd_data=0x66c053c4
UVM_INFO ../tb/env/async_fifo_scoreboard.sv(55) @ 3625001: uvm_test_top.env.scb [ASYNC_FIFO_SCB] Write ignored because write side was full before edge
UVM_INFO ../tb/rd_agent/async_fifo_rd_driver.sv(38) @ 3632000: uvm_test_top.env.rd_agt.driver [ASYNC_FIFO_RD_DRV] RD Drive item: rd_en=0
UVM_INFO ../tb/env/async_fifo_scoreboard.sv(55) @ 3635001: uvm_test_top.env.scb [ASYNC_FIFO_SCB] Write ignored because write side was full before edge
UVM_INFO ../tb/env/async_fifo_scoreboard.sv(49) @ 3645001: uvm_test_top.env.scb [ASYNC_FIFO_SCB] Model Push: 0x86515bc1 depth=15
UVM_INFO ../tb/rd_agent/async_fifo_rd_driver.sv(38) @ 3648000: uvm_test_top.env.rd_agt.driver [ASYNC_FIFO_RD_DRV] RD Drive item: rd_en=0
UVM_INFO ../tb/env/async_fifo_scoreboard.sv(49) @ 3655001: uvm_test_top.env.scb [ASYNC_FIFO_SCB] Model Push: 0x86515bc1 depth=16
UVM_INFO ../tb/rd_agent/async_fifo_rd_driver.sv(38) @ 3664000: uvm_test_top.env.rd_agt.driver [ASYNC_FIFO_RD_DRV] RD Drive item: rd_en=0
UVM_INFO ../tb/env/async_fifo_scoreboard.sv(55) @ 3665001: uvm_test_top.env.scb [ASYNC_FIFO_SCB] Write ignored because write side was full before edge
UVM_INFO ../tb/env/async_fifo_scoreboard.sv(55) @ 3675001: uvm_test_top.env.scb [ASYNC_FIFO_SCB] Write ignored because write side was full before edge
UVM_INFO ../tb/rd_agent/async_fifo_rd_driver.sv(38) @ 3680000: uvm_test_top.env.rd_agt.driver [ASYNC_FIFO_RD_DRV] RD Drive item: rd_en=0
UVM_INFO ../tb/env/async_fifo_scoreboard.sv(55) @ 3685001: uvm_test_top.env.scb [ASYNC_FIFO_SCB] Write ignored because write side was full before edge
UVM_INFO ../tb/env/async_fifo_scoreboard.sv(55) @ 3695001: uvm_test_top.env.scb [ASYNC_FIFO_SCB] Write ignored because write side was full before edge
UVM_INFO ../tb/rd_agent/async_fifo_rd_driver.sv(38) @ 3696000: uvm_test_top.env.rd_agt.driver [ASYNC_FIFO_RD_DRV] RD Drive item: rd_en=1
UVM_INFO ../tb/rd_agent/async_fifo_rd_monitor.sv(69) @ 3704001: uvm_test_top.env.rd_agt.monitor [ASYNC_FIFO_RD_MON] RD accepted item: rd_data=0xacc768a2
UVM_INFO ../tb/env/async_fifo_scoreboard.sv(55) @ 3705001: uvm_test_top.env.scb [ASYNC_FIFO_SCB] Write ignored because write side was full before edge
UVM_INFO ../tb/rd_agent/async_fifo_rd_driver.sv(38) @ 3712000: uvm_test_top.env.rd_agt.driver [ASYNC_FIFO_RD_DRV] RD Drive item: rd_en=1
UVM_INFO ../tb/env/async_fifo_scoreboard.sv(55) @ 3715001: uvm_test_top.env.scb [ASYNC_FIFO_SCB] Write ignored because write side was full before edge
UVM_INFO ../tb/rd_agent/async_fifo_rd_monitor.sv(69) @ 3720001: uvm_test_top.env.rd_agt.monitor [ASYNC_FIFO_RD_MON] RD accepted item: rd_data=0xbd446c42
UVM_INFO ../tb/env/async_fifo_scoreboard.sv(55) @ 3725001: uvm_test_top.env.scb [ASYNC_FIFO_SCB] Write ignored because write side was full before edge
UVM_INFO ../tb/rd_agent/async_fifo_rd_driver.sv(38) @ 3728000: uvm_test_top.env.rd_agt.driver [ASYNC_FIFO_RD_DRV] RD Drive item: rd_en=1
UVM_INFO ../tb/env/async_fifo_scoreboard.sv(49) @ 3735001: uvm_test_top.env.scb [ASYNC_FIFO_SCB] Model Push: 0x86515bc1 depth=15
UVM_INFO ../tb/rd_agent/async_fifo_rd_monitor.sv(69) @ 3736001: uvm_test_top.env.rd_agt.monitor [ASYNC_FIFO_RD_MON] RD accepted item: rd_data=0x1fc227af
UVM_INFO ../tb/rd_agent/async_fifo_rd_driver.sv(38) @ 3744000: uvm_test_top.env.rd_agt.driver [ASYNC_FIFO_RD_DRV] RD Drive item: rd_en=1
UVM_INFO ../tb/env/async_fifo_scoreboard.sv(55) @ 3745001: uvm_test_top.env.scb [ASYNC_FIFO_SCB] Write ignored because write side was full before edge
UVM_INFO ../tb/rd_agent/async_fifo_rd_monitor.sv(69) @ 3752001: uvm_test_top.env.rd_agt.monitor [ASYNC_FIFO_RD_MON] RD accepted item: rd_data=0x5060104a
UVM_INFO ../tb/env/async_fifo_scoreboard.sv(49) @ 3755001: uvm_test_top.env.scb [ASYNC_FIFO_SCB] Model Push: 0x86515bc1 depth=14
UVM_INFO ../tb/rd_agent/async_fifo_rd_driver.sv(38) @ 3760000: uvm_test_top.env.rd_agt.driver [ASYNC_FIFO_RD_DRV] RD Drive item: rd_en=1
UVM_INFO ../tb/env/async_fifo_scoreboard.sv(55) @ 3765001: uvm_test_top.env.scb [ASYNC_FIFO_SCB] Write ignored because write side was full before edge
UVM_INFO ../tb/rd_agent/async_fifo_rd_monitor.sv(69) @ 3768001: uvm_test_top.env.rd_agt.monitor [ASYNC_FIFO_RD_MON] RD accepted item: rd_data=0x19940f0
UVM_INFO ../tb/env/async_fifo_scoreboard.sv(49) @ 3775001: uvm_test_top.env.scb [ASYNC_FIFO_SCB] Model Push: 0x86515bc1 depth=14
UVM_INFO ../tb/rd_agent/async_fifo_rd_driver.sv(38) @ 3776000: uvm_test_top.env.rd_agt.driver [ASYNC_FIFO_RD_DRV] RD Drive item: rd_en=1
UVM_INFO ../tb/rd_agent/async_fifo_rd_monitor.sv(69) @ 3784001: uvm_test_top.env.rd_agt.monitor [ASYNC_FIFO_RD_MON] RD accepted item: rd_data=0xbdf5f6d8
UVM_INFO ../tb/env/async_fifo_scoreboard.sv(49) @ 3785001: uvm_test_top.env.scb [ASYNC_FIFO_SCB] Model Push: 0x86515bc1 depth=14
UVM_INFO ../tb/rd_agent/async_fifo_rd_driver.sv(38) @ 3792000: uvm_test_top.env.rd_agt.driver [ASYNC_FIFO_RD_DRV] RD Drive item: rd_en=1
UVM_INFO ../tb/env/async_fifo_scoreboard.sv(55) @ 3795001: uvm_test_top.env.scb [ASYNC_FIFO_SCB] Write ignored because write side was full before edge
UVM_INFO ../tb/rd_agent/async_fifo_rd_monitor.sv(69) @ 3800001: uvm_test_top.env.rd_agt.monitor [ASYNC_FIFO_RD_MON] RD accepted item: rd_data=0x60ca1c2d
UVM_INFO ../tb/env/async_fifo_scoreboard.sv(49) @ 3805001: uvm_test_top.env.scb [ASYNC_FIFO_SCB] Model Push: 0x86515bc1 depth=14
UVM_INFO ../tb/rd_agent/async_fifo_rd_driver.sv(38) @ 3808000: uvm_test_top.env.rd_agt.driver [ASYNC_FIFO_RD_DRV] RD Drive item: rd_en=1
UVM_INFO ../tb/env/async_fifo_scoreboard.sv(49) @ 3815001: uvm_test_top.env.scb [ASYNC_FIFO_SCB] Model Push: 0x86515bc1 depth=15
UVM_INFO ../tb/rd_agent/async_fifo_rd_monitor.sv(69) @ 3816001: uvm_test_top.env.rd_agt.monitor [ASYNC_FIFO_RD_MON] RD accepted item: rd_data=0xab2c66f5
UVM_INFO ../tb/rd_agent/async_fifo_rd_driver.sv(38) @ 3824000: uvm_test_top.env.rd_agt.driver [ASYNC_FIFO_RD_DRV] RD Drive item: rd_en=1
UVM_INFO ../tb/env/async_fifo_scoreboard.sv(55) @ 3825001: uvm_test_top.env.scb [ASYNC_FIFO_SCB] Write ignored because write side was full before edge
UVM_INFO ../tb/rd_agent/async_fifo_rd_monitor.sv(69) @ 3832001: uvm_test_top.env.rd_agt.monitor [ASYNC_FIFO_RD_MON] RD accepted item: rd_data=0x86515bc1
UVM_INFO ../tb/env/async_fifo_scoreboard.sv(49) @ 3835001: uvm_test_top.env.scb [ASYNC_FIFO_SCB] Model Push: 0x86515bc1 depth=14
UVM_INFO ../tb/rd_agent/async_fifo_rd_driver.sv(38) @ 3840000: uvm_test_top.env.rd_agt.driver [ASYNC_FIFO_RD_DRV] RD Drive item: rd_en=0
UVM_INFO ../tb/env/async_fifo_scoreboard.sv(55) @ 3845001: uvm_test_top.env.scb [ASYNC_FIFO_SCB] Write ignored because write side was full before edge
UVM_INFO ../tb/env/async_fifo_scoreboard.sv(49) @ 3855001: uvm_test_top.env.scb [ASYNC_FIFO_SCB] Model Push: 0x86515bc1 depth=15
UVM_INFO ../tb/rd_agent/async_fifo_rd_driver.sv(38) @ 3856000: uvm_test_top.env.rd_agt.driver [ASYNC_FIFO_RD_DRV] RD Drive item: rd_en=1
UVM_INFO ../tb/rd_agent/async_fifo_rd_monitor.sv(69) @ 3864001: uvm_test_top.env.rd_agt.monitor [ASYNC_FIFO_RD_MON] RD accepted item: rd_data=0x86515bc1
UVM_INFO ../tb/env/async_fifo_scoreboard.sv(49) @ 3865001: uvm_test_top.env.scb [ASYNC_FIFO_SCB] Model Push: 0x86515bc1 depth=15
UVM_INFO ../tb/rd_agent/async_fifo_rd_driver.sv(38) @ 3872000: uvm_test_top.env.rd_agt.driver [ASYNC_FIFO_RD_DRV] RD Drive item: rd_en=0
UVM_INFO ../tb/env/async_fifo_scoreboard.sv(55) @ 3875001: uvm_test_top.env.scb [ASYNC_FIFO_SCB] Write ignored because write side was full before edge
UVM_INFO ../tb/env/async_fifo_scoreboard.sv(55) @ 3885001: uvm_test_top.env.scb [ASYNC_FIFO_SCB] Write ignored because write side was full before edge
UVM_INFO ../tb/rd_agent/async_fifo_rd_driver.sv(38) @ 3888000: uvm_test_top.env.rd_agt.driver [ASYNC_FIFO_RD_DRV] RD Drive item: rd_en=1
UVM_INFO ../tb/env/async_fifo_scoreboard.sv(49) @ 3895001: uvm_test_top.env.scb [ASYNC_FIFO_SCB] Model Push: 0x86515bc1 depth=16
UVM_INFO ../tb/rd_agent/async_fifo_rd_monitor.sv(69) @ 3896001: uvm_test_top.env.rd_agt.monitor [ASYNC_FIFO_RD_MON] RD accepted item: rd_data=0x86515bc1
UVM_INFO ../tb/rd_agent/async_fifo_rd_driver.sv(38) @ 3904000: uvm_test_top.env.rd_agt.driver [ASYNC_FIFO_RD_DRV] RD Drive item: rd_en=1
UVM_INFO ../tb/env/async_fifo_scoreboard.sv(55) @ 3905001: uvm_test_top.env.scb [ASYNC_FIFO_SCB] Write ignored because write side was full before edge
UVM_INFO ../tb/rd_agent/async_fifo_rd_monitor.sv(69) @ 3912001: uvm_test_top.env.rd_agt.monitor [ASYNC_FIFO_RD_MON] RD accepted item: rd_data=0x86515bc1
UVM_INFO ../tb/env/async_fifo_scoreboard.sv(55) @ 3915001: uvm_test_top.env.scb [ASYNC_FIFO_SCB] Write ignored because write side was full before edge
UVM_INFO ../tb/rd_agent/async_fifo_rd_driver.sv(38) @ 3920000: uvm_test_top.env.rd_agt.driver [ASYNC_FIFO_RD_DRV] RD Drive item: rd_en=0
UVM_INFO ../tb/env/async_fifo_scoreboard.sv(55) @ 3925001: uvm_test_top.env.scb [ASYNC_FIFO_SCB] Write ignored because write side was full before edge
UVM_INFO ../tb/env/async_fifo_scoreboard.sv(49) @ 3935001: uvm_test_top.env.scb [ASYNC_FIFO_SCB] Model Push: 0x86515bc1 depth=15
UVM_INFO ../tb/rd_agent/async_fifo_rd_driver.sv(38) @ 3936000: uvm_test_top.env.rd_agt.driver [ASYNC_FIFO_RD_DRV] RD Drive item: rd_en=1
UVM_INFO ../tb/rd_agent/async_fifo_rd_monitor.sv(69) @ 3944001: uvm_test_top.env.rd_agt.monitor [ASYNC_FIFO_RD_MON] RD accepted item: rd_data=0x86515bc1
UVM_INFO ../tb/env/async_fifo_scoreboard.sv(49) @ 3945001: uvm_test_top.env.scb [ASYNC_FIFO_SCB] Model Push: 0x86515bc1 depth=15
UVM_INFO ../tb/rd_agent/async_fifo_rd_driver.sv(38) @ 3952000: uvm_test_top.env.rd_agt.driver [ASYNC_FIFO_RD_DRV] RD Drive item: rd_en=0
UVM_INFO ../tb/env/async_fifo_scoreboard.sv(55) @ 3955001: uvm_test_top.env.scb [ASYNC_FIFO_SCB] Write ignored because write side was full before edge
UVM_INFO ../tb/env/async_fifo_scoreboard.sv(55) @ 3965001: uvm_test_top.env.scb [ASYNC_FIFO_SCB] Write ignored because write side was full before edge
UVM_INFO ../tb/rd_agent/async_fifo_rd_driver.sv(38) @ 3968000: uvm_test_top.env.rd_agt.driver [ASYNC_FIFO_RD_DRV] RD Drive item: rd_en=0
UVM_INFO ../tb/env/async_fifo_scoreboard.sv(49) @ 3975001: uvm_test_top.env.scb [ASYNC_FIFO_SCB] Model Push: 0x86515bc1 depth=16
UVM_INFO ../tb/rd_agent/async_fifo_rd_driver.sv(38) @ 3984000: uvm_test_top.env.rd_agt.driver [ASYNC_FIFO_RD_DRV] RD Drive item: rd_en=1
UVM_INFO ../tb/env/async_fifo_scoreboard.sv(55) @ 3985001: uvm_test_top.env.scb [ASYNC_FIFO_SCB] Write ignored because write side was full before edge
UVM_INFO ../tb/rd_agent/async_fifo_rd_monitor.sv(69) @ 3992001: uvm_test_top.env.rd_agt.monitor [ASYNC_FIFO_RD_MON] RD accepted item: rd_data=0x86515bc1
UVM_INFO ../tb/env/async_fifo_scoreboard.sv(55) @ 3995001: uvm_test_top.env.scb [ASYNC_FIFO_SCB] Write ignored because write side was full before edge
UVM_INFO ../tb/rd_agent/async_fifo_rd_driver.sv(38) @ 4000000: uvm_test_top.env.rd_agt.driver [ASYNC_FIFO_RD_DRV] RD Drive item: rd_en=0
UVM_INFO ../tb/env/async_fifo_scoreboard.sv(55) @ 4005001: uvm_test_top.env.scb [ASYNC_FIFO_SCB] Write ignored because write side was full before edge
UVM_INFO ../tb/env/async_fifo_scoreboard.sv(55) @ 4015001: uvm_test_top.env.scb [ASYNC_FIFO_SCB] Write ignored because write side was full before edge
UVM_INFO ../tb/rd_agent/async_fifo_rd_driver.sv(38) @ 4016000: uvm_test_top.env.rd_agt.driver [ASYNC_FIFO_RD_DRV] RD Drive item: rd_en=0
UVM_INFO ../tb/env/async_fifo_scoreboard.sv(49) @ 4025001: uvm_test_top.env.scb [ASYNC_FIFO_SCB] Model Push: 0x86515bc1 depth=16
UVM_INFO ../tb/rd_agent/async_fifo_rd_driver.sv(38) @ 4032000: uvm_test_top.env.rd_agt.driver [ASYNC_FIFO_RD_DRV] RD Drive item: rd_en=0
UVM_INFO ../tb/env/async_fifo_scoreboard.sv(55) @ 4035001: uvm_test_top.env.scb [ASYNC_FIFO_SCB] Write ignored because write side was full before edge
UVM_INFO ../tb/env/async_fifo_scoreboard.sv(55) @ 4045001: uvm_test_top.env.scb [ASYNC_FIFO_SCB] Write ignored because write side was full before edge
UVM_INFO ../tb/rd_agent/async_fifo_rd_driver.sv(38) @ 4048000: uvm_test_top.env.rd_agt.driver [ASYNC_FIFO_RD_DRV] RD Drive item: rd_en=1
UVM_INFO ../tb/env/async_fifo_scoreboard.sv(55) @ 4055001: uvm_test_top.env.scb [ASYNC_FIFO_SCB] Write ignored because write side was full before edge
UVM_INFO ../tb/rd_agent/async_fifo_rd_monitor.sv(69) @ 4056001: uvm_test_top.env.rd_agt.monitor [ASYNC_FIFO_RD_MON] RD accepted item: rd_data=0x86515bc1
UVM_INFO ../tb/rd_agent/async_fifo_rd_driver.sv(38) @ 4064000: uvm_test_top.env.rd_agt.driver [ASYNC_FIFO_RD_DRV] RD Drive item: rd_en=0
UVM_INFO ../tb/env/async_fifo_scoreboard.sv(55) @ 4065001: uvm_test_top.env.scb [ASYNC_FIFO_SCB] Write ignored because write side was full before edge
UVM_INFO ../tb/env/async_fifo_scoreboard.sv(55) @ 4075001: uvm_test_top.env.scb [ASYNC_FIFO_SCB] Write ignored because write side was full before edge
UVM_INFO ../tb/rd_agent/async_fifo_rd_driver.sv(38) @ 4080000: uvm_test_top.env.rd_agt.driver [ASYNC_FIFO_RD_DRV] RD Drive item: rd_en=0
UVM_INFO ../tb/env/async_fifo_scoreboard.sv(55) @ 4085001: uvm_test_top.env.scb [ASYNC_FIFO_SCB] Write ignored because write side was full before edge
UVM_INFO ../tb/env/async_fifo_scoreboard.sv(49) @ 4095001: uvm_test_top.env.scb [ASYNC_FIFO_SCB] Model Push: 0x86515bc1 depth=16
UVM_INFO ../tb/rd_agent/async_fifo_rd_driver.sv(38) @ 4096000: uvm_test_top.env.rd_agt.driver [ASYNC_FIFO_RD_DRV] RD Drive item: rd_en=1
UVM_INFO ../tb/rd_agent/async_fifo_rd_monitor.sv(69) @ 4104001: uvm_test_top.env.rd_agt.monitor [ASYNC_FIFO_RD_MON] RD accepted item: rd_data=0x86515bc1
UVM_INFO ../tb/env/async_fifo_scoreboard.sv(55) @ 4105001: uvm_test_top.env.scb [ASYNC_FIFO_SCB] Write ignored because write side was full before edge
UVM_INFO ../tb/rd_agent/async_fifo_rd_driver.sv(38) @ 4112000: uvm_test_top.env.rd_agt.driver [ASYNC_FIFO_RD_DRV] RD Drive item: rd_en=1
UVM_INFO ../tb/env/async_fifo_scoreboard.sv(55) @ 4115001: uvm_test_top.env.scb [ASYNC_FIFO_SCB] Write ignored because write side was full before edge
UVM_INFO ../tb/rd_agent/async_fifo_rd_monitor.sv(69) @ 4120001: uvm_test_top.env.rd_agt.monitor [ASYNC_FIFO_RD_MON] RD accepted item: rd_data=0x86515bc1
UVM_INFO ../tb/env/async_fifo_scoreboard.sv(55) @ 4125001: uvm_test_top.env.scb [ASYNC_FIFO_SCB] Write ignored because write side was full before edge
UVM_INFO ../tb/rd_agent/async_fifo_rd_driver.sv(38) @ 4128000: uvm_test_top.env.rd_agt.driver [ASYNC_FIFO_RD_DRV] RD Drive item: rd_en=1
UVM_INFO ../tb/env/async_fifo_scoreboard.sv(49) @ 4135001: uvm_test_top.env.scb [ASYNC_FIFO_SCB] Model Push: 0x86515bc1 depth=15
UVM_INFO ../tb/rd_agent/async_fifo_rd_monitor.sv(69) @ 4136001: uvm_test_top.env.rd_agt.monitor [ASYNC_FIFO_RD_MON] RD accepted item: rd_data=0x86515bc1
UVM_INFO ../tb/rd_agent/async_fifo_rd_driver.sv(38) @ 4144000: uvm_test_top.env.rd_agt.driver [ASYNC_FIFO_RD_DRV] RD Drive item: rd_en=0
UVM_INFO ../tb/env/async_fifo_scoreboard.sv(55) @ 4145001: uvm_test_top.env.scb [ASYNC_FIFO_SCB] Write ignored because write side was full before edge
UVM_INFO ../tb/env/async_fifo_scoreboard.sv(49) @ 4155001: uvm_test_top.env.scb [ASYNC_FIFO_SCB] Model Push: 0x86515bc1 depth=15
UVM_INFO ../tb/rd_agent/async_fifo_rd_driver.sv(38) @ 4160000: uvm_test_top.env.rd_agt.driver [ASYNC_FIFO_RD_DRV] RD Drive item: rd_en=0
UVM_INFO ../tb/env/async_fifo_scoreboard.sv(55) @ 4165001: uvm_test_top.env.scb [ASYNC_FIFO_SCB] Write ignored because write side was full before edge
UVM_INFO ../tb/env/async_fifo_scoreboard.sv(49) @ 4175001: uvm_test_top.env.scb [ASYNC_FIFO_SCB] Model Push: 0x86515bc1 depth=16
UVM_INFO ../tb/rd_agent/async_fifo_rd_driver.sv(38) @ 4176000: uvm_test_top.env.rd_agt.driver [ASYNC_FIFO_RD_DRV] RD Drive item: rd_en=1
UVM_INFO ../tb/rd_agent/async_fifo_rd_monitor.sv(69) @ 4184001: uvm_test_top.env.rd_agt.monitor [ASYNC_FIFO_RD_MON] RD accepted item: rd_data=0x86515bc1
UVM_INFO ../tb/env/async_fifo_scoreboard.sv(55) @ 4185001: uvm_test_top.env.scb [ASYNC_FIFO_SCB] Write ignored because write side was full before edge
UVM_INFO ../tb/rd_agent/async_fifo_rd_driver.sv(38) @ 4192000: uvm_test_top.env.rd_agt.driver [ASYNC_FIFO_RD_DRV] RD Drive item: rd_en=1
UVM_INFO ../tb/env/async_fifo_scoreboard.sv(55) @ 4195001: uvm_test_top.env.scb [ASYNC_FIFO_SCB] Write ignored because write side was full before edge
UVM_INFO ../tb/rd_agent/async_fifo_rd_monitor.sv(69) @ 4200001: uvm_test_top.env.rd_agt.monitor [ASYNC_FIFO_RD_MON] RD accepted item: rd_data=0x86515bc1
UVM_INFO ../tb/env/async_fifo_scoreboard.sv(55) @ 4205001: uvm_test_top.env.scb [ASYNC_FIFO_SCB] Write ignored because write side was full before edge
UVM_INFO ../tb/rd_agent/async_fifo_rd_driver.sv(38) @ 4208000: uvm_test_top.env.rd_agt.driver [ASYNC_FIFO_RD_DRV] RD Drive item: rd_en=1
UVM_INFO ../tb/env/async_fifo_scoreboard.sv(49) @ 4215001: uvm_test_top.env.scb [ASYNC_FIFO_SCB] Model Push: 0x86515bc1 depth=15
UVM_INFO ../tb/rd_agent/async_fifo_rd_monitor.sv(69) @ 4216001: uvm_test_top.env.rd_agt.monitor [ASYNC_FIFO_RD_MON] RD accepted item: rd_data=0x86515bc1
UVM_INFO ../tb/rd_agent/async_fifo_rd_driver.sv(38) @ 4224000: uvm_test_top.env.rd_agt.driver [ASYNC_FIFO_RD_DRV] RD Drive item: rd_en=1
UVM_INFO ../tb/env/async_fifo_scoreboard.sv(55) @ 4225001: uvm_test_top.env.scb [ASYNC_FIFO_SCB] Write ignored because write side was full before edge
UVM_INFO ../tb/rd_agent/async_fifo_rd_monitor.sv(69) @ 4232001: uvm_test_top.env.rd_agt.monitor [ASYNC_FIFO_RD_MON] RD accepted item: rd_data=0x86515bc1
UVM_INFO ../tb/env/async_fifo_scoreboard.sv(49) @ 4235001: uvm_test_top.env.scb [ASYNC_FIFO_SCB] Model Push: 0x86515bc1 depth=14
UVM_INFO ../tb/rd_agent/async_fifo_rd_driver.sv(38) @ 4240000: uvm_test_top.env.rd_agt.driver [ASYNC_FIFO_RD_DRV] RD Drive item: rd_en=1
UVM_INFO ../tb/env/async_fifo_scoreboard.sv(55) @ 4245001: uvm_test_top.env.scb [ASYNC_FIFO_SCB] Write ignored because write side was full before edge
UVM_INFO ../tb/rd_agent/async_fifo_rd_monitor.sv(69) @ 4248001: uvm_test_top.env.rd_agt.monitor [ASYNC_FIFO_RD_MON] RD accepted item: rd_data=0x86515bc1
UVM_INFO ../tb/env/async_fifo_scoreboard.sv(49) @ 4255001: uvm_test_top.env.scb [ASYNC_FIFO_SCB] Model Push: 0x86515bc1 depth=14
UVM_INFO ../tb/rd_agent/async_fifo_rd_driver.sv(38) @ 4256000: uvm_test_top.env.rd_agt.driver [ASYNC_FIFO_RD_DRV] RD Drive item: rd_en=1
UVM_INFO ../tb/rd_agent/async_fifo_rd_monitor.sv(69) @ 4264001: uvm_test_top.env.rd_agt.monitor [ASYNC_FIFO_RD_MON] RD accepted item: rd_data=0x86515bc1
UVM_INFO ../tb/env/async_fifo_scoreboard.sv(49) @ 4265001: uvm_test_top.env.scb [ASYNC_FIFO_SCB] Model Push: 0x86515bc1 depth=14
UVM_INFO ../tb/rd_agent/async_fifo_rd_driver.sv(38) @ 4272000: uvm_test_top.env.rd_agt.driver [ASYNC_FIFO_RD_DRV] RD Drive item: rd_en=1
UVM_INFO ../tb/env/async_fifo_scoreboard.sv(55) @ 4275001: uvm_test_top.env.scb [ASYNC_FIFO_SCB] Write ignored because write side was full before edge
UVM_INFO ../tb/rd_agent/async_fifo_rd_monitor.sv(69) @ 4280001: uvm_test_top.env.rd_agt.monitor [ASYNC_FIFO_RD_MON] RD accepted item: rd_data=0x86515bc1
UVM_INFO ../tb/env/async_fifo_scoreboard.sv(49) @ 4285001: uvm_test_top.env.scb [ASYNC_FIFO_SCB] Model Push: 0x86515bc1 depth=14
UVM_INFO ../tb/rd_agent/async_fifo_rd_driver.sv(38) @ 4288000: uvm_test_top.env.rd_agt.driver [ASYNC_FIFO_RD_DRV] RD Drive item: rd_en=1
UVM_INFO ../tb/env/async_fifo_scoreboard.sv(49) @ 4295001: uvm_test_top.env.scb [ASYNC_FIFO_SCB] Model Push: 0x86515bc1 depth=15
UVM_INFO ../tb/rd_agent/async_fifo_rd_monitor.sv(69) @ 4296001: uvm_test_top.env.rd_agt.monitor [ASYNC_FIFO_RD_MON] RD accepted item: rd_data=0x86515bc1
UVM_INFO ../tb/rd_agent/async_fifo_rd_driver.sv(38) @ 4304000: uvm_test_top.env.rd_agt.driver [ASYNC_FIFO_RD_DRV] RD Drive item: rd_en=1
UVM_INFO ../tb/env/async_fifo_scoreboard.sv(55) @ 4305001: uvm_test_top.env.scb [ASYNC_FIFO_SCB] Write ignored because write side was full before edge
UVM_INFO ../tb/rd_agent/async_fifo_rd_monitor.sv(69) @ 4312001: uvm_test_top.env.rd_agt.monitor [ASYNC_FIFO_RD_MON] RD accepted item: rd_data=0x86515bc1
UVM_INFO ../tb/env/async_fifo_scoreboard.sv(49) @ 4315001: uvm_test_top.env.scb [ASYNC_FIFO_SCB] Model Push: 0x86515bc1 depth=14
UVM_INFO ../tb/rd_agent/async_fifo_rd_driver.sv(38) @ 4320000: uvm_test_top.env.rd_agt.driver [ASYNC_FIFO_RD_DRV] RD Drive item: rd_en=1
UVM_INFO ../tb/env/async_fifo_scoreboard.sv(55) @ 4325001: uvm_test_top.env.scb [ASYNC_FIFO_SCB] Write ignored because write side was full before edge
UVM_INFO ../tb/rd_agent/async_fifo_rd_monitor.sv(69) @ 4328001: uvm_test_top.env.rd_agt.monitor [ASYNC_FIFO_RD_MON] RD accepted item: rd_data=0x86515bc1
UVM_INFO ../tb/env/async_fifo_scoreboard.sv(49) @ 4335001: uvm_test_top.env.scb [ASYNC_FIFO_SCB] Model Push: 0x86515bc1 depth=14
UVM_INFO ../tb/rd_agent/async_fifo_rd_driver.sv(38) @ 4336000: uvm_test_top.env.rd_agt.driver [ASYNC_FIFO_RD_DRV] RD Drive item: rd_en=1
UVM_INFO ../tb/rd_agent/async_fifo_rd_monitor.sv(69) @ 4344001: uvm_test_top.env.rd_agt.monitor [ASYNC_FIFO_RD_MON] RD accepted item: rd_data=0x86515bc1
UVM_INFO ../tb/env/async_fifo_scoreboard.sv(49) @ 4345001: uvm_test_top.env.scb [ASYNC_FIFO_SCB] Model Push: 0x86515bc1 depth=14
UVM_INFO ../tb/rd_agent/async_fifo_rd_driver.sv(38) @ 4352000: uvm_test_top.env.rd_agt.driver [ASYNC_FIFO_RD_DRV] RD Drive item: rd_en=1
UVM_INFO ../tb/env/async_fifo_scoreboard.sv(55) @ 4355001: uvm_test_top.env.scb [ASYNC_FIFO_SCB] Write ignored because write side was full before edge
UVM_INFO ../tb/rd_agent/async_fifo_rd_monitor.sv(69) @ 4360001: uvm_test_top.env.rd_agt.monitor [ASYNC_FIFO_RD_MON] RD accepted item: rd_data=0x86515bc1
UVM_INFO ../tb/env/async_fifo_scoreboard.sv(49) @ 4365001: uvm_test_top.env.scb [ASYNC_FIFO_SCB] Model Push: 0x86515bc1 depth=14
UVM_INFO ../tb/rd_agent/async_fifo_rd_driver.sv(38) @ 4368000: uvm_test_top.env.rd_agt.driver [ASYNC_FIFO_RD_DRV] RD Drive item: rd_en=1
UVM_INFO ../tb/env/async_fifo_scoreboard.sv(49) @ 4375001: uvm_test_top.env.scb [ASYNC_FIFO_SCB] Model Push: 0x86515bc1 depth=15
UVM_INFO ../tb/rd_agent/async_fifo_rd_monitor.sv(69) @ 4376001: uvm_test_top.env.rd_agt.monitor [ASYNC_FIFO_RD_MON] RD accepted item: rd_data=0x86515bc1
UVM_INFO ../tb/rd_agent/async_fifo_rd_driver.sv(38) @ 4384000: uvm_test_top.env.rd_agt.driver [ASYNC_FIFO_RD_DRV] RD Drive item: rd_en=1
UVM_INFO ../tb/env/async_fifo_scoreboard.sv(55) @ 4385001: uvm_test_top.env.scb [ASYNC_FIFO_SCB] Write ignored because write side was full before edge
UVM_INFO ../tb/rd_agent/async_fifo_rd_monitor.sv(69) @ 4392001: uvm_test_top.env.rd_agt.monitor [ASYNC_FIFO_RD_MON] RD accepted item: rd_data=0x86515bc1
UVM_INFO ../tb/env/async_fifo_scoreboard.sv(49) @ 4395001: uvm_test_top.env.scb [ASYNC_FIFO_SCB] Model Push: 0x86515bc1 depth=14
UVM_INFO ../tb/rd_agent/async_fifo_rd_driver.sv(38) @ 4400000: uvm_test_top.env.rd_agt.driver [ASYNC_FIFO_RD_DRV] RD Drive item: rd_en=1
UVM_INFO ../tb/env/async_fifo_scoreboard.sv(55) @ 4405001: uvm_test_top.env.scb [ASYNC_FIFO_SCB] Write ignored because write side was full before edge
UVM_INFO ../tb/rd_agent/async_fifo_rd_monitor.sv(69) @ 4408001: uvm_test_top.env.rd_agt.monitor [ASYNC_FIFO_RD_MON] RD accepted item: rd_data=0x86515bc1
UVM_INFO ../tb/env/async_fifo_scoreboard.sv(49) @ 4415001: uvm_test_top.env.scb [ASYNC_FIFO_SCB] Model Push: 0x86515bc1 depth=14
UVM_INFO ../tb/rd_agent/async_fifo_rd_driver.sv(38) @ 4416000: uvm_test_top.env.rd_agt.driver [ASYNC_FIFO_RD_DRV] RD Drive item: rd_en=1
UVM_INFO ../tb/rd_agent/async_fifo_rd_monitor.sv(69) @ 4424001: uvm_test_top.env.rd_agt.monitor [ASYNC_FIFO_RD_MON] RD accepted item: rd_data=0x86515bc1
UVM_INFO ../tb/env/async_fifo_scoreboard.sv(49) @ 4425001: uvm_test_top.env.scb [ASYNC_FIFO_SCB] Model Push: 0x86515bc1 depth=14
UVM_INFO ../tb/rd_agent/async_fifo_rd_driver.sv(38) @ 4432000: uvm_test_top.env.rd_agt.driver [ASYNC_FIFO_RD_DRV] RD Drive item: rd_en=1
UVM_INFO ../tb/env/async_fifo_scoreboard.sv(55) @ 4435001: uvm_test_top.env.scb [ASYNC_FIFO_SCB] Write ignored because write side was full before edge
UVM_INFO ../tb/rd_agent/async_fifo_rd_monitor.sv(69) @ 4440001: uvm_test_top.env.rd_agt.monitor [ASYNC_FIFO_RD_MON] RD accepted item: rd_data=0x86515bc1
UVM_INFO ../tb/env/async_fifo_scoreboard.sv(49) @ 4445001: uvm_test_top.env.scb [ASYNC_FIFO_SCB] Model Push: 0x86515bc1 depth=14
UVM_INFO ../tb/rd_agent/async_fifo_rd_driver.sv(38) @ 4448000: uvm_test_top.env.rd_agt.driver [ASYNC_FIFO_RD_DRV] RD Drive item: rd_en=1
UVM_INFO ../tb/env/async_fifo_scoreboard.sv(49) @ 4455001: uvm_test_top.env.scb [ASYNC_FIFO_SCB] Model Push: 0x86515bc1 depth=15
UVM_INFO ../tb/rd_agent/async_fifo_rd_monitor.sv(69) @ 4456001: uvm_test_top.env.rd_agt.monitor [ASYNC_FIFO_RD_MON] RD accepted item: rd_data=0x86515bc1
UVM_INFO ../tb/rd_agent/async_fifo_rd_driver.sv(38) @ 4464000: uvm_test_top.env.rd_agt.driver [ASYNC_FIFO_RD_DRV] RD Drive item: rd_en=1
UVM_INFO ../tb/env/async_fifo_scoreboard.sv(55) @ 4465001: uvm_test_top.env.scb [ASYNC_FIFO_SCB] Write ignored because write side was full before edge
UVM_INFO ../tb/rd_agent/async_fifo_rd_monitor.sv(69) @ 4472001: uvm_test_top.env.rd_agt.monitor [ASYNC_FIFO_RD_MON] RD accepted item: rd_data=0x86515bc1
UVM_INFO ../tb/env/async_fifo_scoreboard.sv(49) @ 4475001: uvm_test_top.env.scb [ASYNC_FIFO_SCB] Model Push: 0x86515bc1 depth=14
UVM_INFO ../tb/rd_agent/async_fifo_rd_driver.sv(38) @ 4480000: uvm_test_top.env.rd_agt.driver [ASYNC_FIFO_RD_DRV] RD Drive item: rd_en=1
UVM_INFO ../tb/env/async_fifo_scoreboard.sv(55) @ 4485001: uvm_test_top.env.scb [ASYNC_FIFO_SCB] Write ignored because write side was full before edge
UVM_INFO ../tb/rd_agent/async_fifo_rd_monitor.sv(69) @ 4488001: uvm_test_top.env.rd_agt.monitor [ASYNC_FIFO_RD_MON] RD accepted item: rd_data=0x86515bc1
UVM_INFO ../tb/env/async_fifo_scoreboard.sv(49) @ 4495001: uvm_test_top.env.scb [ASYNC_FIFO_SCB] Model Push: 0x86515bc1 depth=14
UVM_INFO ../tb/rd_agent/async_fifo_rd_driver.sv(38) @ 4496000: uvm_test_top.env.rd_agt.driver [ASYNC_FIFO_RD_DRV] RD Drive item: rd_en=1
UVM_INFO ../tb/rd_agent/async_fifo_rd_monitor.sv(69) @ 4504001: uvm_test_top.env.rd_agt.monitor [ASYNC_FIFO_RD_MON] RD accepted item: rd_data=0x86515bc1
UVM_INFO ../tb/env/async_fifo_scoreboard.sv(49) @ 4505001: uvm_test_top.env.scb [ASYNC_FIFO_SCB] Model Push: 0x86515bc1 depth=14
UVM_INFO ../tb/rd_agent/async_fifo_rd_driver.sv(38) @ 4512000: uvm_test_top.env.rd_agt.driver [ASYNC_FIFO_RD_DRV] RD Drive item: rd_en=1
UVM_INFO ../tb/env/async_fifo_scoreboard.sv(55) @ 4515001: uvm_test_top.env.scb [ASYNC_FIFO_SCB] Write ignored because write side was full before edge
UVM_INFO ../tb/rd_agent/async_fifo_rd_monitor.sv(69) @ 4520001: uvm_test_top.env.rd_agt.monitor [ASYNC_FIFO_RD_MON] RD accepted item: rd_data=0x86515bc1
UVM_INFO ../tb/env/async_fifo_scoreboard.sv(49) @ 4525001: uvm_test_top.env.scb [ASYNC_FIFO_SCB] Model Push: 0x86515bc1 depth=14
UVM_INFO ../tb/rd_agent/async_fifo_rd_driver.sv(38) @ 4528000: uvm_test_top.env.rd_agt.driver [ASYNC_FIFO_RD_DRV] RD Drive item: rd_en=1
UVM_INFO ../tb/env/async_fifo_scoreboard.sv(49) @ 4535001: uvm_test_top.env.scb [ASYNC_FIFO_SCB] Model Push: 0x86515bc1 depth=15
UVM_INFO ../tb/rd_agent/async_fifo_rd_monitor.sv(69) @ 4536001: uvm_test_top.env.rd_agt.monitor [ASYNC_FIFO_RD_MON] RD accepted item: rd_data=0x86515bc1
UVM_INFO ../tb/rd_agent/async_fifo_rd_driver.sv(38) @ 4544000: uvm_test_top.env.rd_agt.driver [ASYNC_FIFO_RD_DRV] RD Drive item: rd_en=1
UVM_INFO ../tb/env/async_fifo_scoreboard.sv(55) @ 4545001: uvm_test_top.env.scb [ASYNC_FIFO_SCB] Write ignored because write side was full before edge
UVM_INFO ../tb/rd_agent/async_fifo_rd_monitor.sv(69) @ 4552001: uvm_test_top.env.rd_agt.monitor [ASYNC_FIFO_RD_MON] RD accepted item: rd_data=0x86515bc1
UVM_INFO ../tb/env/async_fifo_scoreboard.sv(49) @ 4555001: uvm_test_top.env.scb [ASYNC_FIFO_SCB] Model Push: 0x86515bc1 depth=14
UVM_INFO ../tb/rd_agent/async_fifo_rd_driver.sv(38) @ 4560000: uvm_test_top.env.rd_agt.driver [ASYNC_FIFO_RD_DRV] RD Drive item: rd_en=1
UVM_INFO ../tb/env/async_fifo_scoreboard.sv(55) @ 4565001: uvm_test_top.env.scb [ASYNC_FIFO_SCB] Write ignored because write side was full before edge
UVM_INFO ../tb/rd_agent/async_fifo_rd_monitor.sv(69) @ 4568001: uvm_test_top.env.rd_agt.monitor [ASYNC_FIFO_RD_MON] RD accepted item: rd_data=0x86515bc1
UVM_INFO ../tb/env/async_fifo_scoreboard.sv(49) @ 4575001: uvm_test_top.env.scb [ASYNC_FIFO_SCB] Model Push: 0x86515bc1 depth=14
UVM_INFO ../tb/rd_agent/async_fifo_rd_driver.sv(38) @ 4576000: uvm_test_top.env.rd_agt.driver [ASYNC_FIFO_RD_DRV] RD Drive item: rd_en=1
UVM_INFO ../tb/rd_agent/async_fifo_rd_monitor.sv(69) @ 4584001: uvm_test_top.env.rd_agt.monitor [ASYNC_FIFO_RD_MON] RD accepted item: rd_data=0x86515bc1
UVM_INFO ../tb/env/async_fifo_scoreboard.sv(49) @ 4585001: uvm_test_top.env.scb [ASYNC_FIFO_SCB] Model Push: 0x86515bc1 depth=14
UVM_INFO ../tb/rd_agent/async_fifo_rd_driver.sv(38) @ 4592000: uvm_test_top.env.rd_agt.driver [ASYNC_FIFO_RD_DRV] RD Drive item: rd_en=1
UVM_INFO ../tb/env/async_fifo_scoreboard.sv(55) @ 4595001: uvm_test_top.env.scb [ASYNC_FIFO_SCB] Write ignored because write side was full before edge
UVM_INFO ../tb/rd_agent/async_fifo_rd_monitor.sv(69) @ 4600001: uvm_test_top.env.rd_agt.monitor [ASYNC_FIFO_RD_MON] RD accepted item: rd_data=0x86515bc1
UVM_INFO ../tb/env/async_fifo_scoreboard.sv(49) @ 4605001: uvm_test_top.env.scb [ASYNC_FIFO_SCB] Model Push: 0x86515bc1 depth=14
UVM_INFO ../tb/rd_agent/async_fifo_rd_driver.sv(38) @ 4608000: uvm_test_top.env.rd_agt.driver [ASYNC_FIFO_RD_DRV] RD Drive item: rd_en=1
UVM_INFO ../tb/env/async_fifo_scoreboard.sv(49) @ 4615001: uvm_test_top.env.scb [ASYNC_FIFO_SCB] Model Push: 0x86515bc1 depth=15
UVM_INFO ../tb/rd_agent/async_fifo_rd_monitor.sv(69) @ 4616001: uvm_test_top.env.rd_agt.monitor [ASYNC_FIFO_RD_MON] RD accepted item: rd_data=0x86515bc1
UVM_INFO ../tb/rd_agent/async_fifo_rd_driver.sv(38) @ 4624000: uvm_test_top.env.rd_agt.driver [ASYNC_FIFO_RD_DRV] RD Drive item: rd_en=1
UVM_INFO ../tb/env/async_fifo_scoreboard.sv(55) @ 4625001: uvm_test_top.env.scb [ASYNC_FIFO_SCB] Write ignored because write side was full before edge
UVM_INFO ../tb/rd_agent/async_fifo_rd_monitor.sv(69) @ 4632001: uvm_test_top.env.rd_agt.monitor [ASYNC_FIFO_RD_MON] RD accepted item: rd_data=0x86515bc1
UVM_INFO ../tb/env/async_fifo_scoreboard.sv(49) @ 4635001: uvm_test_top.env.scb [ASYNC_FIFO_SCB] Model Push: 0x86515bc1 depth=14
UVM_INFO ../tb/rd_agent/async_fifo_rd_driver.sv(38) @ 4640000: uvm_test_top.env.rd_agt.driver [ASYNC_FIFO_RD_DRV] RD Drive item: rd_en=1
UVM_INFO ../tb/env/async_fifo_scoreboard.sv(55) @ 4645001: uvm_test_top.env.scb [ASYNC_FIFO_SCB] Write ignored because write side was full before edge
UVM_INFO ../tb/rd_agent/async_fifo_rd_monitor.sv(69) @ 4648001: uvm_test_top.env.rd_agt.monitor [ASYNC_FIFO_RD_MON] RD accepted item: rd_data=0x86515bc1
UVM_INFO ../tb/env/async_fifo_scoreboard.sv(49) @ 4655001: uvm_test_top.env.scb [ASYNC_FIFO_SCB] Model Push: 0x86515bc1 depth=14
UVM_INFO ../tb/rd_agent/async_fifo_rd_driver.sv(38) @ 4656000: uvm_test_top.env.rd_agt.driver [ASYNC_FIFO_RD_DRV] RD Drive item: rd_en=1
UVM_INFO ../tb/rd_agent/async_fifo_rd_monitor.sv(69) @ 4664001: uvm_test_top.env.rd_agt.monitor [ASYNC_FIFO_RD_MON] RD accepted item: rd_data=0x86515bc1
UVM_INFO ../tb/env/async_fifo_scoreboard.sv(49) @ 4665001: uvm_test_top.env.scb [ASYNC_FIFO_SCB] Model Push: 0x86515bc1 depth=14
UVM_INFO ../tb/rd_agent/async_fifo_rd_driver.sv(38) @ 4672000: uvm_test_top.env.rd_agt.driver [ASYNC_FIFO_RD_DRV] RD Drive item: rd_en=1
UVM_INFO ../tb/env/async_fifo_scoreboard.sv(55) @ 4675001: uvm_test_top.env.scb [ASYNC_FIFO_SCB] Write ignored because write side was full before edge
UVM_INFO ../tb/rd_agent/async_fifo_rd_monitor.sv(69) @ 4680001: uvm_test_top.env.rd_agt.monitor [ASYNC_FIFO_RD_MON] RD accepted item: rd_data=0x86515bc1
UVM_INFO ../tb/env/async_fifo_scoreboard.sv(49) @ 4685001: uvm_test_top.env.scb [ASYNC_FIFO_SCB] Model Push: 0x86515bc1 depth=14
UVM_INFO ../tb/rd_agent/async_fifo_rd_driver.sv(38) @ 4688000: uvm_test_top.env.rd_agt.driver [ASYNC_FIFO_RD_DRV] RD Drive item: rd_en=1
UVM_INFO ../tb/env/async_fifo_scoreboard.sv(49) @ 4695001: uvm_test_top.env.scb [ASYNC_FIFO_SCB] Model Push: 0x86515bc1 depth=15
UVM_INFO ../tb/rd_agent/async_fifo_rd_monitor.sv(69) @ 4696001: uvm_test_top.env.rd_agt.monitor [ASYNC_FIFO_RD_MON] RD accepted item: rd_data=0x86515bc1
UVM_INFO ../tb/rd_agent/async_fifo_rd_driver.sv(38) @ 4704000: uvm_test_top.env.rd_agt.driver [ASYNC_FIFO_RD_DRV] RD Drive item: rd_en=1
UVM_INFO ../tb/env/async_fifo_scoreboard.sv(55) @ 4705001: uvm_test_top.env.scb [ASYNC_FIFO_SCB] Write ignored because write side was full before edge
UVM_INFO ../tb/rd_agent/async_fifo_rd_monitor.sv(69) @ 4712001: uvm_test_top.env.rd_agt.monitor [ASYNC_FIFO_RD_MON] RD accepted item: rd_data=0x86515bc1
UVM_INFO ../tb/env/async_fifo_scoreboard.sv(49) @ 4715001: uvm_test_top.env.scb [ASYNC_FIFO_SCB] Model Push: 0x86515bc1 depth=14
UVM_INFO ../tb/rd_agent/async_fifo_rd_driver.sv(38) @ 4720000: uvm_test_top.env.rd_agt.driver [ASYNC_FIFO_RD_DRV] RD Drive item: rd_en=1
UVM_INFO ../tb/env/async_fifo_scoreboard.sv(55) @ 4725001: uvm_test_top.env.scb [ASYNC_FIFO_SCB] Write ignored because write side was full before edge
UVM_INFO ../tb/rd_agent/async_fifo_rd_monitor.sv(69) @ 4728001: uvm_test_top.env.rd_agt.monitor [ASYNC_FIFO_RD_MON] RD accepted item: rd_data=0x86515bc1
UVM_INFO ../tb/env/async_fifo_scoreboard.sv(49) @ 4735001: uvm_test_top.env.scb [ASYNC_FIFO_SCB] Model Push: 0x86515bc1 depth=14
UVM_INFO ../tb/rd_agent/async_fifo_rd_driver.sv(38) @ 4736000: uvm_test_top.env.rd_agt.driver [ASYNC_FIFO_RD_DRV] RD Drive item: rd_en=1
UVM_INFO ../tb/rd_agent/async_fifo_rd_monitor.sv(69) @ 4744001: uvm_test_top.env.rd_agt.monitor [ASYNC_FIFO_RD_MON] RD accepted item: rd_data=0x86515bc1
UVM_INFO ../tb/env/async_fifo_scoreboard.sv(49) @ 4745001: uvm_test_top.env.scb [ASYNC_FIFO_SCB] Model Push: 0x86515bc1 depth=14
UVM_INFO ../tb/rd_agent/async_fifo_rd_driver.sv(38) @ 4752000: uvm_test_top.env.rd_agt.driver [ASYNC_FIFO_RD_DRV] RD Drive item: rd_en=1
UVM_INFO ../tb/env/async_fifo_scoreboard.sv(55) @ 4755001: uvm_test_top.env.scb [ASYNC_FIFO_SCB] Write ignored because write side was full before edge
UVM_INFO ../tb/rd_agent/async_fifo_rd_monitor.sv(69) @ 4760001: uvm_test_top.env.rd_agt.monitor [ASYNC_FIFO_RD_MON] RD accepted item: rd_data=0x86515bc1
UVM_INFO ../tb/env/async_fifo_scoreboard.sv(49) @ 4765001: uvm_test_top.env.scb [ASYNC_FIFO_SCB] Model Push: 0x86515bc1 depth=14
UVM_INFO ../tb/rd_agent/async_fifo_rd_driver.sv(38) @ 4768000: uvm_test_top.env.rd_agt.driver [ASYNC_FIFO_RD_DRV] RD Drive item: rd_en=1
UVM_INFO ../tb/env/async_fifo_scoreboard.sv(49) @ 4775001: uvm_test_top.env.scb [ASYNC_FIFO_SCB] Model Push: 0x86515bc1 depth=15
UVM_INFO ../tb/rd_agent/async_fifo_rd_monitor.sv(69) @ 4776001: uvm_test_top.env.rd_agt.monitor [ASYNC_FIFO_RD_MON] RD accepted item: rd_data=0x86515bc1
UVM_INFO ../tb/rd_agent/async_fifo_rd_driver.sv(38) @ 4784000: uvm_test_top.env.rd_agt.driver [ASYNC_FIFO_RD_DRV] RD Drive item: rd_en=1
UVM_INFO ../tb/env/async_fifo_scoreboard.sv(55) @ 4785001: uvm_test_top.env.scb [ASYNC_FIFO_SCB] Write ignored because write side was full before edge
UVM_INFO ../tb/rd_agent/async_fifo_rd_monitor.sv(69) @ 4792001: uvm_test_top.env.rd_agt.monitor [ASYNC_FIFO_RD_MON] RD accepted item: rd_data=0x86515bc1
UVM_INFO ../tb/env/async_fifo_scoreboard.sv(49) @ 4795001: uvm_test_top.env.scb [ASYNC_FIFO_SCB] Model Push: 0x86515bc1 depth=14
UVM_INFO ../tb/rd_agent/async_fifo_rd_driver.sv(38) @ 4800000: uvm_test_top.env.rd_agt.driver [ASYNC_FIFO_RD_DRV] RD Drive item: rd_en=1
UVM_INFO ../tb/env/async_fifo_scoreboard.sv(55) @ 4805001: uvm_test_top.env.scb [ASYNC_FIFO_SCB] Write ignored because write side was full before edge
UVM_INFO ../tb/rd_agent/async_fifo_rd_monitor.sv(69) @ 4808001: uvm_test_top.env.rd_agt.monitor [ASYNC_FIFO_RD_MON] RD accepted item: rd_data=0x86515bc1
UVM_INFO ../tb/env/async_fifo_scoreboard.sv(49) @ 4815001: uvm_test_top.env.scb [ASYNC_FIFO_SCB] Model Push: 0x86515bc1 depth=14
UVM_INFO ../tb/rd_agent/async_fifo_rd_driver.sv(38) @ 4816000: uvm_test_top.env.rd_agt.driver [ASYNC_FIFO_RD_DRV] RD Drive item: rd_en=1
UVM_INFO ../tb/rd_agent/async_fifo_rd_monitor.sv(69) @ 4824001: uvm_test_top.env.rd_agt.monitor [ASYNC_FIFO_RD_MON] RD accepted item: rd_data=0x86515bc1
UVM_INFO ../tb/env/async_fifo_scoreboard.sv(49) @ 4825001: uvm_test_top.env.scb [ASYNC_FIFO_SCB] Model Push: 0x86515bc1 depth=14
UVM_INFO ../tb/rd_agent/async_fifo_rd_driver.sv(38) @ 4832000: uvm_test_top.env.rd_agt.driver [ASYNC_FIFO_RD_DRV] RD Drive item: rd_en=1
UVM_INFO ../tb/env/async_fifo_scoreboard.sv(55) @ 4835001: uvm_test_top.env.scb [ASYNC_FIFO_SCB] Write ignored because write side was full before edge
UVM_INFO ../tb/rd_agent/async_fifo_rd_monitor.sv(69) @ 4840001: uvm_test_top.env.rd_agt.monitor [ASYNC_FIFO_RD_MON] RD accepted item: rd_data=0x86515bc1
UVM_INFO ../tb/env/async_fifo_scoreboard.sv(49) @ 4845001: uvm_test_top.env.scb [ASYNC_FIFO_SCB] Model Push: 0x86515bc1 depth=14
UVM_INFO ../tb/rd_agent/async_fifo_rd_driver.sv(38) @ 4848000: uvm_test_top.env.rd_agt.driver [ASYNC_FIFO_RD_DRV] RD Drive item: rd_en=1
UVM_INFO ../tb/env/async_fifo_scoreboard.sv(49) @ 4855001: uvm_test_top.env.scb [ASYNC_FIFO_SCB] Model Push: 0x86515bc1 depth=15
UVM_INFO ../tb/rd_agent/async_fifo_rd_monitor.sv(69) @ 4856001: uvm_test_top.env.rd_agt.monitor [ASYNC_FIFO_RD_MON] RD accepted item: rd_data=0x86515bc1
UVM_INFO ../tb/rd_agent/async_fifo_rd_driver.sv(38) @ 4864000: uvm_test_top.env.rd_agt.driver [ASYNC_FIFO_RD_DRV] RD Drive item: rd_en=1
UVM_INFO ../tb/env/async_fifo_scoreboard.sv(55) @ 4865001: uvm_test_top.env.scb [ASYNC_FIFO_SCB] Write ignored because write side was full before edge
UVM_INFO ../tb/rd_agent/async_fifo_rd_monitor.sv(69) @ 4872001: uvm_test_top.env.rd_agt.monitor [ASYNC_FIFO_RD_MON] RD accepted item: rd_data=0x86515bc1
UVM_INFO ../tb/env/async_fifo_scoreboard.sv(49) @ 4875001: uvm_test_top.env.scb [ASYNC_FIFO_SCB] Model Push: 0x86515bc1 depth=14
UVM_INFO ../tb/rd_agent/async_fifo_rd_driver.sv(38) @ 4880000: uvm_test_top.env.rd_agt.driver [ASYNC_FIFO_RD_DRV] RD Drive item: rd_en=1
UVM_INFO ../tb/env/async_fifo_scoreboard.sv(55) @ 4885001: uvm_test_top.env.scb [ASYNC_FIFO_SCB] Write ignored because write side was full before edge
UVM_INFO ../tb/rd_agent/async_fifo_rd_monitor.sv(69) @ 4888001: uvm_test_top.env.rd_agt.monitor [ASYNC_FIFO_RD_MON] RD accepted item: rd_data=0x86515bc1
UVM_INFO ../tb/env/async_fifo_scoreboard.sv(49) @ 4895001: uvm_test_top.env.scb [ASYNC_FIFO_SCB] Model Push: 0x86515bc1 depth=14
UVM_INFO ../tb/rd_agent/async_fifo_rd_driver.sv(38) @ 4896000: uvm_test_top.env.rd_agt.driver [ASYNC_FIFO_RD_DRV] RD Drive item: rd_en=1
UVM_INFO ../tb/rd_agent/async_fifo_rd_monitor.sv(69) @ 4904001: uvm_test_top.env.rd_agt.monitor [ASYNC_FIFO_RD_MON] RD accepted item: rd_data=0x86515bc1
UVM_INFO ../tb/env/async_fifo_scoreboard.sv(49) @ 4905001: uvm_test_top.env.scb [ASYNC_FIFO_SCB] Model Push: 0x86515bc1 depth=14
UVM_INFO ../tb/rd_agent/async_fifo_rd_driver.sv(38) @ 4912000: uvm_test_top.env.rd_agt.driver [ASYNC_FIFO_RD_DRV] RD Drive item: rd_en=1
UVM_INFO ../tb/env/async_fifo_scoreboard.sv(55) @ 4915001: uvm_test_top.env.scb [ASYNC_FIFO_SCB] Write ignored because write side was full before edge
UVM_INFO ../tb/rd_agent/async_fifo_rd_monitor.sv(69) @ 4920001: uvm_test_top.env.rd_agt.monitor [ASYNC_FIFO_RD_MON] RD accepted item: rd_data=0x86515bc1
UVM_INFO ../tb/env/async_fifo_scoreboard.sv(49) @ 4925001: uvm_test_top.env.scb [ASYNC_FIFO_SCB] Model Push: 0x86515bc1 depth=14
UVM_INFO ../tb/rd_agent/async_fifo_rd_driver.sv(38) @ 4928000: uvm_test_top.env.rd_agt.driver [ASYNC_FIFO_RD_DRV] RD Drive item: rd_en=1
UVM_INFO ../tb/env/async_fifo_scoreboard.sv(49) @ 4935001: uvm_test_top.env.scb [ASYNC_FIFO_SCB] Model Push: 0x86515bc1 depth=15
UVM_INFO ../tb/rd_agent/async_fifo_rd_monitor.sv(69) @ 4936001: uvm_test_top.env.rd_agt.monitor [ASYNC_FIFO_RD_MON] RD accepted item: rd_data=0x86515bc1
UVM_INFO ../tb/rd_agent/async_fifo_rd_driver.sv(38) @ 4944000: uvm_test_top.env.rd_agt.driver [ASYNC_FIFO_RD_DRV] RD Drive item: rd_en=1
UVM_INFO ../tb/env/async_fifo_scoreboard.sv(55) @ 4945001: uvm_test_top.env.scb [ASYNC_FIFO_SCB] Write ignored because write side was full before edge
UVM_INFO ../tb/rd_agent/async_fifo_rd_monitor.sv(69) @ 4952001: uvm_test_top.env.rd_agt.monitor [ASYNC_FIFO_RD_MON] RD accepted item: rd_data=0x86515bc1
UVM_INFO ../tb/env/async_fifo_scoreboard.sv(49) @ 4955001: uvm_test_top.env.scb [ASYNC_FIFO_SCB] Model Push: 0x86515bc1 depth=14
UVM_INFO ../tb/rd_agent/async_fifo_rd_driver.sv(38) @ 4960000: uvm_test_top.env.rd_agt.driver [ASYNC_FIFO_RD_DRV] RD Drive item: rd_en=1
UVM_INFO ../tb/env/async_fifo_scoreboard.sv(55) @ 4965001: uvm_test_top.env.scb [ASYNC_FIFO_SCB] Write ignored because write side was full before edge
UVM_INFO ../tb/rd_agent/async_fifo_rd_monitor.sv(69) @ 4968001: uvm_test_top.env.rd_agt.monitor [ASYNC_FIFO_RD_MON] RD accepted item: rd_data=0x86515bc1
UVM_INFO ../tb/env/async_fifo_scoreboard.sv(49) @ 4975001: uvm_test_top.env.scb [ASYNC_FIFO_SCB] Model Push: 0x86515bc1 depth=14
UVM_INFO ../tb/rd_agent/async_fifo_rd_driver.sv(38) @ 4976000: uvm_test_top.env.rd_agt.driver [ASYNC_FIFO_RD_DRV] RD Drive item: rd_en=1
UVM_INFO ../tb/rd_agent/async_fifo_rd_monitor.sv(69) @ 4984001: uvm_test_top.env.rd_agt.monitor [ASYNC_FIFO_RD_MON] RD accepted item: rd_data=0x86515bc1
UVM_INFO ../tb/env/async_fifo_scoreboard.sv(49) @ 4985001: uvm_test_top.env.scb [ASYNC_FIFO_SCB] Model Push: 0x86515bc1 depth=14
UVM_INFO ../tb/rd_agent/async_fifo_rd_driver.sv(38) @ 4992000: uvm_test_top.env.rd_agt.driver [ASYNC_FIFO_RD_DRV] RD Drive item: rd_en=1
UVM_INFO ../tb/env/async_fifo_scoreboard.sv(55) @ 4995001: uvm_test_top.env.scb [ASYNC_FIFO_SCB] Write ignored because write side was full before edge
UVM_INFO ../tb/rd_agent/async_fifo_rd_monitor.sv(69) @ 5000001: uvm_test_top.env.rd_agt.monitor [ASYNC_FIFO_RD_MON] RD accepted item: rd_data=0x86515bc1
UVM_INFO ../tb/env/async_fifo_scoreboard.sv(49) @ 5005001: uvm_test_top.env.scb [ASYNC_FIFO_SCB] Model Push: 0x86515bc1 depth=14
UVM_INFO ../tb/rd_agent/async_fifo_rd_driver.sv(38) @ 5008000: uvm_test_top.env.rd_agt.driver [ASYNC_FIFO_RD_DRV] RD Drive item: rd_en=1
UVM_INFO ../tb/env/async_fifo_scoreboard.sv(49) @ 5015001: uvm_test_top.env.scb [ASYNC_FIFO_SCB] Model Push: 0x86515bc1 depth=15
UVM_INFO ../tb/rd_agent/async_fifo_rd_monitor.sv(69) @ 5016001: uvm_test_top.env.rd_agt.monitor [ASYNC_FIFO_RD_MON] RD accepted item: rd_data=0x86515bc1
UVM_INFO ../tb/rd_agent/async_fifo_rd_driver.sv(38) @ 5024000: uvm_test_top.env.rd_agt.driver [ASYNC_FIFO_RD_DRV] RD Drive item: rd_en=1
UVM_INFO ../tb/env/async_fifo_scoreboard.sv(55) @ 5025001: uvm_test_top.env.scb [ASYNC_FIFO_SCB] Write ignored because write side was full before edge
UVM_INFO ../tb/rd_agent/async_fifo_rd_monitor.sv(69) @ 5032001: uvm_test_top.env.rd_agt.monitor [ASYNC_FIFO_RD_MON] RD accepted item: rd_data=0x86515bc1
UVM_INFO ../tb/env/async_fifo_scoreboard.sv(49) @ 5035001: uvm_test_top.env.scb [ASYNC_FIFO_SCB] Model Push: 0x86515bc1 depth=14
UVM_INFO ../tb/rd_agent/async_fifo_rd_driver.sv(38) @ 5040000: uvm_test_top.env.rd_agt.driver [ASYNC_FIFO_RD_DRV] RD Drive item: rd_en=1
UVM_INFO ../tb/env/async_fifo_scoreboard.sv(55) @ 5045001: uvm_test_top.env.scb [ASYNC_FIFO_SCB] Write ignored because write side was full before edge
UVM_INFO ../tb/rd_agent/async_fifo_rd_monitor.sv(69) @ 5048001: uvm_test_top.env.rd_agt.monitor [ASYNC_FIFO_RD_MON] RD accepted item: rd_data=0x86515bc1
UVM_INFO ../tb/env/async_fifo_scoreboard.sv(49) @ 5055001: uvm_test_top.env.scb [ASYNC_FIFO_SCB] Model Push: 0x86515bc1 depth=14
UVM_INFO ../tb/rd_agent/async_fifo_rd_driver.sv(38) @ 5056000: uvm_test_top.env.rd_agt.driver [ASYNC_FIFO_RD_DRV] RD Drive item: rd_en=1
UVM_INFO ../tb/rd_agent/async_fifo_rd_monitor.sv(69) @ 5064001: uvm_test_top.env.rd_agt.monitor [ASYNC_FIFO_RD_MON] RD accepted item: rd_data=0x86515bc1
UVM_INFO ../tb/env/async_fifo_scoreboard.sv(49) @ 5065001: uvm_test_top.env.scb [ASYNC_FIFO_SCB] Model Push: 0x86515bc1 depth=14
UVM_INFO ../tb/rd_agent/async_fifo_rd_driver.sv(38) @ 5072000: uvm_test_top.env.rd_agt.driver [ASYNC_FIFO_RD_DRV] RD Drive item: rd_en=1
UVM_INFO ../tb/env/async_fifo_scoreboard.sv(55) @ 5075001: uvm_test_top.env.scb [ASYNC_FIFO_SCB] Write ignored because write side was full before edge
UVM_INFO ../tb/rd_agent/async_fifo_rd_monitor.sv(69) @ 5080001: uvm_test_top.env.rd_agt.monitor [ASYNC_FIFO_RD_MON] RD accepted item: rd_data=0x86515bc1
UVM_INFO ../tb/env/async_fifo_scoreboard.sv(49) @ 5085001: uvm_test_top.env.scb [ASYNC_FIFO_SCB] Model Push: 0x86515bc1 depth=14
UVM_INFO ../tb/rd_agent/async_fifo_rd_driver.sv(38) @ 5088000: uvm_test_top.env.rd_agt.driver [ASYNC_FIFO_RD_DRV] RD Drive item: rd_en=1
UVM_INFO ../tb/env/async_fifo_scoreboard.sv(49) @ 5095001: uvm_test_top.env.scb [ASYNC_FIFO_SCB] Model Push: 0x86515bc1 depth=15
UVM_INFO ../tb/rd_agent/async_fifo_rd_monitor.sv(69) @ 5096001: uvm_test_top.env.rd_agt.monitor [ASYNC_FIFO_RD_MON] RD accepted item: rd_data=0x86515bc1
UVM_INFO ../tb/rd_agent/async_fifo_rd_driver.sv(38) @ 5104000: uvm_test_top.env.rd_agt.driver [ASYNC_FIFO_RD_DRV] RD Drive item: rd_en=1
UVM_INFO ../tb/env/async_fifo_scoreboard.sv(55) @ 5105001: uvm_test_top.env.scb [ASYNC_FIFO_SCB] Write ignored because write side was full before edge
UVM_INFO ../tb/rd_agent/async_fifo_rd_monitor.sv(69) @ 5112001: uvm_test_top.env.rd_agt.monitor [ASYNC_FIFO_RD_MON] RD accepted item: rd_data=0x86515bc1
UVM_INFO ../tb/env/async_fifo_scoreboard.sv(49) @ 5115001: uvm_test_top.env.scb [ASYNC_FIFO_SCB] Model Push: 0x86515bc1 depth=14
UVM_INFO ../tb/rd_agent/async_fifo_rd_driver.sv(38) @ 5120000: uvm_test_top.env.rd_agt.driver [ASYNC_FIFO_RD_DRV] RD Drive item: rd_en=1
UVM_INFO ../tb/env/async_fifo_scoreboard.sv(55) @ 5125001: uvm_test_top.env.scb [ASYNC_FIFO_SCB] Write ignored because write side was full before edge
UVM_INFO ../tb/rd_agent/async_fifo_rd_monitor.sv(69) @ 5128001: uvm_test_top.env.rd_agt.monitor [ASYNC_FIFO_RD_MON] RD accepted item: rd_data=0x86515bc1
UVM_INFO ../tb/env/async_fifo_scoreboard.sv(49) @ 5135001: uvm_test_top.env.scb [ASYNC_FIFO_SCB] Model Push: 0x86515bc1 depth=14
UVM_INFO ../tb/rd_agent/async_fifo_rd_driver.sv(38) @ 5136000: uvm_test_top.env.rd_agt.driver [ASYNC_FIFO_RD_DRV] RD Drive item: rd_en=1
UVM_INFO ../tb/rd_agent/async_fifo_rd_monitor.sv(69) @ 5144001: uvm_test_top.env.rd_agt.monitor [ASYNC_FIFO_RD_MON] RD accepted item: rd_data=0x86515bc1
UVM_INFO ../tb/env/async_fifo_scoreboard.sv(49) @ 5145001: uvm_test_top.env.scb [ASYNC_FIFO_SCB] Model Push: 0x86515bc1 depth=14
UVM_INFO ../tb/rd_agent/async_fifo_rd_driver.sv(38) @ 5152000: uvm_test_top.env.rd_agt.driver [ASYNC_FIFO_RD_DRV] RD Drive item: rd_en=1
UVM_INFO ../tb/env/async_fifo_scoreboard.sv(55) @ 5155001: uvm_test_top.env.scb [ASYNC_FIFO_SCB] Write ignored because write side was full before edge
UVM_INFO ../tb/rd_agent/async_fifo_rd_monitor.sv(69) @ 5160001: uvm_test_top.env.rd_agt.monitor [ASYNC_FIFO_RD_MON] RD accepted item: rd_data=0x86515bc1
UVM_INFO ../tb/env/async_fifo_scoreboard.sv(49) @ 5165001: uvm_test_top.env.scb [ASYNC_FIFO_SCB] Model Push: 0x86515bc1 depth=14
UVM_INFO ../tb/rd_agent/async_fifo_rd_driver.sv(38) @ 5168000: uvm_test_top.env.rd_agt.driver [ASYNC_FIFO_RD_DRV] RD Drive item: rd_en=1
UVM_INFO ../tb/env/async_fifo_scoreboard.sv(49) @ 5175001: uvm_test_top.env.scb [ASYNC_FIFO_SCB] Model Push: 0x86515bc1 depth=15
UVM_INFO ../tb/rd_agent/async_fifo_rd_monitor.sv(69) @ 5176001: uvm_test_top.env.rd_agt.monitor [ASYNC_FIFO_RD_MON] RD accepted item: rd_data=0x86515bc1
UVM_INFO ../tb/rd_agent/async_fifo_rd_driver.sv(38) @ 5184000: uvm_test_top.env.rd_agt.driver [ASYNC_FIFO_RD_DRV] RD Drive item: rd_en=1
UVM_INFO ../tb/env/async_fifo_scoreboard.sv(55) @ 5185001: uvm_test_top.env.scb [ASYNC_FIFO_SCB] Write ignored because write side was full before edge
UVM_INFO ../tb/rd_agent/async_fifo_rd_monitor.sv(69) @ 5192001: uvm_test_top.env.rd_agt.monitor [ASYNC_FIFO_RD_MON] RD accepted item: rd_data=0x86515bc1
UVM_INFO ../tb/env/async_fifo_scoreboard.sv(49) @ 5195001: uvm_test_top.env.scb [ASYNC_FIFO_SCB] Model Push: 0x86515bc1 depth=14
UVM_INFO ../tb/rd_agent/async_fifo_rd_driver.sv(38) @ 5200000: uvm_test_top.env.rd_agt.driver [ASYNC_FIFO_RD_DRV] RD Drive item: rd_en=1
UVM_INFO ../tb/env/async_fifo_scoreboard.sv(55) @ 5205001: uvm_test_top.env.scb [ASYNC_FIFO_SCB] Write ignored because write side was full before edge
UVM_INFO ../tb/rd_agent/async_fifo_rd_monitor.sv(69) @ 5208001: uvm_test_top.env.rd_agt.monitor [ASYNC_FIFO_RD_MON] RD accepted item: rd_data=0x86515bc1
UVM_INFO ../tb/env/async_fifo_scoreboard.sv(49) @ 5215001: uvm_test_top.env.scb [ASYNC_FIFO_SCB] Model Push: 0x86515bc1 depth=14
UVM_INFO ../tb/rd_agent/async_fifo_rd_driver.sv(38) @ 5216000: uvm_test_top.env.rd_agt.driver [ASYNC_FIFO_RD_DRV] RD Drive item: rd_en=1
UVM_INFO ../tb/rd_agent/async_fifo_rd_monitor.sv(69) @ 5224001: uvm_test_top.env.rd_agt.monitor [ASYNC_FIFO_RD_MON] RD accepted item: rd_data=0x86515bc1
UVM_INFO ../tb/env/async_fifo_scoreboard.sv(49) @ 5225001: uvm_test_top.env.scb [ASYNC_FIFO_SCB] Model Push: 0x86515bc1 depth=14
UVM_INFO ../tb/rd_agent/async_fifo_rd_driver.sv(38) @ 5232000: uvm_test_top.env.rd_agt.driver [ASYNC_FIFO_RD_DRV] RD Drive item: rd_en=1
UVM_INFO ../tb/env/async_fifo_scoreboard.sv(55) @ 5235001: uvm_test_top.env.scb [ASYNC_FIFO_SCB] Write ignored because write side was full before edge
UVM_INFO ../tb/rd_agent/async_fifo_rd_monitor.sv(69) @ 5240001: uvm_test_top.env.rd_agt.monitor [ASYNC_FIFO_RD_MON] RD accepted item: rd_data=0x86515bc1
UVM_INFO ../tb/env/async_fifo_scoreboard.sv(49) @ 5245001: uvm_test_top.env.scb [ASYNC_FIFO_SCB] Model Push: 0x86515bc1 depth=14
UVM_INFO ../tb/rd_agent/async_fifo_rd_driver.sv(38) @ 5248000: uvm_test_top.env.rd_agt.driver [ASYNC_FIFO_RD_DRV] RD Drive item: rd_en=1
UVM_INFO ../tb/env/async_fifo_scoreboard.sv(49) @ 5255001: uvm_test_top.env.scb [ASYNC_FIFO_SCB] Model Push: 0x86515bc1 depth=15
UVM_INFO ../tb/rd_agent/async_fifo_rd_monitor.sv(69) @ 5256001: uvm_test_top.env.rd_agt.monitor [ASYNC_FIFO_RD_MON] RD accepted item: rd_data=0x86515bc1
UVM_INFO ../tb/rd_agent/async_fifo_rd_driver.sv(38) @ 5264000: uvm_test_top.env.rd_agt.driver [ASYNC_FIFO_RD_DRV] RD Drive item: rd_en=1
UVM_INFO ../tb/env/async_fifo_scoreboard.sv(55) @ 5265001: uvm_test_top.env.scb [ASYNC_FIFO_SCB] Write ignored because write side was full before edge
UVM_INFO ../tb/rd_agent/async_fifo_rd_monitor.sv(69) @ 5272001: uvm_test_top.env.rd_agt.monitor [ASYNC_FIFO_RD_MON] RD accepted item: rd_data=0x86515bc1
UVM_INFO ../tb/env/async_fifo_scoreboard.sv(49) @ 5275001: uvm_test_top.env.scb [ASYNC_FIFO_SCB] Model Push: 0x86515bc1 depth=14
UVM_INFO ../tb/env/async_fifo_scoreboard.sv(55) @ 5285001: uvm_test_top.env.scb [ASYNC_FIFO_SCB] Write ignored because write side was full before edge
UVM_INFO ../tb/rd_agent/async_fifo_rd_monitor.sv(69) @ 5288001: uvm_test_top.env.rd_agt.monitor [ASYNC_FIFO_RD_MON] RD accepted item: rd_data=0x86515bc1
UVM_INFO ../tb/env/async_fifo_scoreboard.sv(49) @ 5295001: uvm_test_top.env.scb [ASYNC_FIFO_SCB] Model Push: 0x86515bc1 depth=14
UVM_INFO ../tb/rd_agent/async_fifo_rd_monitor.sv(69) @ 5304001: uvm_test_top.env.rd_agt.monitor [ASYNC_FIFO_RD_MON] RD accepted item: rd_data=0x86515bc1
UVM_INFO ../tb/env/async_fifo_scoreboard.sv(49) @ 5305001: uvm_test_top.env.scb [ASYNC_FIFO_SCB] Model Push: 0x86515bc1 depth=14
UVM_INFO ../tb/env/async_fifo_scoreboard.sv(55) @ 5315001: uvm_test_top.env.scb [ASYNC_FIFO_SCB] Write ignored because write side was full before edge
UVM_INFO ../tb/rd_agent/async_fifo_rd_monitor.sv(69) @ 5320001: uvm_test_top.env.rd_agt.monitor [ASYNC_FIFO_RD_MON] RD accepted item: rd_data=0x86515bc1
UVM_INFO ../tb/env/async_fifo_scoreboard.sv(49) @ 5325001: uvm_test_top.env.scb [ASYNC_FIFO_SCB] Model Push: 0x86515bc1 depth=14
UVM_INFO ../tb/env/async_fifo_scoreboard.sv(49) @ 5335001: uvm_test_top.env.scb [ASYNC_FIFO_SCB] Model Push: 0x86515bc1 depth=15
UVM_INFO ../tb/rd_agent/async_fifo_rd_monitor.sv(69) @ 5336001: uvm_test_top.env.rd_agt.monitor [ASYNC_FIFO_RD_MON] RD accepted item: rd_data=0x86515bc1
UVM_INFO ../tb/env/async_fifo_scoreboard.sv(55) @ 5345001: uvm_test_top.env.scb [ASYNC_FIFO_SCB] Write ignored because write side was full before edge
UVM_INFO ../tb/rd_agent/async_fifo_rd_monitor.sv(69) @ 5352001: uvm_test_top.env.rd_agt.monitor [ASYNC_FIFO_RD_MON] RD accepted item: rd_data=0x86515bc1
UVM_INFO ../tb/env/async_fifo_scoreboard.sv(49) @ 5355001: uvm_test_top.env.scb [ASYNC_FIFO_SCB] Model Push: 0x86515bc1 depth=14
UVM_INFO ../tb/env/async_fifo_scoreboard.sv(55) @ 5365001: uvm_test_top.env.scb [ASYNC_FIFO_SCB] Write ignored because write side was full before edge
UVM_INFO ../tb/rd_agent/async_fifo_rd_monitor.sv(69) @ 5368001: uvm_test_top.env.rd_agt.monitor [ASYNC_FIFO_RD_MON] RD accepted item: rd_data=0x86515bc1
UVM_INFO ../tb/env/async_fifo_scoreboard.sv(49) @ 5375001: uvm_test_top.env.scb [ASYNC_FIFO_SCB] Model Push: 0x86515bc1 depth=14
UVM_INFO ../tb/rd_agent/async_fifo_rd_monitor.sv(69) @ 5384001: uvm_test_top.env.rd_agt.monitor [ASYNC_FIFO_RD_MON] RD accepted item: rd_data=0x86515bc1
UVM_INFO ../tb/env/async_fifo_scoreboard.sv(49) @ 5385001: uvm_test_top.env.scb [ASYNC_FIFO_SCB] Model Push: 0x86515bc1 depth=14
UVM_INFO ../tb/env/async_fifo_scoreboard.sv(55) @ 5395001: uvm_test_top.env.scb [ASYNC_FIFO_SCB] Write ignored because write side was full before edge
UVM_INFO ../tb/rd_agent/async_fifo_rd_monitor.sv(69) @ 5400001: uvm_test_top.env.rd_agt.monitor [ASYNC_FIFO_RD_MON] RD accepted item: rd_data=0x86515bc1
UVM_INFO ../tb/env/async_fifo_scoreboard.sv(49) @ 5405001: uvm_test_top.env.scb [ASYNC_FIFO_SCB] Model Push: 0x86515bc1 depth=14
UVM_INFO ../tb/env/async_fifo_scoreboard.sv(49) @ 5415001: uvm_test_top.env.scb [ASYNC_FIFO_SCB] Model Push: 0x86515bc1 depth=15
UVM_INFO ../tb/rd_agent/async_fifo_rd_monitor.sv(69) @ 5416001: uvm_test_top.env.rd_agt.monitor [ASYNC_FIFO_RD_MON] RD accepted item: rd_data=0x86515bc1
UVM_INFO ../tb/env/async_fifo_scoreboard.sv(55) @ 5425001: uvm_test_top.env.scb [ASYNC_FIFO_SCB] Write ignored because write side was full before edge
UVM_INFO ../tb/rd_agent/async_fifo_rd_monitor.sv(69) @ 5432001: uvm_test_top.env.rd_agt.monitor [ASYNC_FIFO_RD_MON] RD accepted item: rd_data=0x86515bc1
UVM_INFO ../tb/env/async_fifo_scoreboard.sv(49) @ 5435001: uvm_test_top.env.scb [ASYNC_FIFO_SCB] Model Push: 0x86515bc1 depth=14
UVM_INFO ../tb/env/async_fifo_scoreboard.sv(55) @ 5445001: uvm_test_top.env.scb [ASYNC_FIFO_SCB] Write ignored because write side was full before edge
UVM_INFO ../tb/rd_agent/async_fifo_rd_monitor.sv(69) @ 5448001: uvm_test_top.env.rd_agt.monitor [ASYNC_FIFO_RD_MON] RD accepted item: rd_data=0x86515bc1
UVM_INFO ../tb/env/async_fifo_scoreboard.sv(49) @ 5455001: uvm_test_top.env.scb [ASYNC_FIFO_SCB] Model Push: 0x86515bc1 depth=14
UVM_INFO ../tb/rd_agent/async_fifo_rd_monitor.sv(69) @ 5464001: uvm_test_top.env.rd_agt.monitor [ASYNC_FIFO_RD_MON] RD accepted item: rd_data=0x86515bc1
UVM_INFO ../tb/env/async_fifo_scoreboard.sv(49) @ 5465001: uvm_test_top.env.scb [ASYNC_FIFO_SCB] Model Push: 0x86515bc1 depth=14
UVM_INFO ../tb/env/async_fifo_scoreboard.sv(55) @ 5475001: uvm_test_top.env.scb [ASYNC_FIFO_SCB] Write ignored because write side was full before edge
UVM_INFO ../tb/rd_agent/async_fifo_rd_monitor.sv(69) @ 5480001: uvm_test_top.env.rd_agt.monitor [ASYNC_FIFO_RD_MON] RD accepted item: rd_data=0x86515bc1
UVM_INFO ../tb/env/async_fifo_scoreboard.sv(49) @ 5485001: uvm_test_top.env.scb [ASYNC_FIFO_SCB] Model Push: 0x86515bc1 depth=14
UVM_INFO ../tb/env/async_fifo_scoreboard.sv(49) @ 5495001: uvm_test_top.env.scb [ASYNC_FIFO_SCB] Model Push: 0x86515bc1 depth=15
UVM_INFO ../tb/rd_agent/async_fifo_rd_monitor.sv(69) @ 5496001: uvm_test_top.env.rd_agt.monitor [ASYNC_FIFO_RD_MON] RD accepted item: rd_data=0x86515bc1
UVM_INFO ../tb/env/async_fifo_scoreboard.sv(55) @ 5505001: uvm_test_top.env.scb [ASYNC_FIFO_SCB] Write ignored because write side was full before edge
UVM_INFO /opt/synopsys/vcs/V-2023.12-SP2-1/etc/uvm/base/uvm_objection.svh(1274) @ 5512000: reporter [TEST_DONE] 'run' phase is ready to proceed to the 'extract' phase
UVM_INFO ../tb/env/async_fifo_cov.sv(78) @ 5512000: uvm_test_top.env.cov [ASYNC_FIFO_GLOBAL_COV] ASYNC_FIFO global functional coverage = 100.00%
UVM_INFO ../tb/env/async_fifo_cov.sv(82) @ 5512000: uvm_test_top.env.cov [ASYNC_FIFO_GLOBAL_COV] wr_rd_cross = 100.00%
UVM_INFO ../tb/env/async_fifo_cov.sv(86) @ 5512000: uvm_test_top.env.cov [ASYNC_FIFO_GLOBAL_COV] boundary_cross = 100.00%
UVM_INFO ../tb/rd_agent/async_fifo_rd_monitor.sv(82) @ 5512000: uvm_test_top.env.rd_agt.monitor [ASYNC_FIFO_RD_COV] ASYNC_FIFO_RD functional coverage = 100.00%
UVM_INFO ../tb/wr_agent/async_fifo_wr_monitor.sv(76) @ 5512000: uvm_test_top.env.wr_agt.monitor [ASYNC_FIFO_WR_COV] ASYNC_FIFO_WR functional coverage = 100.00%

--- UVM Report Summary ---

** Report counts by severity
UVM_INFO : 1244
UVM_WARNING :    0
UVM_ERROR :    0
UVM_FATAL :    0
** Report counts by id
[ASYNC_FIFO_GLOBAL_COV]     3
[ASYNC_FIFO_RD_COV]     1
[ASYNC_FIFO_RD_DRV]   320
[ASYNC_FIFO_RD_MON]   217
[ASYNC_FIFO_SCB]   380
[ASYNC_FIFO_WR_COV]     1
[ASYNC_FIFO_WR_DRV]   320
[RNTST]     1
[TEST_DONE]     1
$finish called from file "/opt/synopsys/vcs/V-2023.12-SP2-1/etc/uvm/base/uvm_root.svh", line 437.
$finish at simulation time              5512000
           V C S   S i m u l a t i o n   R e p o r t 
Time: 5512000 ps
CPU Time:      0.270 seconds;       Data structure size:   0.5Mb
Sun May 31 23:05:57 2026
