cd sim && vcs -full64 -sverilog -ntb_opts uvm +define+WIDTH=64 +define+DEPTH=4 +define+WR_CLK_PERIOD=13 +define+RD_CLK_PERIOD=29 -timescale=1ns/1ps -debug_access+all -top tb_top -l compile.log -f ../script/filelist.f -o simv
                         Chronologic VCS (TM)
      Version V-2023.12-SP2-1_Full64 -- Sun May 31 23:05:58 2026

                    Copyright (c) 1991 - 2024 Synopsys, Inc.
   This software and the associated documentation are proprietary to Synopsys,
 Inc. This software may only be used in accordance with the terms and conditions
 of a written license agreement with Synopsys, Inc. All other use, reproduction,
   or distribution of this software is strictly prohibited.  Licensed Products
     communicate with Synopsys servers for the purpose of providing software
    updates, detecting software piracy and verifying that customers are using
    Licensed Products in conformity with the applicable License Key for such
  Licensed Products. Synopsys will use information gathered in connection with
    this process to deliver software updates and pursue software pirates and
                                   infringers.

 Inclusivity & Diversity - Visit SolvNetPlus to read the "Synopsys Statement on
            Inclusivity and Diversity" (Refer to article 000036315 at
                        https://solvnetplus.synopsys.com)

Parsing design file '/opt/synopsys/vcs/V-2023.12-SP2-1/etc/uvm/uvm_pkg.sv'
Parsing included file '/opt/synopsys/vcs/V-2023.12-SP2-1/etc/uvm/uvm_macros.svh'.
Parsing included file '/opt/synopsys/vcs/V-2023.12-SP2-1/etc/uvm/macros/uvm_version_defines.svh'.
Back to file '/opt/synopsys/vcs/V-2023.12-SP2-1/etc/uvm/uvm_macros.svh'.
Parsing included file '/opt/synopsys/vcs/V-2023.12-SP2-1/etc/uvm/macros/snps_macros.svp'.
Back to file '/opt/synopsys/vcs/V-2023.12-SP2-1/etc/uvm/uvm_macros.svh'.
Parsing included file '/opt/synopsys/vcs/V-2023.12-SP2-1/etc/uvm/macros/uvm_message_defines.svh'.
Back to file '/opt/synopsys/vcs/V-2023.12-SP2-1/etc/uvm/uvm_macros.svh'.
Parsing included file '/opt/synopsys/vcs/V-2023.12-SP2-1/etc/uvm/macros/uvm_phase_defines.svh'.
Back to file '/opt/synopsys/vcs/V-2023.12-SP2-1/etc/uvm/uvm_macros.svh'.
Parsing included file '/opt/synopsys/vcs/V-2023.12-SP2-1/etc/uvm/macros/uvm_object_defines.svh'.
Back to file '/opt/synopsys/vcs/V-2023.12-SP2-1/etc/uvm/uvm_macros.svh'.
Parsing included file '/opt/synopsys/vcs/V-2023.12-SP2-1/etc/uvm/macros/uvm_printer_defines.svh'.
Back to file '/opt/synopsys/vcs/V-2023.12-SP2-1/etc/uvm/uvm_macros.svh'.
Parsing included file '/opt/synopsys/vcs/V-2023.12-SP2-1/etc/uvm/macros/uvm_tlm_defines.svh'.
Parsing included file '/opt/synopsys/vcs/V-2023.12-SP2-1/etc/uvm/tlm1/uvm_tlm_imps.svh'.
Back to file '/opt/synopsys/vcs/V-2023.12-SP2-1/etc/uvm/macros/uvm_tlm_defines.svh'.
Back to file '/opt/synopsys/vcs/V-2023.12-SP2-1/etc/uvm/uvm_macros.svh'.
Parsing included file '/opt/synopsys/vcs/V-2023.12-SP2-1/etc/uvm/macros/uvm_sequence_defines.svh'.
Back to file '/opt/synopsys/vcs/V-2023.12-SP2-1/etc/uvm/uvm_macros.svh'.
Parsing included file '/opt/synopsys/vcs/V-2023.12-SP2-1/etc/uvm/macros/uvm_callback_defines.svh'.
Back to file '/opt/synopsys/vcs/V-2023.12-SP2-1/etc/uvm/uvm_macros.svh'.
Parsing included file '/opt/synopsys/vcs/V-2023.12-SP2-1/etc/uvm/macros/uvm_reg_defines.svh'.
Back to file '/opt/synopsys/vcs/V-2023.12-SP2-1/etc/uvm/uvm_macros.svh'.
Parsing included file '/opt/synopsys/vcs/V-2023.12-SP2-1/etc/uvm/macros/uvm_deprecated_defines.svh'.
Back to file '/opt/synopsys/vcs/V-2023.12-SP2-1/etc/uvm/uvm_macros.svh'.
Back to file '/opt/synopsys/vcs/V-2023.12-SP2-1/etc/uvm/uvm_pkg.sv'.
Parsing included file '/opt/synopsys/vcs/V-2023.12-SP2-1/etc/uvm/directc/uvm_directc.svh'.
Parsing included file '/opt/synopsys/vcs/V-2023.12-SP2-1/etc/uvm/directc/uvm_seed.vh'.
Back to file '/opt/synopsys/vcs/V-2023.12-SP2-1/etc/uvm/directc/uvm_directc.svh'.
Back to file '/opt/synopsys/vcs/V-2023.12-SP2-1/etc/uvm/uvm_pkg.sv'.
Parsing included file '/opt/synopsys/vcs/V-2023.12-SP2-1/etc/uvm/dpi/uvm_dpi.svh'.
Parsing included file '/opt/synopsys/vcs/V-2023.12-SP2-1/etc/uvm/dpi/uvm_hdl.svh'.
Back to file '/opt/synopsys/vcs/V-2023.12-SP2-1/etc/uvm/dpi/uvm_dpi.svh'.
Parsing included file '/opt/synopsys/vcs/V-2023.12-SP2-1/etc/uvm/dpi/uvm_svcmd_dpi.svh'.
Back to file '/opt/synopsys/vcs/V-2023.12-SP2-1/etc/uvm/dpi/uvm_dpi.svh'.
Parsing included file '/opt/synopsys/vcs/V-2023.12-SP2-1/etc/uvm/dpi/uvm_regex.svh'.
Back to file '/opt/synopsys/vcs/V-2023.12-SP2-1/etc/uvm/dpi/uvm_dpi.svh'.
Back to file '/opt/synopsys/vcs/V-2023.12-SP2-1/etc/uvm/uvm_pkg.sv'.
Parsing included file '/opt/synopsys/vcs/V-2023.12-SP2-1/etc/uvm/base/uvm_base.svh'.
Parsing included file '/opt/synopsys/vcs/V-2023.12-SP2-1/etc/uvm/base/uvm_version.svh'.
Back to file '/opt/synopsys/vcs/V-2023.12-SP2-1/etc/uvm/base/uvm_base.svh'.
Parsing included file '/opt/synopsys/vcs/V-2023.12-SP2-1/etc/uvm/base/uvm_object_globals.svh'.
Back to file '/opt/synopsys/vcs/V-2023.12-SP2-1/etc/uvm/base/uvm_base.svh'.
Parsing included file '/opt/synopsys/vcs/V-2023.12-SP2-1/etc/uvm/base/uvm_misc.svh'.
Back to file '/opt/synopsys/vcs/V-2023.12-SP2-1/etc/uvm/base/uvm_base.svh'.
Parsing included file '/opt/synopsys/vcs/V-2023.12-SP2-1/etc/uvm/base/uvm_object.svh'.
Back to file '/opt/synopsys/vcs/V-2023.12-SP2-1/etc/uvm/base/uvm_base.svh'.
Parsing included file '/opt/synopsys/vcs/V-2023.12-SP2-1/etc/uvm/base/uvm_pool.svh'.
Back to file '/opt/synopsys/vcs/V-2023.12-SP2-1/etc/uvm/base/uvm_base.svh'.
Parsing included file '/opt/synopsys/vcs/V-2023.12-SP2-1/etc/uvm/base/uvm_queue.svh'.
Back to file '/opt/synopsys/vcs/V-2023.12-SP2-1/etc/uvm/base/uvm_base.svh'.
Parsing included file '/opt/synopsys/vcs/V-2023.12-SP2-1/etc/uvm/base/uvm_factory.svh'.
Back to file '/opt/synopsys/vcs/V-2023.12-SP2-1/etc/uvm/base/uvm_base.svh'.
Parsing included file '/opt/synopsys/vcs/V-2023.12-SP2-1/etc/uvm/base/uvm_registry.svh'.
Back to file '/opt/synopsys/vcs/V-2023.12-SP2-1/etc/uvm/base/uvm_base.svh'.
Parsing included file '/opt/synopsys/vcs/V-2023.12-SP2-1/etc/uvm/base/uvm_spell_chkr.svh'.
Back to file '/opt/synopsys/vcs/V-2023.12-SP2-1/etc/uvm/base/uvm_base.svh'.
Parsing included file '/opt/synopsys/vcs/V-2023.12-SP2-1/etc/uvm/base/uvm_resource.svh'.
Back to file '/opt/synopsys/vcs/V-2023.12-SP2-1/etc/uvm/base/uvm_base.svh'.
Parsing included file '/opt/synopsys/vcs/V-2023.12-SP2-1/etc/uvm/deprecated/uvm_resource_converter.svh'.
Back to file '/opt/synopsys/vcs/V-2023.12-SP2-1/etc/uvm/base/uvm_base.svh'.
Parsing included file '/opt/synopsys/vcs/V-2023.12-SP2-1/etc/uvm/base/uvm_resource_specializations.svh'.
Back to file '/opt/synopsys/vcs/V-2023.12-SP2-1/etc/uvm/base/uvm_base.svh'.
Parsing included file '/opt/synopsys/vcs/V-2023.12-SP2-1/etc/uvm/base/uvm_resource_db.svh'.
Back to file '/opt/synopsys/vcs/V-2023.12-SP2-1/etc/uvm/base/uvm_base.svh'.
Parsing included file '/opt/synopsys/vcs/V-2023.12-SP2-1/etc/uvm/base/uvm_config_db.svh'.
Back to file '/opt/synopsys/vcs/V-2023.12-SP2-1/etc/uvm/base/uvm_base.svh'.
Parsing included file '/opt/synopsys/vcs/V-2023.12-SP2-1/etc/uvm/base/uvm_printer.svh'.
Back to file '/opt/synopsys/vcs/V-2023.12-SP2-1/etc/uvm/base/uvm_base.svh'.
Parsing included file '/opt/synopsys/vcs/V-2023.12-SP2-1/etc/uvm/base/uvm_comparer.svh'.
Back to file '/opt/synopsys/vcs/V-2023.12-SP2-1/etc/uvm/base/uvm_base.svh'.
Parsing included file '/opt/synopsys/vcs/V-2023.12-SP2-1/etc/uvm/base/uvm_packer.svh'.
Back to file '/opt/synopsys/vcs/V-2023.12-SP2-1/etc/uvm/base/uvm_base.svh'.
Parsing included file '/opt/synopsys/vcs/V-2023.12-SP2-1/etc/uvm/base/uvm_recorder.svh'.
Back to file '/opt/synopsys/vcs/V-2023.12-SP2-1/etc/uvm/base/uvm_base.svh'.
Parsing included file '/opt/synopsys/vcs/V-2023.12-SP2-1/etc/uvm/base/uvm_event_callback.svh'.
Back to file '/opt/synopsys/vcs/V-2023.12-SP2-1/etc/uvm/base/uvm_base.svh'.
Parsing included file '/opt/synopsys/vcs/V-2023.12-SP2-1/etc/uvm/base/uvm_event.svh'.
Back to file '/opt/synopsys/vcs/V-2023.12-SP2-1/etc/uvm/base/uvm_base.svh'.
Parsing included file '/opt/synopsys/vcs/V-2023.12-SP2-1/etc/uvm/base/uvm_barrier.svh'.
Back to file '/opt/synopsys/vcs/V-2023.12-SP2-1/etc/uvm/base/uvm_base.svh'.
Parsing included file '/opt/synopsys/vcs/V-2023.12-SP2-1/etc/uvm/base/uvm_callback.svh'.
Parsing included file '/opt/synopsys/vcs/V-2023.12-SP2-1/etc/uvm/uvm_macros.svh'.
Back to file '/opt/synopsys/vcs/V-2023.12-SP2-1/etc/uvm/base/uvm_callback.svh'.
Back to file '/opt/synopsys/vcs/V-2023.12-SP2-1/etc/uvm/base/uvm_base.svh'.
Parsing included file '/opt/synopsys/vcs/V-2023.12-SP2-1/etc/uvm/base/uvm_report_catcher.svh'.
Back to file '/opt/synopsys/vcs/V-2023.12-SP2-1/etc/uvm/base/uvm_base.svh'.
Parsing included file '/opt/synopsys/vcs/V-2023.12-SP2-1/etc/uvm/base/uvm_report_server.svh'.
Back to file '/opt/synopsys/vcs/V-2023.12-SP2-1/etc/uvm/base/uvm_base.svh'.
Parsing included file '/opt/synopsys/vcs/V-2023.12-SP2-1/etc/uvm/base/uvm_report_handler.svh'.
Back to file '/opt/synopsys/vcs/V-2023.12-SP2-1/etc/uvm/base/uvm_base.svh'.
Parsing included file '/opt/synopsys/vcs/V-2023.12-SP2-1/etc/uvm/base/uvm_report_object.svh'.
Back to file '/opt/synopsys/vcs/V-2023.12-SP2-1/etc/uvm/base/uvm_base.svh'.
Parsing included file '/opt/synopsys/vcs/V-2023.12-SP2-1/etc/uvm/base/uvm_transaction.svh'.
Back to file '/opt/synopsys/vcs/V-2023.12-SP2-1/etc/uvm/base/uvm_base.svh'.
Parsing included file '/opt/synopsys/vcs/V-2023.12-SP2-1/etc/uvm/base/uvm_phase.svh'.
Back to file '/opt/synopsys/vcs/V-2023.12-SP2-1/etc/uvm/base/uvm_base.svh'.
Parsing included file '/opt/synopsys/vcs/V-2023.12-SP2-1/etc/uvm/base/uvm_domain.svh'.
Back to file '/opt/synopsys/vcs/V-2023.12-SP2-1/etc/uvm/base/uvm_base.svh'.
Parsing included file '/opt/synopsys/vcs/V-2023.12-SP2-1/etc/uvm/base/uvm_bottomup_phase.svh'.
Back to file '/opt/synopsys/vcs/V-2023.12-SP2-1/etc/uvm/base/uvm_base.svh'.
Parsing included file '/opt/synopsys/vcs/V-2023.12-SP2-1/etc/uvm/base/uvm_topdown_phase.svh'.
Back to file '/opt/synopsys/vcs/V-2023.12-SP2-1/etc/uvm/base/uvm_base.svh'.
Parsing included file '/opt/synopsys/vcs/V-2023.12-SP2-1/etc/uvm/base/uvm_task_phase.svh'.
Back to file '/opt/synopsys/vcs/V-2023.12-SP2-1/etc/uvm/base/uvm_base.svh'.
Parsing included file '/opt/synopsys/vcs/V-2023.12-SP2-1/etc/uvm/base/uvm_common_phases.svh'.
Back to file '/opt/synopsys/vcs/V-2023.12-SP2-1/etc/uvm/base/uvm_base.svh'.
Parsing included file '/opt/synopsys/vcs/V-2023.12-SP2-1/etc/uvm/base/uvm_runtime_phases.svh'.
Back to file '/opt/synopsys/vcs/V-2023.12-SP2-1/etc/uvm/base/uvm_base.svh'.
Parsing included file '/opt/synopsys/vcs/V-2023.12-SP2-1/etc/uvm/base/uvm_component.svh'.
Parsing included file '/opt/synopsys/vcs/V-2023.12-SP2-1/etc/uvm/base/uvm_root.svh'.
Back to file '/opt/synopsys/vcs/V-2023.12-SP2-1/etc/uvm/base/uvm_component.svh'.
Back to file '/opt/synopsys/vcs/V-2023.12-SP2-1/etc/uvm/base/uvm_base.svh'.
Parsing included file '/opt/synopsys/vcs/V-2023.12-SP2-1/etc/uvm/base/uvm_objection.svh'.
Back to file '/opt/synopsys/vcs/V-2023.12-SP2-1/etc/uvm/base/uvm_base.svh'.
Parsing included file '/opt/synopsys/vcs/V-2023.12-SP2-1/etc/uvm/base/uvm_heartbeat.svh'.
Back to file '/opt/synopsys/vcs/V-2023.12-SP2-1/etc/uvm/base/uvm_base.svh'.
Parsing included file '/opt/synopsys/vcs/V-2023.12-SP2-1/etc/uvm/base/uvm_globals.svh'.
Back to file '/opt/synopsys/vcs/V-2023.12-SP2-1/etc/uvm/base/uvm_base.svh'.
Parsing included file '/opt/synopsys/vcs/V-2023.12-SP2-1/etc/uvm/base/uvm_cmdline_processor.svh'.
Back to file '/opt/synopsys/vcs/V-2023.12-SP2-1/etc/uvm/base/uvm_base.svh'.
Back to file '/opt/synopsys/vcs/V-2023.12-SP2-1/etc/uvm/uvm_pkg.sv'.
Parsing included file '/opt/synopsys/vcs/V-2023.12-SP2-1/etc/uvm/tlm1/uvm_tlm.svh'.
Parsing included file '/opt/synopsys/vcs/V-2023.12-SP2-1/etc/uvm/tlm1/uvm_tlm_ifs.svh'.
Back to file '/opt/synopsys/vcs/V-2023.12-SP2-1/etc/uvm/tlm1/uvm_tlm.svh'.
Parsing included file '/opt/synopsys/vcs/V-2023.12-SP2-1/etc/uvm/tlm1/uvm_sqr_ifs.svh'.
Back to file '/opt/synopsys/vcs/V-2023.12-SP2-1/etc/uvm/tlm1/uvm_tlm.svh'.
Parsing included file '/opt/synopsys/vcs/V-2023.12-SP2-1/etc/uvm/base/uvm_port_base.svh'.
Back to file '/opt/synopsys/vcs/V-2023.12-SP2-1/etc/uvm/tlm1/uvm_tlm.svh'.
Parsing included file '/opt/synopsys/vcs/V-2023.12-SP2-1/etc/uvm/tlm1/uvm_tlm_imps.svh'.
Back to file '/opt/synopsys/vcs/V-2023.12-SP2-1/etc/uvm/tlm1/uvm_tlm.svh'.
Parsing included file '/opt/synopsys/vcs/V-2023.12-SP2-1/etc/uvm/tlm1/uvm_imps.svh'.
Back to file '/opt/synopsys/vcs/V-2023.12-SP2-1/etc/uvm/tlm1/uvm_tlm.svh'.
Parsing included file '/opt/synopsys/vcs/V-2023.12-SP2-1/etc/uvm/tlm1/uvm_ports.svh'.
Back to file '/opt/synopsys/vcs/V-2023.12-SP2-1/etc/uvm/tlm1/uvm_tlm.svh'.
Parsing included file '/opt/synopsys/vcs/V-2023.12-SP2-1/etc/uvm/tlm1/uvm_exports.svh'.
Back to file '/opt/synopsys/vcs/V-2023.12-SP2-1/etc/uvm/tlm1/uvm_tlm.svh'.
Parsing included file '/opt/synopsys/vcs/V-2023.12-SP2-1/etc/uvm/tlm1/uvm_analysis_port.svh'.
Back to file '/opt/synopsys/vcs/V-2023.12-SP2-1/etc/uvm/tlm1/uvm_tlm.svh'.
Parsing included file '/opt/synopsys/vcs/V-2023.12-SP2-1/etc/uvm/tlm1/uvm_tlm_fifo_base.svh'.
Back to file '/opt/synopsys/vcs/V-2023.12-SP2-1/etc/uvm/tlm1/uvm_tlm.svh'.
Parsing included file '/opt/synopsys/vcs/V-2023.12-SP2-1/etc/uvm/tlm1/uvm_tlm_fifos.svh'.
Back to file '/opt/synopsys/vcs/V-2023.12-SP2-1/etc/uvm/tlm1/uvm_tlm.svh'.
Parsing included file '/opt/synopsys/vcs/V-2023.12-SP2-1/etc/uvm/tlm1/uvm_tlm_req_rsp.svh'.
Back to file '/opt/synopsys/vcs/V-2023.12-SP2-1/etc/uvm/tlm1/uvm_tlm.svh'.
Parsing included file '/opt/synopsys/vcs/V-2023.12-SP2-1/etc/uvm/tlm1/uvm_sqr_connections.svh'.
Back to file '/opt/synopsys/vcs/V-2023.12-SP2-1/etc/uvm/tlm1/uvm_tlm.svh'.
Back to file '/opt/synopsys/vcs/V-2023.12-SP2-1/etc/uvm/uvm_pkg.sv'.
Parsing included file '/opt/synopsys/vcs/V-2023.12-SP2-1/etc/uvm/comps/uvm_comps.svh'.
Parsing included file '/opt/synopsys/vcs/V-2023.12-SP2-1/etc/uvm/comps/uvm_pair.svh'.
Back to file '/opt/synopsys/vcs/V-2023.12-SP2-1/etc/uvm/comps/uvm_comps.svh'.
Parsing included file '/opt/synopsys/vcs/V-2023.12-SP2-1/etc/uvm/comps/uvm_policies.svh'.
Back to file '/opt/synopsys/vcs/V-2023.12-SP2-1/etc/uvm/comps/uvm_comps.svh'.
Parsing included file '/opt/synopsys/vcs/V-2023.12-SP2-1/etc/uvm/comps/uvm_in_order_comparator.svh'.
Back to file '/opt/synopsys/vcs/V-2023.12-SP2-1/etc/uvm/comps/uvm_comps.svh'.
Parsing included file '/opt/synopsys/vcs/V-2023.12-SP2-1/etc/uvm/comps/uvm_algorithmic_comparator.svh'.
Back to file '/opt/synopsys/vcs/V-2023.12-SP2-1/etc/uvm/comps/uvm_comps.svh'.
Parsing included file '/opt/synopsys/vcs/V-2023.12-SP2-1/etc/uvm/comps/uvm_random_stimulus.svh'.
Back to file '/opt/synopsys/vcs/V-2023.12-SP2-1/etc/uvm/comps/uvm_comps.svh'.
Parsing included file '/opt/synopsys/vcs/V-2023.12-SP2-1/etc/uvm/comps/uvm_subscriber.svh'.
Back to file '/opt/synopsys/vcs/V-2023.12-SP2-1/etc/uvm/comps/uvm_comps.svh'.
Parsing included file '/opt/synopsys/vcs/V-2023.12-SP2-1/etc/uvm/comps/uvm_monitor.svh'.
Back to file '/opt/synopsys/vcs/V-2023.12-SP2-1/etc/uvm/comps/uvm_comps.svh'.
Parsing included file '/opt/synopsys/vcs/V-2023.12-SP2-1/etc/uvm/comps/uvm_driver.svh'.
Back to file '/opt/synopsys/vcs/V-2023.12-SP2-1/etc/uvm/comps/uvm_comps.svh'.
Parsing included file '/opt/synopsys/vcs/V-2023.12-SP2-1/etc/uvm/comps/uvm_push_driver.svh'.
Back to file '/opt/synopsys/vcs/V-2023.12-SP2-1/etc/uvm/comps/uvm_comps.svh'.
Parsing included file '/opt/synopsys/vcs/V-2023.12-SP2-1/etc/uvm/comps/uvm_scoreboard.svh'.
Back to file '/opt/synopsys/vcs/V-2023.12-SP2-1/etc/uvm/comps/uvm_comps.svh'.
Parsing included file '/opt/synopsys/vcs/V-2023.12-SP2-1/etc/uvm/comps/uvm_agent.svh'.
Back to file '/opt/synopsys/vcs/V-2023.12-SP2-1/etc/uvm/comps/uvm_comps.svh'.
Parsing included file '/opt/synopsys/vcs/V-2023.12-SP2-1/etc/uvm/comps/uvm_env.svh'.
Back to file '/opt/synopsys/vcs/V-2023.12-SP2-1/etc/uvm/comps/uvm_comps.svh'.
Parsing included file '/opt/synopsys/vcs/V-2023.12-SP2-1/etc/uvm/comps/uvm_test.svh'.
Back to file '/opt/synopsys/vcs/V-2023.12-SP2-1/etc/uvm/comps/uvm_comps.svh'.
Back to file '/opt/synopsys/vcs/V-2023.12-SP2-1/etc/uvm/uvm_pkg.sv'.
Parsing included file '/opt/synopsys/vcs/V-2023.12-SP2-1/etc/uvm/seq/uvm_seq.svh'.
Parsing included file '/opt/synopsys/vcs/V-2023.12-SP2-1/etc/uvm/seq/uvm_sequence_item.svh'.
Back to file '/opt/synopsys/vcs/V-2023.12-SP2-1/etc/uvm/seq/uvm_seq.svh'.
Parsing included file '/opt/synopsys/vcs/V-2023.12-SP2-1/etc/uvm/seq/uvm_sequencer_base.svh'.
Back to file '/opt/synopsys/vcs/V-2023.12-SP2-1/etc/uvm/seq/uvm_seq.svh'.
Parsing included file '/opt/synopsys/vcs/V-2023.12-SP2-1/etc/uvm/seq/uvm_sequencer_analysis_fifo.svh'.
Back to file '/opt/synopsys/vcs/V-2023.12-SP2-1/etc/uvm/seq/uvm_seq.svh'.
Parsing included file '/opt/synopsys/vcs/V-2023.12-SP2-1/etc/uvm/seq/uvm_sequencer_param_base.svh'.
Back to file '/opt/synopsys/vcs/V-2023.12-SP2-1/etc/uvm/seq/uvm_seq.svh'.
Parsing included file '/opt/synopsys/vcs/V-2023.12-SP2-1/etc/uvm/seq/uvm_sequencer.svh'.
Back to file '/opt/synopsys/vcs/V-2023.12-SP2-1/etc/uvm/seq/uvm_seq.svh'.
Parsing included file '/opt/synopsys/vcs/V-2023.12-SP2-1/etc/uvm/seq/uvm_push_sequencer.svh'.
Back to file '/opt/synopsys/vcs/V-2023.12-SP2-1/etc/uvm/seq/uvm_seq.svh'.
Parsing included file '/opt/synopsys/vcs/V-2023.12-SP2-1/etc/uvm/seq/uvm_sequence_base.svh'.
Back to file '/opt/synopsys/vcs/V-2023.12-SP2-1/etc/uvm/seq/uvm_seq.svh'.
Parsing included file '/opt/synopsys/vcs/V-2023.12-SP2-1/etc/uvm/seq/uvm_sequence.svh'.
Back to file '/opt/synopsys/vcs/V-2023.12-SP2-1/etc/uvm/seq/uvm_seq.svh'.
Parsing included file '/opt/synopsys/vcs/V-2023.12-SP2-1/etc/uvm/seq/uvm_sequence_library.svh'.
Back to file '/opt/synopsys/vcs/V-2023.12-SP2-1/etc/uvm/seq/uvm_seq.svh'.
Parsing included file '/opt/synopsys/vcs/V-2023.12-SP2-1/etc/uvm/seq/uvm_sequence_builtin.svh'.
Back to file '/opt/synopsys/vcs/V-2023.12-SP2-1/etc/uvm/seq/uvm_seq.svh'.
Back to file '/opt/synopsys/vcs/V-2023.12-SP2-1/etc/uvm/uvm_pkg.sv'.
Parsing included file '/opt/synopsys/vcs/V-2023.12-SP2-1/etc/uvm/tlm2/uvm_tlm2.svh'.
Parsing included file '/opt/synopsys/vcs/V-2023.12-SP2-1/etc/uvm/tlm2/uvm_tlm2_defines.svh'.
Back to file '/opt/synopsys/vcs/V-2023.12-SP2-1/etc/uvm/tlm2/uvm_tlm2.svh'.
Parsing included file '/opt/synopsys/vcs/V-2023.12-SP2-1/etc/uvm/tlm2/uvm_tlm2_time.svh'.
Back to file '/opt/synopsys/vcs/V-2023.12-SP2-1/etc/uvm/tlm2/uvm_tlm2.svh'.
Parsing included file '/opt/synopsys/vcs/V-2023.12-SP2-1/etc/uvm/tlm2/uvm_tlm2_generic_payload.svh'.
Back to file '/opt/synopsys/vcs/V-2023.12-SP2-1/etc/uvm/tlm2/uvm_tlm2.svh'.
Parsing included file '/opt/synopsys/vcs/V-2023.12-SP2-1/etc/uvm/tlm2/uvm_tlm2_ifs.svh'.
Back to file '/opt/synopsys/vcs/V-2023.12-SP2-1/etc/uvm/tlm2/uvm_tlm2.svh'.
Parsing included file '/opt/synopsys/vcs/V-2023.12-SP2-1/etc/uvm/tlm2/uvm_tlm2_imps.svh'.
Back to file '/opt/synopsys/vcs/V-2023.12-SP2-1/etc/uvm/tlm2/uvm_tlm2.svh'.
Parsing included file '/opt/synopsys/vcs/V-2023.12-SP2-1/etc/uvm/tlm2/uvm_tlm2_ports.svh'.
Back to file '/opt/synopsys/vcs/V-2023.12-SP2-1/etc/uvm/tlm2/uvm_tlm2.svh'.
Parsing included file '/opt/synopsys/vcs/V-2023.12-SP2-1/etc/uvm/tlm2/uvm_tlm2_exports.svh'.
Back to file '/opt/synopsys/vcs/V-2023.12-SP2-1/etc/uvm/tlm2/uvm_tlm2.svh'.
Parsing included file '/opt/synopsys/vcs/V-2023.12-SP2-1/etc/uvm/tlm2/uvm_tlm2_sockets_base.svh'.
Back to file '/opt/synopsys/vcs/V-2023.12-SP2-1/etc/uvm/tlm2/uvm_tlm2.svh'.
Parsing included file '/opt/synopsys/vcs/V-2023.12-SP2-1/etc/uvm/tlm2/uvm_tlm2_sockets.svh'.
Back to file '/opt/synopsys/vcs/V-2023.12-SP2-1/etc/uvm/tlm2/uvm_tlm2.svh'.
Back to file '/opt/synopsys/vcs/V-2023.12-SP2-1/etc/uvm/uvm_pkg.sv'.
Parsing included file '/opt/synopsys/vcs/V-2023.12-SP2-1/etc/uvm/reg/uvm_reg_model.svh'.
Parsing included file '/opt/synopsys/vcs/V-2023.12-SP2-1/etc/uvm/reg/uvm_reg_item.svh'.
Back to file '/opt/synopsys/vcs/V-2023.12-SP2-1/etc/uvm/reg/uvm_reg_model.svh'.
Parsing included file '/opt/synopsys/vcs/V-2023.12-SP2-1/etc/uvm/reg/uvm_reg_adapter.svh'.
Back to file '/opt/synopsys/vcs/V-2023.12-SP2-1/etc/uvm/reg/uvm_reg_model.svh'.
Parsing included file '/opt/synopsys/vcs/V-2023.12-SP2-1/etc/uvm/reg/uvm_reg_predictor.svh'.
Back to file '/opt/synopsys/vcs/V-2023.12-SP2-1/etc/uvm/reg/uvm_reg_model.svh'.
Parsing included file '/opt/synopsys/vcs/V-2023.12-SP2-1/etc/uvm/reg/uvm_reg_sequence.svh'.
Back to file '/opt/synopsys/vcs/V-2023.12-SP2-1/etc/uvm/reg/uvm_reg_model.svh'.
Parsing included file '/opt/synopsys/vcs/V-2023.12-SP2-1/etc/uvm/reg/uvm_reg_cbs.svh'.
Back to file '/opt/synopsys/vcs/V-2023.12-SP2-1/etc/uvm/reg/uvm_reg_model.svh'.
Parsing included file '/opt/synopsys/vcs/V-2023.12-SP2-1/etc/uvm/reg/uvm_reg_backdoor.svh'.
Back to file '/opt/synopsys/vcs/V-2023.12-SP2-1/etc/uvm/reg/uvm_reg_model.svh'.
Parsing included file '/opt/synopsys/vcs/V-2023.12-SP2-1/etc/uvm/reg/uvm_reg_field.svh'.
Back to file '/opt/synopsys/vcs/V-2023.12-SP2-1/etc/uvm/reg/uvm_reg_model.svh'.
Parsing included file '/opt/synopsys/vcs/V-2023.12-SP2-1/etc/uvm/reg/uvm_vreg_field.svh'.
Back to file '/opt/synopsys/vcs/V-2023.12-SP2-1/etc/uvm/reg/uvm_reg_model.svh'.
Parsing included file '/opt/synopsys/vcs/V-2023.12-SP2-1/etc/uvm/reg/uvm_reg.svh'.
Back to file '/opt/synopsys/vcs/V-2023.12-SP2-1/etc/uvm/reg/uvm_reg_model.svh'.
Parsing included file '/opt/synopsys/vcs/V-2023.12-SP2-1/etc/uvm/reg/uvm_reg_indirect.svh'.
Back to file '/opt/synopsys/vcs/V-2023.12-SP2-1/etc/uvm/reg/uvm_reg_model.svh'.
Parsing included file '/opt/synopsys/vcs/V-2023.12-SP2-1/etc/uvm/reg/uvm_reg_fifo.svh'.
Back to file '/opt/synopsys/vcs/V-2023.12-SP2-1/etc/uvm/reg/uvm_reg_model.svh'.
Parsing included file '/opt/synopsys/vcs/V-2023.12-SP2-1/etc/uvm/reg/uvm_reg_file.svh'.
Back to file '/opt/synopsys/vcs/V-2023.12-SP2-1/etc/uvm/reg/uvm_reg_model.svh'.
Parsing included file '/opt/synopsys/vcs/V-2023.12-SP2-1/etc/uvm/reg/uvm_mem_mam.svh'.
Back to file '/opt/synopsys/vcs/V-2023.12-SP2-1/etc/uvm/reg/uvm_reg_model.svh'.
Parsing included file '/opt/synopsys/vcs/V-2023.12-SP2-1/etc/uvm/reg/uvm_vreg.svh'.
Back to file '/opt/synopsys/vcs/V-2023.12-SP2-1/etc/uvm/reg/uvm_reg_model.svh'.
Parsing included file '/opt/synopsys/vcs/V-2023.12-SP2-1/etc/uvm/reg/uvm_mem.svh'.
Back to file '/opt/synopsys/vcs/V-2023.12-SP2-1/etc/uvm/reg/uvm_reg_model.svh'.
Parsing included file '/opt/synopsys/vcs/V-2023.12-SP2-1/etc/uvm/reg/uvm_reg_map.svh'.
Back to file '/opt/synopsys/vcs/V-2023.12-SP2-1/etc/uvm/reg/uvm_reg_model.svh'.
Parsing included file '/opt/synopsys/vcs/V-2023.12-SP2-1/etc/uvm/reg/uvm_reg_block.svh'.
Back to file '/opt/synopsys/vcs/V-2023.12-SP2-1/etc/uvm/reg/uvm_reg_model.svh'.
Parsing included file '/opt/synopsys/vcs/V-2023.12-SP2-1/etc/uvm/reg/sequences/uvm_reg_hw_reset_seq.svh'.
Back to file '/opt/synopsys/vcs/V-2023.12-SP2-1/etc/uvm/reg/uvm_reg_model.svh'.
Parsing included file '/opt/synopsys/vcs/V-2023.12-SP2-1/etc/uvm/reg/sequences/uvm_reg_bit_bash_seq.svh'.
Back to file '/opt/synopsys/vcs/V-2023.12-SP2-1/etc/uvm/reg/uvm_reg_model.svh'.
Parsing included file '/opt/synopsys/vcs/V-2023.12-SP2-1/etc/uvm/reg/sequences/uvm_mem_walk_seq.svh'.
Back to file '/opt/synopsys/vcs/V-2023.12-SP2-1/etc/uvm/reg/uvm_reg_model.svh'.
Parsing included file '/opt/synopsys/vcs/V-2023.12-SP2-1/etc/uvm/reg/sequences/uvm_mem_access_seq.svh'.
Back to file '/opt/synopsys/vcs/V-2023.12-SP2-1/etc/uvm/reg/uvm_reg_model.svh'.
Parsing included file '/opt/synopsys/vcs/V-2023.12-SP2-1/etc/uvm/reg/sequences/uvm_reg_access_seq.svh'.
Back to file '/opt/synopsys/vcs/V-2023.12-SP2-1/etc/uvm/reg/uvm_reg_model.svh'.
Parsing included file '/opt/synopsys/vcs/V-2023.12-SP2-1/etc/uvm/reg/sequences/uvm_reg_mem_shared_access_seq.svh'.
Back to file '/opt/synopsys/vcs/V-2023.12-SP2-1/etc/uvm/reg/uvm_reg_model.svh'.
Parsing included file '/opt/synopsys/vcs/V-2023.12-SP2-1/etc/uvm/reg/sequences/uvm_reg_mem_built_in_seq.svh'.
Back to file '/opt/synopsys/vcs/V-2023.12-SP2-1/etc/uvm/reg/uvm_reg_model.svh'.
Parsing included file '/opt/synopsys/vcs/V-2023.12-SP2-1/etc/uvm/reg/sequences/uvm_reg_mem_hdl_paths_seq.svh'.
Back to file '/opt/synopsys/vcs/V-2023.12-SP2-1/etc/uvm/reg/uvm_reg_model.svh'.
Parsing included file '/opt/synopsys/vcs/V-2023.12-SP2-1/etc/uvm/reg/snps_uvm_reg_bank.svh'.
Back to file '/opt/synopsys/vcs/V-2023.12-SP2-1/etc/uvm/reg/uvm_reg_model.svh'.
Back to file '/opt/synopsys/vcs/V-2023.12-SP2-1/etc/uvm/uvm_pkg.sv'.
Parsing included file '/opt/synopsys/vcs/V-2023.12-SP2-1/etc/uvm/vcs/vcs_uvm_alt.sv'.
Back to file '/opt/synopsys/vcs/V-2023.12-SP2-1/etc/uvm/uvm_pkg.sv'.
Parsing design file '/opt/synopsys/vcs/V-2023.12-SP2-1/etc/uvm/vcs/uvm_custom_install_vcs_recorder.sv'
Parsing included file '/opt/synopsys/vcs/V-2023.12-SP2-1/etc/uvm/vcs/msglog.svh'.
Back to file '/opt/synopsys/vcs/V-2023.12-SP2-1/etc/uvm/vcs/uvm_custom_install_vcs_recorder.sv'.
Parsing included file '/opt/synopsys/vcs/V-2023.12-SP2-1/etc/uvm/vcs/uvm_msglog_report_server.sv'.
Back to file '/opt/synopsys/vcs/V-2023.12-SP2-1/etc/uvm/vcs/uvm_custom_install_vcs_recorder.sv'.
Parsing included file '/opt/synopsys/vcs/V-2023.12-SP2-1/etc/uvm/vcs/uvm_vcs_recorder.svh'.
Back to file '/opt/synopsys/vcs/V-2023.12-SP2-1/etc/uvm/vcs/uvm_custom_install_vcs_recorder.sv'.
Parsing included file '/opt/synopsys/vcs/V-2023.12-SP2-1/etc/uvm/vcs/uvm_vcs_record_interface.sv'.
Back to file '/opt/synopsys/vcs/V-2023.12-SP2-1/etc/uvm/vcs/uvm_custom_install_vcs_recorder.sv'.
Parsing design file '../tb/pkg/async_fifo_param_pkg.sv'
Parsing design file '../tb/interface/async_fifo_if.sv'
Parsing design file '../tb/pkg/async_fifo_pkg.sv'
Parsing included file '/opt/synopsys/vcs/V-2023.12-SP2-1/etc/uvm/uvm_macros.svh'.
Back to file '../tb/pkg/async_fifo_pkg.sv'.
Parsing included file '../tb/seq/async_fifo_wr_tr.sv'.
Back to file '../tb/pkg/async_fifo_pkg.sv'.
Parsing included file '../tb/seq/async_fifo_rd_tr.sv'.
Back to file '../tb/pkg/async_fifo_pkg.sv'.
Parsing included file '../tb/seq/async_fifo_wr_seq.sv'.
Back to file '../tb/pkg/async_fifo_pkg.sv'.
Parsing included file '../tb/seq/async_fifo_rd_seq.sv'.
Back to file '../tb/pkg/async_fifo_pkg.sv'.
Parsing included file '../tb/wr_agent/async_fifo_wr_sequencer.sv'.
Back to file '../tb/pkg/async_fifo_pkg.sv'.
Parsing included file '../tb/rd_agent/async_fifo_rd_sequencer.sv'.
Back to file '../tb/pkg/async_fifo_pkg.sv'.
Parsing included file '../tb/wr_agent/async_fifo_wr_driver.sv'.
Back to file '../tb/pkg/async_fifo_pkg.sv'.
Parsing included file '../tb/rd_agent/async_fifo_rd_driver.sv'.
Back to file '../tb/pkg/async_fifo_pkg.sv'.
Parsing included file '../tb/wr_agent/async_fifo_wr_monitor.sv'.
Back to file '../tb/pkg/async_fifo_pkg.sv'.
Parsing included file '../tb/rd_agent/async_fifo_rd_monitor.sv'.
Back to file '../tb/pkg/async_fifo_pkg.sv'.
Parsing included file '../tb/wr_agent/async_fifo_wr_agent.sv'.
Back to file '../tb/pkg/async_fifo_pkg.sv'.
Parsing included file '../tb/rd_agent/async_fifo_rd_agent.sv'.
Back to file '../tb/pkg/async_fifo_pkg.sv'.
Parsing included file '../tb/env/async_fifo_scoreboard.sv'.
Back to file '../tb/pkg/async_fifo_pkg.sv'.
Parsing included file '../tb/env/async_fifo_cov.sv'.
Back to file '../tb/pkg/async_fifo_pkg.sv'.
Parsing included file '../tb/env/async_fifo_env.sv'.
Back to file '../tb/pkg/async_fifo_pkg.sv'.
Parsing included file '../tb/tests/async_fifo_test.sv'.
Back to file '../tb/pkg/async_fifo_pkg.sv'.
Parsing design file '../rtl/dual_port_ram.sv'
Parsing design file '../rtl/async_fifo.sv'
Parsing design file '../tb/top/tb_top.sv'
Parsing included file '/opt/synopsys/vcs/V-2023.12-SP2-1/etc/uvm/uvm_macros.svh'.
Back to file '../tb/top/tb_top.sv'.
Top Level Modules:
       tb_top
TimeScale is 1 ns / 1 ps

Warning-[OSVF-NPVIUFPI] Obsolete SystemVerilog feature
../tb/wr_agent/async_fifo_wr_driver.sv, 5
async_fifo_if
  Non-parameterized virtual interface 
  (../tb/wr_agent/async_fifo_wr_driver.sv,5) is being used for parameterized 
  interface (../tb/interface/async_fifo_if.sv,1).


Warning-[OSVF-NPVIUFPI] Obsolete SystemVerilog feature
../tb/wr_agent/async_fifo_wr_driver.sv, 14
async_fifo_if
  Non-parameterized virtual interface 
  (../tb/wr_agent/async_fifo_wr_driver.sv,14) is being used for parameterized 
  interface (../tb/interface/async_fifo_if.sv,1).


Warning-[OSVF-NPVIUFPI] Obsolete SystemVerilog feature
../tb/rd_agent/async_fifo_rd_driver.sv, 5
async_fifo_if
  Non-parameterized virtual interface 
  (../tb/rd_agent/async_fifo_rd_driver.sv,5) is being used for parameterized 
  interface (../tb/interface/async_fifo_if.sv,1).


Warning-[OSVF-NPVIUFPI] Obsolete SystemVerilog feature
../tb/rd_agent/async_fifo_rd_driver.sv, 14
async_fifo_if
  Non-parameterized virtual interface 
  (../tb/rd_agent/async_fifo_rd_driver.sv,14) is being used for parameterized 
  interface (../tb/interface/async_fifo_if.sv,1).


Warning-[OSVF-NPVIUFPI] Obsolete SystemVerilog feature
../tb/wr_agent/async_fifo_wr_monitor.sv, 6
async_fifo_if
  Non-parameterized virtual interface 
  (../tb/wr_agent/async_fifo_wr_monitor.sv,6) is being used for parameterized 
  interface (../tb/interface/async_fifo_if.sv,1).


Warning-[OSVF-NPVIUFPI] Obsolete SystemVerilog feature
../tb/rd_agent/async_fifo_rd_monitor.sv, 5
async_fifo_if
  Non-parameterized virtual interface 
  (../tb/rd_agent/async_fifo_rd_monitor.sv,5) is being used for parameterized 
  interface (../tb/interface/async_fifo_if.sv,1).


Warning-[OSVF-NPVIUFPI] Obsolete SystemVerilog feature
../tb/env/async_fifo_scoreboard.sv, 13
async_fifo_if
  Non-parameterized virtual interface (../tb/env/async_fifo_scoreboard.sv,13) 
  is being used for parameterized interface 
  (../tb/interface/async_fifo_if.sv,1).


Warning-[OSVF-NPVIUFPI] Obsolete SystemVerilog feature
../tb/env/async_fifo_cov.sv, 5
async_fifo_if
  Non-parameterized virtual interface (../tb/env/async_fifo_cov.sv,5) is being
  used for parameterized interface (../tb/interface/async_fifo_if.sv,1).


Warning-[OSVF-NPVIUFPI] Obsolete SystemVerilog feature
../tb/tests/async_fifo_test.sv, 7
async_fifo_if
  Non-parameterized virtual interface (../tb/tests/async_fifo_test.sv,7) is 
  being used for parameterized interface (../tb/interface/async_fifo_if.sv,1).


Warning-[OSVF-NPVIUFPI] Obsolete SystemVerilog feature
../tb/wr_agent/async_fifo_wr_monitor.sv, 38
async_fifo_if
  Non-parameterized virtual interface 
  (../tb/wr_agent/async_fifo_wr_monitor.sv,38) is being used for parameterized
  interface (../tb/interface/async_fifo_if.sv,1).


Warning-[OSVF-NPVIUFPI] Obsolete SystemVerilog feature
../tb/rd_agent/async_fifo_rd_monitor.sv, 36
async_fifo_if
  Non-parameterized virtual interface 
  (../tb/rd_agent/async_fifo_rd_monitor.sv,36) is being used for parameterized
  interface (../tb/interface/async_fifo_if.sv,1).


Warning-[OSVF-NPVIUFPI] Obsolete SystemVerilog feature
../tb/env/async_fifo_scoreboard.sv, 24
async_fifo_if
  Non-parameterized virtual interface (../tb/env/async_fifo_scoreboard.sv,24) 
  is being used for parameterized interface 
  (../tb/interface/async_fifo_if.sv,1).


Warning-[OSVF-NPVIUFPI] Obsolete SystemVerilog feature
../tb/env/async_fifo_cov.sv, 52
async_fifo_if
  Non-parameterized virtual interface (../tb/env/async_fifo_cov.sv,52) is 
  being used for parameterized interface (../tb/interface/async_fifo_if.sv,1).


Warning-[OSVF-NPVIUFPI] Obsolete SystemVerilog feature
../tb/tests/async_fifo_test.sv, 18
async_fifo_if
  Non-parameterized virtual interface (../tb/tests/async_fifo_test.sv,18) is 
  being used for parameterized interface (../tb/interface/async_fifo_if.sv,1).


Warning-[OSVF-NPVIUFPI] Obsolete SystemVerilog feature
../tb/top/tb_top.sv, 72
async_fifo_if
  Non-parameterized virtual interface (../tb/top/tb_top.sv,72) is being used 
  for parameterized interface (../tb/interface/async_fifo_if.sv,1).


Warning-[OSVF-NPVIUFPI] Obsolete SystemVerilog feature
../tb/top/tb_top.sv, 79
async_fifo_if
  Non-parameterized virtual interface (../tb/top/tb_top.sv,79) is being used 
  for parameterized interface (../tb/interface/async_fifo_if.sv,1).

Starting vcs inline pass...

8 modules and 0 UDP read.
recompiling package vcs_paramclassrepository
recompiling package uvm_pkg
recompiling package async_fifo_param_pkg
recompiling module async_fifo_if
recompiling package async_fifo_pkg
recompiling module async_fifo
recompiling module tb_top
7 of 8 modules done
	However, due to incremental compilation, only 7 modules need to be compiled. 
make[1]: Entering directory '/home/xz974/UVM_Learning/UVM_Learning/ASYNC_FIFO/sim/csrc'
make[1]: Leaving directory '/home/xz974/UVM_Learning/UVM_Learning/ASYNC_FIFO/sim/csrc'
make[1]: Entering directory '/home/xz974/UVM_Learning/UVM_Learning/ASYNC_FIFO/sim/csrc'
rm -f _cuarc*.so _csrc*.so pre_vcsobj_*.so share_vcsobj_*.so
if [ -x ../simv ]; then chmod a-x ../simv; fi
g++  -o ../simv      -rdynamic  -Wl,-rpath='$ORIGIN'/simv.daidir -Wl,-rpath=./simv.daidir -Wl,-rpath=/opt/synopsys/vcs/V-2023.12-SP2-1/linux64/lib -L/opt/synopsys/vcs/V-2023.12-SP2-1/linux64/lib  -Wl,-rpath-link=./  /usr/lib64/libnuma.so.1 uvm_dpi.o   objs/amcQw_d.o   _260935_archive_1.so _prev_archive_1.so   SIM_l.o      rmapats_mop.o rmapats.o rmar.o rmar_nd.o  rmar_llvm_0_1.o rmar_llvm_0_0.o            -lvirsim -lerrorinf -lsnpsmalloc -lvfs    -lvcsnew -lsimprofile -luclinative /opt/synopsys/vcs/V-2023.12-SP2-1/linux64/lib/vcs_tls.o   -Wl,-whole-archive  -lvcsucli    -Wl,-no-whole-archive       ./../simv.daidir/vc_hdrs.o    /opt/synopsys/vcs/V-2023.12-SP2-1/linux64/lib/vcs_save_restore_new.o -ldl  -lc -lm -lpthread -ldl 
../simv up to date
make[1]: Leaving directory '/home/xz974/UVM_Learning/UVM_Learning/ASYNC_FIFO/sim/csrc'
CPU time: 6.536 seconds to compile + .215 seconds to elab + .324 seconds to link
cd sim && ./simv +UVM_TESTNAME=async_fifo_test -l run.log
Info: [VCS_SAVE_RESTORE_INFO] ASLR (Address Space Layout Randomization) is detected on the machine. To enable $save functionality, ASLR will be switched off and simv re-executed.
Please use '-no_save' simv switch to avoid re-execution or '-suppress=ASLR_DETECTED_INFO' to suppress this message.
Chronologic VCS simulator copyright 1991-2023
Contains Synopsys proprietary information.
Compiler version V-2023.12-SP2-1_Full64; Runtime version V-2023.12-SP2-1_Full64;  May 31 23:06 2026
----------------------------------------------------------------
UVM-1.1d.Synopsys
(C) 2007-2013 Mentor Graphics Corporation
(C) 2007-2013 Cadence Design Systems, Inc.
(C) 2006-2013 Synopsys, Inc.
(C) 2011-2013 Cypress Semiconductor Corp.
----------------------------------------------------------------

  ***********       IMPORTANT RELEASE NOTES         ************

  You are using a version of the UVM library that has been compiled
  with `UVM_NO_DEPRECATED undefined.
  See http://www.eda.org/svdb/view.php?id=3313 for more details.

  You are using a version of the UVM library that has been compiled
  with `UVM_OBJECT_MUST_HAVE_CONSTRUCTOR undefined.
  See http://www.eda.org/svdb/view.php?id=3770 for more details.

      (Specify +UVM_NO_RELNOTES to turn off this notice)

UVM_INFO @ 0: reporter [RNTST] Running test async_fifo_test...
UVM_INFO ../tb/wr_agent/async_fifo_wr_driver.sv(40) @ 204000: uvm_test_top.env.wr_agt.driver [ASYNC_FIFO_WR_DRV] WR Drive item: wr_en=1 wr_data=0x640e46ea612aa136
UVM_INFO ../tb/env/async_fifo_scoreboard.sv(49) @ 210001: uvm_test_top.env.scb [ASYNC_FIFO_SCB] Model Push: 0x640e46ea612aa136 depth=1
UVM_INFO ../tb/wr_agent/async_fifo_wr_driver.sv(40) @ 216000: uvm_test_top.env.wr_agt.driver [ASYNC_FIFO_WR_DRV] WR Drive item: wr_en=0 wr_data=0x7b9a6267be95e1c
UVM_INFO ../tb/wr_agent/async_fifo_wr_driver.sv(40) @ 228000: uvm_test_top.env.wr_agt.driver [ASYNC_FIFO_WR_DRV] WR Drive item: wr_en=1 wr_data=0x9143a9d18762c2e4
UVM_INFO ../tb/env/async_fifo_scoreboard.sv(49) @ 234001: uvm_test_top.env.scb [ASYNC_FIFO_SCB] Model Push: 0x9143a9d18762c2e4 depth=2
UVM_INFO ../tb/wr_agent/async_fifo_wr_driver.sv(40) @ 240000: uvm_test_top.env.wr_agt.driver [ASYNC_FIFO_WR_DRV] WR Drive item: wr_en=1 wr_data=0x85942f8ca3c59bf7
UVM_INFO ../tb/env/async_fifo_scoreboard.sv(49) @ 246001: uvm_test_top.env.scb [ASYNC_FIFO_SCB] Model Push: 0x85942f8ca3c59bf7 depth=3
UVM_INFO ../tb/rd_agent/async_fifo_rd_driver.sv(38) @ 252000: uvm_test_top.env.rd_agt.driver [ASYNC_FIFO_RD_DRV] RD Drive item: rd_en=0
UVM_INFO ../tb/wr_agent/async_fifo_wr_driver.sv(40) @ 252000: uvm_test_top.env.wr_agt.driver [ASYNC_FIFO_WR_DRV] WR Drive item: wr_en=1 wr_data=0xb2b5a29cbb93050
UVM_INFO ../tb/env/async_fifo_scoreboard.sv(49) @ 258001: uvm_test_top.env.scb [ASYNC_FIFO_SCB] Model Push: 0xb2b5a29cbb93050 depth=4
UVM_INFO ../tb/wr_agent/async_fifo_wr_driver.sv(40) @ 264000: uvm_test_top.env.wr_agt.driver [ASYNC_FIFO_WR_DRV] WR Drive item: wr_en=0 wr_data=0xaf2405fa14e07594
UVM_INFO ../tb/wr_agent/async_fifo_wr_driver.sv(40) @ 276000: uvm_test_top.env.wr_agt.driver [ASYNC_FIFO_WR_DRV] WR Drive item: wr_en=0 wr_data=0xa346f27fd494543b
UVM_INFO ../tb/rd_agent/async_fifo_rd_driver.sv(38) @ 280000: uvm_test_top.env.rd_agt.driver [ASYNC_FIFO_RD_DRV] RD Drive item: rd_en=0
UVM_INFO ../tb/wr_agent/async_fifo_wr_driver.sv(40) @ 288000: uvm_test_top.env.wr_agt.driver [ASYNC_FIFO_WR_DRV] WR Drive item: wr_en=1 wr_data=0x858d4c1bee911303
UVM_INFO ../tb/env/async_fifo_scoreboard.sv(55) @ 294001: uvm_test_top.env.scb [ASYNC_FIFO_SCB] Write ignored because write side was full before edge
UVM_INFO ../tb/wr_agent/async_fifo_wr_driver.sv(40) @ 300000: uvm_test_top.env.wr_agt.driver [ASYNC_FIFO_WR_DRV] WR Drive item: wr_en=1 wr_data=0x19f9197fd3cf10c6
UVM_INFO ../tb/env/async_fifo_scoreboard.sv(55) @ 306001: uvm_test_top.env.scb [ASYNC_FIFO_SCB] Write ignored because write side was full before edge
UVM_INFO ../tb/rd_agent/async_fifo_rd_driver.sv(38) @ 308000: uvm_test_top.env.rd_agt.driver [ASYNC_FIFO_RD_DRV] RD Drive item: rd_en=0
UVM_INFO ../tb/wr_agent/async_fifo_wr_driver.sv(40) @ 312000: uvm_test_top.env.wr_agt.driver [ASYNC_FIFO_WR_DRV] WR Drive item: wr_en=0 wr_data=0x56a92590b263b56
UVM_INFO ../tb/wr_agent/async_fifo_wr_driver.sv(40) @ 324000: uvm_test_top.env.wr_agt.driver [ASYNC_FIFO_WR_DRV] WR Drive item: wr_en=1 wr_data=0xf0f1f491342741a1
UVM_INFO ../tb/env/async_fifo_scoreboard.sv(55) @ 330001: uvm_test_top.env.scb [ASYNC_FIFO_SCB] Write ignored because write side was full before edge
UVM_INFO ../tb/rd_agent/async_fifo_rd_driver.sv(38) @ 336000: uvm_test_top.env.rd_agt.driver [ASYNC_FIFO_RD_DRV] RD Drive item: rd_en=1
UVM_INFO ../tb/wr_agent/async_fifo_wr_driver.sv(40) @ 336000: uvm_test_top.env.wr_agt.driver [ASYNC_FIFO_WR_DRV] WR Drive item: wr_en=0 wr_data=0xf64ed88355ce7569
UVM_INFO ../tb/wr_agent/async_fifo_wr_driver.sv(40) @ 348000: uvm_test_top.env.wr_agt.driver [ASYNC_FIFO_WR_DRV] WR Drive item: wr_en=0 wr_data=0x6490da5c1974c1f0
UVM_INFO ../tb/rd_agent/async_fifo_rd_monitor.sv(69) @ 350001: uvm_test_top.env.rd_agt.monitor [ASYNC_FIFO_RD_MON] RD accepted item: rd_data=0x640e46ea612aa136
UVM_INFO ../tb/wr_agent/async_fifo_wr_driver.sv(40) @ 360000: uvm_test_top.env.wr_agt.driver [ASYNC_FIFO_WR_DRV] WR Drive item: wr_en=1 wr_data=0x5df7482c7800c1b6
UVM_INFO ../tb/rd_agent/async_fifo_rd_driver.sv(38) @ 364000: uvm_test_top.env.rd_agt.driver [ASYNC_FIFO_RD_DRV] RD Drive item: rd_en=0
UVM_INFO ../tb/env/async_fifo_scoreboard.sv(55) @ 366001: uvm_test_top.env.scb [ASYNC_FIFO_SCB] Write ignored because write side was full before edge
UVM_INFO ../tb/wr_agent/async_fifo_wr_driver.sv(40) @ 372000: uvm_test_top.env.wr_agt.driver [ASYNC_FIFO_WR_DRV] WR Drive item: wr_en=0 wr_data=0xe2c1701d2d88064
UVM_INFO ../tb/wr_agent/async_fifo_wr_driver.sv(40) @ 384000: uvm_test_top.env.wr_agt.driver [ASYNC_FIFO_WR_DRV] WR Drive item: wr_en=1 wr_data=0x41e39bdeea088ab7
UVM_INFO ../tb/env/async_fifo_scoreboard.sv(49) @ 390001: uvm_test_top.env.scb [ASYNC_FIFO_SCB] Model Push: 0x41e39bdeea088ab7 depth=4
UVM_INFO ../tb/rd_agent/async_fifo_rd_driver.sv(38) @ 392000: uvm_test_top.env.rd_agt.driver [ASYNC_FIFO_RD_DRV] RD Drive item: rd_en=0
UVM_INFO ../tb/wr_agent/async_fifo_wr_driver.sv(40) @ 396000: uvm_test_top.env.wr_agt.driver [ASYNC_FIFO_WR_DRV] WR Drive item: wr_en=1 wr_data=0x805109d8b242f3fb
UVM_INFO ../tb/env/async_fifo_scoreboard.sv(55) @ 402001: uvm_test_top.env.scb [ASYNC_FIFO_SCB] Write ignored because write side was full before edge
UVM_INFO ../tb/wr_agent/async_fifo_wr_driver.sv(40) @ 408000: uvm_test_top.env.wr_agt.driver [ASYNC_FIFO_WR_DRV] WR Drive item: wr_en=0 wr_data=0xea9b5edd31a34060
UVM_INFO ../tb/rd_agent/async_fifo_rd_driver.sv(38) @ 420000: uvm_test_top.env.rd_agt.driver [ASYNC_FIFO_RD_DRV] RD Drive item: rd_en=0
UVM_INFO ../tb/wr_agent/async_fifo_wr_driver.sv(40) @ 420000: uvm_test_top.env.wr_agt.driver [ASYNC_FIFO_WR_DRV] WR Drive item: wr_en=1 wr_data=0x4fbb4b2389850a5
UVM_INFO ../tb/env/async_fifo_scoreboard.sv(55) @ 426001: uvm_test_top.env.scb [ASYNC_FIFO_SCB] Write ignored because write side was full before edge
UVM_INFO ../tb/wr_agent/async_fifo_wr_driver.sv(40) @ 432000: uvm_test_top.env.wr_agt.driver [ASYNC_FIFO_WR_DRV] WR Drive item: wr_en=0 wr_data=0x89aed44bc374a943
UVM_INFO ../tb/wr_agent/async_fifo_wr_driver.sv(40) @ 444000: uvm_test_top.env.wr_agt.driver [ASYNC_FIFO_WR_DRV] WR Drive item: wr_en=1 wr_data=0x648804fe0dce3ad4
UVM_INFO ../tb/rd_agent/async_fifo_rd_driver.sv(38) @ 448000: uvm_test_top.env.rd_agt.driver [ASYNC_FIFO_RD_DRV] RD Drive item: rd_en=0
UVM_INFO ../tb/env/async_fifo_scoreboard.sv(55) @ 450001: uvm_test_top.env.scb [ASYNC_FIFO_SCB] Write ignored because write side was full before edge
UVM_INFO ../tb/wr_agent/async_fifo_wr_driver.sv(40) @ 456000: uvm_test_top.env.wr_agt.driver [ASYNC_FIFO_WR_DRV] WR Drive item: wr_en=1 wr_data=0xe542abee823a9067
UVM_INFO ../tb/env/async_fifo_scoreboard.sv(55) @ 462001: uvm_test_top.env.scb [ASYNC_FIFO_SCB] Write ignored because write side was full before edge
UVM_INFO ../tb/wr_agent/async_fifo_wr_driver.sv(40) @ 468000: uvm_test_top.env.wr_agt.driver [ASYNC_FIFO_WR_DRV] WR Drive item: wr_en=0 wr_data=0xeee4127014978cb8
UVM_INFO ../tb/rd_agent/async_fifo_rd_driver.sv(38) @ 476000: uvm_test_top.env.rd_agt.driver [ASYNC_FIFO_RD_DRV] RD Drive item: rd_en=0
UVM_INFO ../tb/wr_agent/async_fifo_wr_driver.sv(40) @ 480000: uvm_test_top.env.wr_agt.driver [ASYNC_FIFO_WR_DRV] WR Drive item: wr_en=0 wr_data=0x26060f3698aa6d57
UVM_INFO ../tb/wr_agent/async_fifo_wr_driver.sv(40) @ 492000: uvm_test_top.env.wr_agt.driver [ASYNC_FIFO_WR_DRV] WR Drive item: wr_en=1 wr_data=0x67792310236ebcc1
UVM_INFO ../tb/env/async_fifo_scoreboard.sv(55) @ 498001: uvm_test_top.env.scb [ASYNC_FIFO_SCB] Write ignored because write side was full before edge
UVM_INFO ../tb/rd_agent/async_fifo_rd_driver.sv(38) @ 504000: uvm_test_top.env.rd_agt.driver [ASYNC_FIFO_RD_DRV] RD Drive item: rd_en=1
UVM_INFO ../tb/wr_agent/async_fifo_wr_driver.sv(40) @ 504000: uvm_test_top.env.wr_agt.driver [ASYNC_FIFO_WR_DRV] WR Drive item: wr_en=0 wr_data=0xf65ddea0bf535a1f
UVM_INFO ../tb/wr_agent/async_fifo_wr_driver.sv(40) @ 516000: uvm_test_top.env.wr_agt.driver [ASYNC_FIFO_WR_DRV] WR Drive item: wr_en=0 wr_data=0xd1582aa51a7ce1d9
UVM_INFO ../tb/rd_agent/async_fifo_rd_monitor.sv(69) @ 518001: uvm_test_top.env.rd_agt.monitor [ASYNC_FIFO_RD_MON] RD accepted item: rd_data=0x9143a9d18762c2e4
UVM_INFO ../tb/wr_agent/async_fifo_wr_driver.sv(40) @ 528000: uvm_test_top.env.wr_agt.driver [ASYNC_FIFO_WR_DRV] WR Drive item: wr_en=0 wr_data=0x12f96c888718ad5b
UVM_INFO ../tb/rd_agent/async_fifo_rd_driver.sv(38) @ 532000: uvm_test_top.env.rd_agt.driver [ASYNC_FIFO_RD_DRV] RD Drive item: rd_en=1
UVM_INFO ../tb/wr_agent/async_fifo_wr_driver.sv(40) @ 540000: uvm_test_top.env.wr_agt.driver [ASYNC_FIFO_WR_DRV] WR Drive item: wr_en=1 wr_data=0x16c091f5c0b5e8ee
UVM_INFO ../tb/rd_agent/async_fifo_rd_monitor.sv(69) @ 546001: uvm_test_top.env.rd_agt.monitor [ASYNC_FIFO_RD_MON] RD accepted item: rd_data=0x85942f8ca3c59bf7
UVM_INFO ../tb/env/async_fifo_scoreboard.sv(55) @ 546001: uvm_test_top.env.scb [ASYNC_FIFO_SCB] Write ignored because write side was full before edge
UVM_INFO ../tb/wr_agent/async_fifo_wr_driver.sv(40) @ 552000: uvm_test_top.env.wr_agt.driver [ASYNC_FIFO_WR_DRV] WR Drive item: wr_en=0 wr_data=0x4278f8d873ab7940
UVM_INFO ../tb/rd_agent/async_fifo_rd_driver.sv(38) @ 560000: uvm_test_top.env.rd_agt.driver [ASYNC_FIFO_RD_DRV] RD Drive item: rd_en=0
UVM_INFO ../tb/wr_agent/async_fifo_wr_driver.sv(40) @ 564000: uvm_test_top.env.wr_agt.driver [ASYNC_FIFO_WR_DRV] WR Drive item: wr_en=0 wr_data=0x9f515b20909e7300
UVM_INFO ../tb/wr_agent/async_fifo_wr_driver.sv(40) @ 576000: uvm_test_top.env.wr_agt.driver [ASYNC_FIFO_WR_DRV] WR Drive item: wr_en=1 wr_data=0x3b19d128c75d5c9a
UVM_INFO ../tb/env/async_fifo_scoreboard.sv(49) @ 582001: uvm_test_top.env.scb [ASYNC_FIFO_SCB] Model Push: 0x3b19d128c75d5c9a depth=3
UVM_INFO ../tb/rd_agent/async_fifo_rd_driver.sv(38) @ 588000: uvm_test_top.env.rd_agt.driver [ASYNC_FIFO_RD_DRV] RD Drive item: rd_en=1
UVM_INFO ../tb/wr_agent/async_fifo_wr_driver.sv(40) @ 588000: uvm_test_top.env.wr_agt.driver [ASYNC_FIFO_WR_DRV] WR Drive item: wr_en=0 wr_data=0xf51a907d0165bfd
UVM_INFO ../tb/wr_agent/async_fifo_wr_driver.sv(40) @ 600000: uvm_test_top.env.wr_agt.driver [ASYNC_FIFO_WR_DRV] WR Drive item: wr_en=1 wr_data=0x18e3c85393944a98
UVM_INFO ../tb/rd_agent/async_fifo_rd_monitor.sv(69) @ 602001: uvm_test_top.env.rd_agt.monitor [ASYNC_FIFO_RD_MON] RD accepted item: rd_data=0xb2b5a29cbb93050
UVM_INFO ../tb/env/async_fifo_scoreboard.sv(49) @ 606001: uvm_test_top.env.scb [ASYNC_FIFO_SCB] Model Push: 0x18e3c85393944a98 depth=3
UVM_INFO ../tb/wr_agent/async_fifo_wr_driver.sv(40) @ 612000: uvm_test_top.env.wr_agt.driver [ASYNC_FIFO_WR_DRV] WR Drive item: wr_en=1 wr_data=0x7c53159be37ca28b
UVM_INFO ../tb/rd_agent/async_fifo_rd_driver.sv(38) @ 616000: uvm_test_top.env.rd_agt.driver [ASYNC_FIFO_RD_DRV] RD Drive item: rd_en=1
UVM_INFO ../tb/env/async_fifo_scoreboard.sv(55) @ 618001: uvm_test_top.env.scb [ASYNC_FIFO_SCB] Write ignored because write side was full before edge
UVM_INFO ../tb/wr_agent/async_fifo_wr_driver.sv(40) @ 624000: uvm_test_top.env.wr_agt.driver [ASYNC_FIFO_WR_DRV] WR Drive item: wr_en=0 wr_data=0x844d1f05abdf13f
UVM_INFO ../tb/rd_agent/async_fifo_rd_monitor.sv(69) @ 630001: uvm_test_top.env.rd_agt.monitor [ASYNC_FIFO_RD_MON] RD accepted item: rd_data=0x41e39bdeea088ab7
UVM_INFO ../tb/wr_agent/async_fifo_wr_driver.sv(40) @ 636000: uvm_test_top.env.wr_agt.driver [ASYNC_FIFO_WR_DRV] WR Drive item: wr_en=0 wr_data=0x26d605fd889c08f3
UVM_INFO ../tb/rd_agent/async_fifo_rd_driver.sv(38) @ 644000: uvm_test_top.env.rd_agt.driver [ASYNC_FIFO_RD_DRV] RD Drive item: rd_en=0
UVM_INFO ../tb/wr_agent/async_fifo_wr_driver.sv(40) @ 648000: uvm_test_top.env.wr_agt.driver [ASYNC_FIFO_WR_DRV] WR Drive item: wr_en=0 wr_data=0xdf41acb7a3f1a8ba
UVM_INFO ../tb/wr_agent/async_fifo_wr_driver.sv(40) @ 660000: uvm_test_top.env.wr_agt.driver [ASYNC_FIFO_WR_DRV] WR Drive item: wr_en=0 wr_data=0x6fadfbcb9f48eec7
UVM_INFO ../tb/rd_agent/async_fifo_rd_driver.sv(38) @ 672000: uvm_test_top.env.rd_agt.driver [ASYNC_FIFO_RD_DRV] RD Drive item: rd_en=1
UVM_INFO ../tb/wr_agent/async_fifo_wr_driver.sv(40) @ 672000: uvm_test_top.env.wr_agt.driver [ASYNC_FIFO_WR_DRV] WR Drive item: wr_en=1 wr_data=0xfab4772912fbd73d
UVM_INFO ../tb/env/async_fifo_scoreboard.sv(49) @ 678001: uvm_test_top.env.scb [ASYNC_FIFO_SCB] Model Push: 0xfab4772912fbd73d depth=3
UVM_INFO ../tb/wr_agent/async_fifo_wr_driver.sv(40) @ 684000: uvm_test_top.env.wr_agt.driver [ASYNC_FIFO_WR_DRV] WR Drive item: wr_en=1 wr_data=0xeb162abf9e8027d
UVM_INFO ../tb/rd_agent/async_fifo_rd_monitor.sv(69) @ 686001: uvm_test_top.env.rd_agt.monitor [ASYNC_FIFO_RD_MON] RD accepted item: rd_data=0x3b19d128c75d5c9a
UVM_INFO ../tb/env/async_fifo_scoreboard.sv(49) @ 690001: uvm_test_top.env.scb [ASYNC_FIFO_SCB] Model Push: 0xeb162abf9e8027d depth=3
UVM_INFO ../tb/wr_agent/async_fifo_wr_driver.sv(40) @ 696000: uvm_test_top.env.wr_agt.driver [ASYNC_FIFO_WR_DRV] WR Drive item: wr_en=0 wr_data=0xc0d31a7b3dc32d41
UVM_INFO ../tb/rd_agent/async_fifo_rd_driver.sv(38) @ 700000: uvm_test_top.env.rd_agt.driver [ASYNC_FIFO_RD_DRV] RD Drive item: rd_en=1
UVM_INFO ../tb/wr_agent/async_fifo_wr_driver.sv(40) @ 708000: uvm_test_top.env.wr_agt.driver [ASYNC_FIFO_WR_DRV] WR Drive item: wr_en=1 wr_data=0x5953da96ec6e7bc
UVM_INFO ../tb/rd_agent/async_fifo_rd_monitor.sv(69) @ 714001: uvm_test_top.env.rd_agt.monitor [ASYNC_FIFO_RD_MON] RD accepted item: rd_data=0x18e3c85393944a98
UVM_INFO ../tb/env/async_fifo_scoreboard.sv(55) @ 714001: uvm_test_top.env.scb [ASYNC_FIFO_SCB] Write ignored because write side was full before edge
UVM_INFO ../tb/wr_agent/async_fifo_wr_driver.sv(40) @ 720000: uvm_test_top.env.wr_agt.driver [ASYNC_FIFO_WR_DRV] WR Drive item: wr_en=0 wr_data=0x795377248646bb32
UVM_INFO ../tb/rd_agent/async_fifo_rd_driver.sv(38) @ 728000: uvm_test_top.env.rd_agt.driver [ASYNC_FIFO_RD_DRV] RD Drive item: rd_en=1
UVM_INFO ../tb/wr_agent/async_fifo_wr_driver.sv(40) @ 732000: uvm_test_top.env.wr_agt.driver [ASYNC_FIFO_WR_DRV] WR Drive item: wr_en=1 wr_data=0x800694a11c55e70a
UVM_INFO ../tb/env/async_fifo_scoreboard.sv(49) @ 738001: uvm_test_top.env.scb [ASYNC_FIFO_SCB] Model Push: 0x800694a11c55e70a depth=3
UVM_INFO ../tb/wr_agent/async_fifo_wr_driver.sv(40) @ 744000: uvm_test_top.env.wr_agt.driver [ASYNC_FIFO_WR_DRV] WR Drive item: wr_en=1 wr_data=0x3fbdfae0cf11c369
UVM_INFO ../tb/env/async_fifo_scoreboard.sv(55) @ 750001: uvm_test_top.env.scb [ASYNC_FIFO_SCB] Write ignored because write side was full before edge
UVM_INFO ../tb/rd_agent/async_fifo_rd_driver.sv(38) @ 756000: uvm_test_top.env.rd_agt.driver [ASYNC_FIFO_RD_DRV] RD Drive item: rd_en=0
UVM_INFO ../tb/wr_agent/async_fifo_wr_driver.sv(40) @ 756000: uvm_test_top.env.wr_agt.driver [ASYNC_FIFO_WR_DRV] WR Drive item: wr_en=1 wr_data=0x66ad2b193a52afb
UVM_INFO ../tb/env/async_fifo_scoreboard.sv(49) @ 762001: uvm_test_top.env.scb [ASYNC_FIFO_SCB] Model Push: 0x66ad2b193a52afb depth=4
UVM_INFO ../tb/wr_agent/async_fifo_wr_driver.sv(40) @ 768000: uvm_test_top.env.wr_agt.driver [ASYNC_FIFO_WR_DRV] WR Drive item: wr_en=0 wr_data=0xe1e08ee2acb5d2f6
UVM_INFO ../tb/wr_agent/async_fifo_wr_driver.sv(40) @ 780000: uvm_test_top.env.wr_agt.driver [ASYNC_FIFO_WR_DRV] WR Drive item: wr_en=0 wr_data=0x8f2a1445bb1f3ce1
UVM_INFO ../tb/rd_agent/async_fifo_rd_driver.sv(38) @ 784000: uvm_test_top.env.rd_agt.driver [ASYNC_FIFO_RD_DRV] RD Drive item: rd_en=0
UVM_INFO ../tb/wr_agent/async_fifo_wr_driver.sv(40) @ 792000: uvm_test_top.env.wr_agt.driver [ASYNC_FIFO_WR_DRV] WR Drive item: wr_en=0 wr_data=0x2885b91533ea71c2
UVM_INFO ../tb/wr_agent/async_fifo_wr_driver.sv(40) @ 804000: uvm_test_top.env.wr_agt.driver [ASYNC_FIFO_WR_DRV] WR Drive item: wr_en=0 wr_data=0xa369be85ed0b019a
UVM_INFO ../tb/rd_agent/async_fifo_rd_driver.sv(38) @ 812000: uvm_test_top.env.rd_agt.driver [ASYNC_FIFO_RD_DRV] RD Drive item: rd_en=0
UVM_INFO ../tb/wr_agent/async_fifo_wr_driver.sv(40) @ 816000: uvm_test_top.env.wr_agt.driver [ASYNC_FIFO_WR_DRV] WR Drive item: wr_en=1 wr_data=0x1f7056dad1df5879
UVM_INFO ../tb/env/async_fifo_scoreboard.sv(55) @ 822001: uvm_test_top.env.scb [ASYNC_FIFO_SCB] Write ignored because write side was full before edge
UVM_INFO ../tb/wr_agent/async_fifo_wr_driver.sv(40) @ 828000: uvm_test_top.env.wr_agt.driver [ASYNC_FIFO_WR_DRV] WR Drive item: wr_en=1 wr_data=0xfa1cb728068db192
UVM_INFO ../tb/env/async_fifo_scoreboard.sv(55) @ 834001: uvm_test_top.env.scb [ASYNC_FIFO_SCB] Write ignored because write side was full before edge
UVM_INFO ../tb/rd_agent/async_fifo_rd_driver.sv(38) @ 840000: uvm_test_top.env.rd_agt.driver [ASYNC_FIFO_RD_DRV] RD Drive item: rd_en=0
UVM_INFO ../tb/wr_agent/async_fifo_wr_driver.sv(40) @ 840000: uvm_test_top.env.wr_agt.driver [ASYNC_FIFO_WR_DRV] WR Drive item: wr_en=1 wr_data=0x6911cceb3577cc88
UVM_INFO ../tb/env/async_fifo_scoreboard.sv(55) @ 846001: uvm_test_top.env.scb [ASYNC_FIFO_SCB] Write ignored because write side was full before edge
UVM_INFO ../tb/wr_agent/async_fifo_wr_driver.sv(40) @ 852000: uvm_test_top.env.wr_agt.driver [ASYNC_FIFO_WR_DRV] WR Drive item: wr_en=0 wr_data=0x5bd0f2779d55773a
UVM_INFO ../tb/wr_agent/async_fifo_wr_driver.sv(40) @ 864000: uvm_test_top.env.wr_agt.driver [ASYNC_FIFO_WR_DRV] WR Drive item: wr_en=1 wr_data=0x426f9349eff0fc38
UVM_INFO ../tb/rd_agent/async_fifo_rd_driver.sv(38) @ 868000: uvm_test_top.env.rd_agt.driver [ASYNC_FIFO_RD_DRV] RD Drive item: rd_en=1
UVM_INFO ../tb/env/async_fifo_scoreboard.sv(55) @ 870001: uvm_test_top.env.scb [ASYNC_FIFO_SCB] Write ignored because write side was full before edge
UVM_INFO ../tb/wr_agent/async_fifo_wr_driver.sv(40) @ 876000: uvm_test_top.env.wr_agt.driver [ASYNC_FIFO_WR_DRV] WR Drive item: wr_en=0 wr_data=0x9949c1dece567650
UVM_INFO ../tb/rd_agent/async_fifo_rd_monitor.sv(69) @ 882001: uvm_test_top.env.rd_agt.monitor [ASYNC_FIFO_RD_MON] RD accepted item: rd_data=0xfab4772912fbd73d
UVM_INFO ../tb/wr_agent/async_fifo_wr_driver.sv(40) @ 888000: uvm_test_top.env.wr_agt.driver [ASYNC_FIFO_WR_DRV] WR Drive item: wr_en=1 wr_data=0xe979a32dbd224546
UVM_INFO ../tb/env/async_fifo_scoreboard.sv(55) @ 894001: uvm_test_top.env.scb [ASYNC_FIFO_SCB] Write ignored because write side was full before edge
UVM_INFO ../tb/rd_agent/async_fifo_rd_driver.sv(38) @ 896000: uvm_test_top.env.rd_agt.driver [ASYNC_FIFO_RD_DRV] RD Drive item: rd_en=0
UVM_INFO ../tb/wr_agent/async_fifo_wr_driver.sv(40) @ 900000: uvm_test_top.env.wr_agt.driver [ASYNC_FIFO_WR_DRV] WR Drive item: wr_en=1 wr_data=0x5277f14c0934aa84
UVM_INFO ../tb/env/async_fifo_scoreboard.sv(55) @ 906001: uvm_test_top.env.scb [ASYNC_FIFO_SCB] Write ignored because write side was full before edge
UVM_INFO ../tb/wr_agent/async_fifo_wr_driver.sv(40) @ 912000: uvm_test_top.env.wr_agt.driver [ASYNC_FIFO_WR_DRV] WR Drive item: wr_en=0 wr_data=0x3a73405e0f5efd5b
UVM_INFO ../tb/rd_agent/async_fifo_rd_driver.sv(38) @ 924000: uvm_test_top.env.rd_agt.driver [ASYNC_FIFO_RD_DRV] RD Drive item: rd_en=0
UVM_INFO ../tb/wr_agent/async_fifo_wr_driver.sv(40) @ 924000: uvm_test_top.env.wr_agt.driver [ASYNC_FIFO_WR_DRV] WR Drive item: wr_en=0 wr_data=0x3409c04e20542091
UVM_INFO ../tb/wr_agent/async_fifo_wr_driver.sv(40) @ 936000: uvm_test_top.env.wr_agt.driver [ASYNC_FIFO_WR_DRV] WR Drive item: wr_en=1 wr_data=0x3e1371d78f120b85
UVM_INFO ../tb/env/async_fifo_scoreboard.sv(49) @ 942001: uvm_test_top.env.scb [ASYNC_FIFO_SCB] Model Push: 0x3e1371d78f120b85 depth=4
UVM_INFO ../tb/wr_agent/async_fifo_wr_driver.sv(40) @ 948000: uvm_test_top.env.wr_agt.driver [ASYNC_FIFO_WR_DRV] WR Drive item: wr_en=0 wr_data=0x9909fd9b7959f066
UVM_INFO ../tb/rd_agent/async_fifo_rd_driver.sv(38) @ 952000: uvm_test_top.env.rd_agt.driver [ASYNC_FIFO_RD_DRV] RD Drive item: rd_en=0
UVM_INFO ../tb/wr_agent/async_fifo_wr_driver.sv(40) @ 960000: uvm_test_top.env.wr_agt.driver [ASYNC_FIFO_WR_DRV] WR Drive item: wr_en=1 wr_data=0xe8d7429b9723b568
UVM_INFO ../tb/env/async_fifo_scoreboard.sv(55) @ 966001: uvm_test_top.env.scb [ASYNC_FIFO_SCB] Write ignored because write side was full before edge
UVM_INFO ../tb/wr_agent/async_fifo_wr_driver.sv(40) @ 972000: uvm_test_top.env.wr_agt.driver [ASYNC_FIFO_WR_DRV] WR Drive item: wr_en=1 wr_data=0x34fda97decaa3e2b
UVM_INFO ../tb/env/async_fifo_scoreboard.sv(55) @ 978001: uvm_test_top.env.scb [ASYNC_FIFO_SCB] Write ignored because write side was full before edge
UVM_INFO ../tb/rd_agent/async_fifo_rd_driver.sv(38) @ 980000: uvm_test_top.env.rd_agt.driver [ASYNC_FIFO_RD_DRV] RD Drive item: rd_en=1
UVM_INFO ../tb/wr_agent/async_fifo_wr_driver.sv(40) @ 984000: uvm_test_top.env.wr_agt.driver [ASYNC_FIFO_WR_DRV] WR Drive item: wr_en=0 wr_data=0xf2016ca13eb5357e
UVM_INFO ../tb/rd_agent/async_fifo_rd_monitor.sv(69) @ 994001: uvm_test_top.env.rd_agt.monitor [ASYNC_FIFO_RD_MON] RD accepted item: rd_data=0xeb162abf9e8027d
UVM_INFO ../tb/wr_agent/async_fifo_wr_driver.sv(40) @ 996000: uvm_test_top.env.wr_agt.driver [ASYNC_FIFO_WR_DRV] WR Drive item: wr_en=0 wr_data=0xf29a4262a036fd29
UVM_INFO ../tb/rd_agent/async_fifo_rd_driver.sv(38) @ 1008000: uvm_test_top.env.rd_agt.driver [ASYNC_FIFO_RD_DRV] RD Drive item: rd_en=0
UVM_INFO ../tb/wr_agent/async_fifo_wr_driver.sv(40) @ 1008000: uvm_test_top.env.wr_agt.driver [ASYNC_FIFO_WR_DRV] WR Drive item: wr_en=0 wr_data=0xfa4029aaf4cb5242
UVM_INFO ../tb/wr_agent/async_fifo_wr_driver.sv(40) @ 1020000: uvm_test_top.env.wr_agt.driver [ASYNC_FIFO_WR_DRV] WR Drive item: wr_en=0 wr_data=0x17e055cca7f78567
UVM_INFO ../tb/wr_agent/async_fifo_wr_driver.sv(40) @ 1032000: uvm_test_top.env.wr_agt.driver [ASYNC_FIFO_WR_DRV] WR Drive item: wr_en=0 wr_data=0xbcde99065b26bda1
UVM_INFO ../tb/rd_agent/async_fifo_rd_driver.sv(38) @ 1036000: uvm_test_top.env.rd_agt.driver [ASYNC_FIFO_RD_DRV] RD Drive item: rd_en=1
UVM_INFO ../tb/wr_agent/async_fifo_wr_driver.sv(40) @ 1044000: uvm_test_top.env.wr_agt.driver [ASYNC_FIFO_WR_DRV] WR Drive item: wr_en=0 wr_data=0x33d623a3550797cc
UVM_INFO ../tb/rd_agent/async_fifo_rd_monitor.sv(69) @ 1050001: uvm_test_top.env.rd_agt.monitor [ASYNC_FIFO_RD_MON] RD accepted item: rd_data=0x800694a11c55e70a
UVM_INFO ../tb/wr_agent/async_fifo_wr_driver.sv(40) @ 1056000: uvm_test_top.env.wr_agt.driver [ASYNC_FIFO_WR_DRV] WR Drive item: wr_en=1 wr_data=0xaa00b4a5b5da823a
UVM_INFO ../tb/env/async_fifo_scoreboard.sv(49) @ 1062001: uvm_test_top.env.scb [ASYNC_FIFO_SCB] Model Push: 0xaa00b4a5b5da823a depth=3
UVM_INFO ../tb/rd_agent/async_fifo_rd_driver.sv(38) @ 1064000: uvm_test_top.env.rd_agt.driver [ASYNC_FIFO_RD_DRV] RD Drive item: rd_en=0
UVM_INFO ../tb/wr_agent/async_fifo_wr_driver.sv(40) @ 1068000: uvm_test_top.env.wr_agt.driver [ASYNC_FIFO_WR_DRV] WR Drive item: wr_en=0 wr_data=0xe72cfeedaf8b6314
UVM_INFO ../tb/wr_agent/async_fifo_wr_driver.sv(40) @ 1080000: uvm_test_top.env.wr_agt.driver [ASYNC_FIFO_WR_DRV] WR Drive item: wr_en=0 wr_data=0x5ef210bcef1eb0c5
UVM_INFO ../tb/rd_agent/async_fifo_rd_driver.sv(38) @ 1092000: uvm_test_top.env.rd_agt.driver [ASYNC_FIFO_RD_DRV] RD Drive item: rd_en=1
UVM_INFO ../tb/wr_agent/async_fifo_wr_driver.sv(40) @ 1092000: uvm_test_top.env.wr_agt.driver [ASYNC_FIFO_WR_DRV] WR Drive item: wr_en=0 wr_data=0x2ba46ffe40153e33
UVM_INFO ../tb/wr_agent/async_fifo_wr_driver.sv(40) @ 1104000: uvm_test_top.env.wr_agt.driver [ASYNC_FIFO_WR_DRV] WR Drive item: wr_en=1 wr_data=0xd56675daf166f184
UVM_INFO ../tb/rd_agent/async_fifo_rd_monitor.sv(69) @ 1106001: uvm_test_top.env.rd_agt.monitor [ASYNC_FIFO_RD_MON] RD accepted item: rd_data=0x66ad2b193a52afb
UVM_INFO ../tb/env/async_fifo_scoreboard.sv(49) @ 1110001: uvm_test_top.env.scb [ASYNC_FIFO_SCB] Model Push: 0xd56675daf166f184 depth=3
UVM_INFO ../tb/wr_agent/async_fifo_wr_driver.sv(40) @ 1116000: uvm_test_top.env.wr_agt.driver [ASYNC_FIFO_WR_DRV] WR Drive item: wr_en=0 wr_data=0xe51cb68bc37d595c
UVM_INFO ../tb/rd_agent/async_fifo_rd_driver.sv(38) @ 1120000: uvm_test_top.env.rd_agt.driver [ASYNC_FIFO_RD_DRV] RD Drive item: rd_en=1
UVM_INFO ../tb/wr_agent/async_fifo_wr_driver.sv(40) @ 1128000: uvm_test_top.env.wr_agt.driver [ASYNC_FIFO_WR_DRV] WR Drive item: wr_en=0 wr_data=0x95711cc0206fa019
UVM_INFO ../tb/rd_agent/async_fifo_rd_monitor.sv(69) @ 1134001: uvm_test_top.env.rd_agt.monitor [ASYNC_FIFO_RD_MON] RD accepted item: rd_data=0x3e1371d78f120b85
UVM_INFO ../tb/wr_agent/async_fifo_wr_driver.sv(40) @ 1140000: uvm_test_top.env.wr_agt.driver [ASYNC_FIFO_WR_DRV] WR Drive item: wr_en=0 wr_data=0xbe589c844a17f140
UVM_INFO ../tb/rd_agent/async_fifo_rd_driver.sv(38) @ 1148000: uvm_test_top.env.rd_agt.driver [ASYNC_FIFO_RD_DRV] RD Drive item: rd_en=1
UVM_INFO ../tb/wr_agent/async_fifo_wr_driver.sv(40) @ 1152000: uvm_test_top.env.wr_agt.driver [ASYNC_FIFO_WR_DRV] WR Drive item: wr_en=1 wr_data=0x899f9bdb47a8e144
UVM_INFO ../tb/env/async_fifo_scoreboard.sv(49) @ 1158001: uvm_test_top.env.scb [ASYNC_FIFO_SCB] Model Push: 0x899f9bdb47a8e144 depth=3
UVM_INFO ../tb/rd_agent/async_fifo_rd_monitor.sv(69) @ 1162001: uvm_test_top.env.rd_agt.monitor [ASYNC_FIFO_RD_MON] RD accepted item: rd_data=0xaa00b4a5b5da823a
UVM_INFO ../tb/wr_agent/async_fifo_wr_driver.sv(40) @ 1164000: uvm_test_top.env.wr_agt.driver [ASYNC_FIFO_WR_DRV] WR Drive item: wr_en=0 wr_data=0x1e47ffe6a460b1ca
UVM_INFO ../tb/rd_agent/async_fifo_rd_driver.sv(38) @ 1176000: uvm_test_top.env.rd_agt.driver [ASYNC_FIFO_RD_DRV] RD Drive item: rd_en=1
UVM_INFO ../tb/wr_agent/async_fifo_wr_driver.sv(40) @ 1176000: uvm_test_top.env.wr_agt.driver [ASYNC_FIFO_WR_DRV] WR Drive item: wr_en=0 wr_data=0xee613f873ff5632d
UVM_INFO ../tb/wr_agent/async_fifo_wr_driver.sv(40) @ 1188000: uvm_test_top.env.wr_agt.driver [ASYNC_FIFO_WR_DRV] WR Drive item: wr_en=0 wr_data=0x2ccf216c3984d600
UVM_INFO ../tb/wr_agent/async_fifo_wr_driver.sv(40) @ 1200000: uvm_test_top.env.wr_agt.driver [ASYNC_FIFO_WR_DRV] WR Drive item: wr_en=0 wr_data=0x23e02f248348cd1d
UVM_INFO ../tb/rd_agent/async_fifo_rd_driver.sv(38) @ 1204000: uvm_test_top.env.rd_agt.driver [ASYNC_FIFO_RD_DRV] RD Drive item: rd_en=1
UVM_INFO ../tb/wr_agent/async_fifo_wr_driver.sv(40) @ 1212000: uvm_test_top.env.wr_agt.driver [ASYNC_FIFO_WR_DRV] WR Drive item: wr_en=0 wr_data=0x8cfc58a5e1b1849c
UVM_INFO ../tb/rd_agent/async_fifo_rd_monitor.sv(69) @ 1218001: uvm_test_top.env.rd_agt.monitor [ASYNC_FIFO_RD_MON] RD accepted item: rd_data=0xd56675daf166f184
UVM_INFO ../tb/wr_agent/async_fifo_wr_driver.sv(40) @ 1224000: uvm_test_top.env.wr_agt.driver [ASYNC_FIFO_WR_DRV] WR Drive item: wr_en=0 wr_data=0x5df55fc70a956c03
UVM_INFO ../tb/rd_agent/async_fifo_rd_driver.sv(38) @ 1232000: uvm_test_top.env.rd_agt.driver [ASYNC_FIFO_RD_DRV] RD Drive item: rd_en=0
UVM_INFO ../tb/wr_agent/async_fifo_wr_driver.sv(40) @ 1236000: uvm_test_top.env.wr_agt.driver [ASYNC_FIFO_WR_DRV] WR Drive item: wr_en=0 wr_data=0x78ef4e6ddce74b4
UVM_INFO ../tb/wr_agent/async_fifo_wr_driver.sv(40) @ 1248000: uvm_test_top.env.wr_agt.driver [ASYNC_FIFO_WR_DRV] WR Drive item: wr_en=1 wr_data=0x777e54849d92cb7e
UVM_INFO ../tb/env/async_fifo_scoreboard.sv(49) @ 1254001: uvm_test_top.env.scb [ASYNC_FIFO_SCB] Model Push: 0x777e54849d92cb7e depth=2
UVM_INFO ../tb/rd_agent/async_fifo_rd_driver.sv(38) @ 1260000: uvm_test_top.env.rd_agt.driver [ASYNC_FIFO_RD_DRV] RD Drive item: rd_en=1
UVM_INFO ../tb/wr_agent/async_fifo_wr_driver.sv(40) @ 1260000: uvm_test_top.env.wr_agt.driver [ASYNC_FIFO_WR_DRV] WR Drive item: wr_en=0 wr_data=0x8c69a4c502434df6
UVM_INFO ../tb/wr_agent/async_fifo_wr_driver.sv(40) @ 1272000: uvm_test_top.env.wr_agt.driver [ASYNC_FIFO_WR_DRV] WR Drive item: wr_en=0 wr_data=0x834473b7e64262d4
UVM_INFO ../tb/rd_agent/async_fifo_rd_monitor.sv(69) @ 1274001: uvm_test_top.env.rd_agt.monitor [ASYNC_FIFO_RD_MON] RD accepted item: rd_data=0x899f9bdb47a8e144
UVM_INFO ../tb/wr_agent/async_fifo_wr_driver.sv(40) @ 1284000: uvm_test_top.env.wr_agt.driver [ASYNC_FIFO_WR_DRV] WR Drive item: wr_en=0 wr_data=0xa865d495f1dd3fee
UVM_INFO ../tb/rd_agent/async_fifo_rd_driver.sv(38) @ 1288000: uvm_test_top.env.rd_agt.driver [ASYNC_FIFO_RD_DRV] RD Drive item: rd_en=0
UVM_INFO ../tb/wr_agent/async_fifo_wr_driver.sv(40) @ 1296000: uvm_test_top.env.wr_agt.driver [ASYNC_FIFO_WR_DRV] WR Drive item: wr_en=1 wr_data=0x1c1cb30150456042
UVM_INFO ../tb/env/async_fifo_scoreboard.sv(49) @ 1302001: uvm_test_top.env.scb [ASYNC_FIFO_SCB] Model Push: 0x1c1cb30150456042 depth=2
UVM_INFO ../tb/wr_agent/async_fifo_wr_driver.sv(40) @ 1308000: uvm_test_top.env.wr_agt.driver [ASYNC_FIFO_WR_DRV] WR Drive item: wr_en=0 wr_data=0x6af79a015b3baa6c
UVM_INFO ../tb/rd_agent/async_fifo_rd_driver.sv(38) @ 1316000: uvm_test_top.env.rd_agt.driver [ASYNC_FIFO_RD_DRV] RD Drive item: rd_en=1
UVM_INFO ../tb/wr_agent/async_fifo_wr_driver.sv(40) @ 1320000: uvm_test_top.env.wr_agt.driver [ASYNC_FIFO_WR_DRV] WR Drive item: wr_en=0 wr_data=0xddf25bc07ee384b7
UVM_INFO ../tb/wr_agent/async_fifo_wr_driver.sv(40) @ 1332000: uvm_test_top.env.wr_agt.driver [ASYNC_FIFO_WR_DRV] WR Drive item: wr_en=1 wr_data=0x1356f74441a2db8e
UVM_INFO ../tb/env/async_fifo_scoreboard.sv(49) @ 1338001: uvm_test_top.env.scb [ASYNC_FIFO_SCB] Model Push: 0x1356f74441a2db8e depth=3
UVM_INFO ../tb/rd_agent/async_fifo_rd_driver.sv(38) @ 1344000: uvm_test_top.env.rd_agt.driver [ASYNC_FIFO_RD_DRV] RD Drive item: rd_en=0
UVM_INFO ../tb/wr_agent/async_fifo_wr_driver.sv(40) @ 1344000: uvm_test_top.env.wr_agt.driver [ASYNC_FIFO_WR_DRV] WR Drive item: wr_en=0 wr_data=0x61c28fbc214be52a
UVM_INFO ../tb/wr_agent/async_fifo_wr_driver.sv(40) @ 1356000: uvm_test_top.env.wr_agt.driver [ASYNC_FIFO_WR_DRV] WR Drive item: wr_en=1 wr_data=0xa32644ebfb4bd6f2
UVM_INFO ../tb/env/async_fifo_scoreboard.sv(49) @ 1362001: uvm_test_top.env.scb [ASYNC_FIFO_SCB] Model Push: 0xa32644ebfb4bd6f2 depth=4
UVM_INFO ../tb/wr_agent/async_fifo_wr_driver.sv(40) @ 1368000: uvm_test_top.env.wr_agt.driver [ASYNC_FIFO_WR_DRV] WR Drive item: wr_en=0 wr_data=0xa9da883cf9f86ba1
UVM_INFO ../tb/rd_agent/async_fifo_rd_driver.sv(38) @ 1372000: uvm_test_top.env.rd_agt.driver [ASYNC_FIFO_RD_DRV] RD Drive item: rd_en=1
UVM_INFO ../tb/wr_agent/async_fifo_wr_driver.sv(40) @ 1380000: uvm_test_top.env.wr_agt.driver [ASYNC_FIFO_WR_DRV] WR Drive item: wr_en=0 wr_data=0x1d1cf66267109a06
UVM_INFO ../tb/rd_agent/async_fifo_rd_monitor.sv(69) @ 1386001: uvm_test_top.env.rd_agt.monitor [ASYNC_FIFO_RD_MON] RD accepted item: rd_data=0x777e54849d92cb7e
UVM_INFO ../tb/wr_agent/async_fifo_wr_driver.sv(40) @ 1392000: uvm_test_top.env.wr_agt.driver [ASYNC_FIFO_WR_DRV] WR Drive item: wr_en=1 wr_data=0x1f0e632a2345aa6b
UVM_INFO ../tb/env/async_fifo_scoreboard.sv(55) @ 1398001: uvm_test_top.env.scb [ASYNC_FIFO_SCB] Write ignored because write side was full before edge
UVM_INFO ../tb/rd_agent/async_fifo_rd_driver.sv(38) @ 1400000: uvm_test_top.env.rd_agt.driver [ASYNC_FIFO_RD_DRV] RD Drive item: rd_en=0
UVM_INFO ../tb/wr_agent/async_fifo_wr_driver.sv(40) @ 1404000: uvm_test_top.env.wr_agt.driver [ASYNC_FIFO_WR_DRV] WR Drive item: wr_en=1 wr_data=0xfafb5ef0
UVM_INFO ../tb/env/async_fifo_scoreboard.sv(55) @ 1410001: uvm_test_top.env.scb [ASYNC_FIFO_SCB] Write ignored because write side was full before edge
UVM_INFO ../tb/wr_agent/async_fifo_wr_driver.sv(40) @ 1416000: uvm_test_top.env.wr_agt.driver [ASYNC_FIFO_WR_DRV] WR Drive item: wr_en=1 wr_data=0x15a53893
UVM_INFO ../tb/env/async_fifo_scoreboard.sv(55) @ 1422001: uvm_test_top.env.scb [ASYNC_FIFO_SCB] Write ignored because write side was full before edge
UVM_INFO ../tb/rd_agent/async_fifo_rd_driver.sv(38) @ 1428000: uvm_test_top.env.rd_agt.driver [ASYNC_FIFO_RD_DRV] RD Drive item: rd_en=1
UVM_INFO ../tb/wr_agent/async_fifo_wr_driver.sv(40) @ 1428000: uvm_test_top.env.wr_agt.driver [ASYNC_FIFO_WR_DRV] WR Drive item: wr_en=1 wr_data=0xc14862d2
UVM_INFO ../tb/env/async_fifo_scoreboard.sv(49) @ 1434001: uvm_test_top.env.scb [ASYNC_FIFO_SCB] Model Push: 0xc14862d2 depth=4
UVM_INFO ../tb/wr_agent/async_fifo_wr_driver.sv(40) @ 1440000: uvm_test_top.env.wr_agt.driver [ASYNC_FIFO_WR_DRV] WR Drive item: wr_en=1 wr_data=0x5f4d8af0
UVM_INFO ../tb/rd_agent/async_fifo_rd_monitor.sv(69) @ 1442001: uvm_test_top.env.rd_agt.monitor [ASYNC_FIFO_RD_MON] RD accepted item: rd_data=0x1c1cb30150456042
UVM_INFO ../tb/env/async_fifo_scoreboard.sv(55) @ 1446001: uvm_test_top.env.scb [ASYNC_FIFO_SCB] Write ignored because write side was full before edge
UVM_INFO ../tb/wr_agent/async_fifo_wr_driver.sv(40) @ 1452000: uvm_test_top.env.wr_agt.driver [ASYNC_FIFO_WR_DRV] WR Drive item: wr_en=1 wr_data=0x3d7e7897
UVM_INFO ../tb/rd_agent/async_fifo_rd_driver.sv(38) @ 1456000: uvm_test_top.env.rd_agt.driver [ASYNC_FIFO_RD_DRV] RD Drive item: rd_en=0
UVM_INFO ../tb/env/async_fifo_scoreboard.sv(55) @ 1458001: uvm_test_top.env.scb [ASYNC_FIFO_SCB] Write ignored because write side was full before edge
UVM_INFO ../tb/wr_agent/async_fifo_wr_driver.sv(40) @ 1464000: uvm_test_top.env.wr_agt.driver [ASYNC_FIFO_WR_DRV] WR Drive item: wr_en=1 wr_data=0xf106378f
UVM_INFO ../tb/env/async_fifo_scoreboard.sv(55) @ 1470001: uvm_test_top.env.scb [ASYNC_FIFO_SCB] Write ignored because write side was full before edge
UVM_INFO ../tb/wr_agent/async_fifo_wr_driver.sv(40) @ 1476000: uvm_test_top.env.wr_agt.driver [ASYNC_FIFO_WR_DRV] WR Drive item: wr_en=1 wr_data=0xc114c821
UVM_INFO ../tb/env/async_fifo_scoreboard.sv(49) @ 1482001: uvm_test_top.env.scb [ASYNC_FIFO_SCB] Model Push: 0xc114c821 depth=4
UVM_INFO ../tb/rd_agent/async_fifo_rd_driver.sv(38) @ 1484000: uvm_test_top.env.rd_agt.driver [ASYNC_FIFO_RD_DRV] RD Drive item: rd_en=1
UVM_INFO ../tb/wr_agent/async_fifo_wr_driver.sv(40) @ 1488000: uvm_test_top.env.wr_agt.driver [ASYNC_FIFO_WR_DRV] WR Drive item: wr_en=1 wr_data=0xdd4f82a
UVM_INFO ../tb/env/async_fifo_scoreboard.sv(55) @ 1494001: uvm_test_top.env.scb [ASYNC_FIFO_SCB] Write ignored because write side was full before edge
UVM_INFO ../tb/rd_agent/async_fifo_rd_monitor.sv(69) @ 1498001: uvm_test_top.env.rd_agt.monitor [ASYNC_FIFO_RD_MON] RD accepted item: rd_data=0x1356f74441a2db8e
UVM_INFO ../tb/wr_agent/async_fifo_wr_driver.sv(40) @ 1500000: uvm_test_top.env.wr_agt.driver [ASYNC_FIFO_WR_DRV] WR Drive item: wr_en=1 wr_data=0x3f9f5938
UVM_INFO ../tb/env/async_fifo_scoreboard.sv(55) @ 1506001: uvm_test_top.env.scb [ASYNC_FIFO_SCB] Write ignored because write side was full before edge
UVM_INFO ../tb/rd_agent/async_fifo_rd_driver.sv(38) @ 1512000: uvm_test_top.env.rd_agt.driver [ASYNC_FIFO_RD_DRV] RD Drive item: rd_en=0
UVM_INFO ../tb/wr_agent/async_fifo_wr_driver.sv(40) @ 1512000: uvm_test_top.env.wr_agt.driver [ASYNC_FIFO_WR_DRV] WR Drive item: wr_en=1 wr_data=0x93f00032
UVM_INFO ../tb/env/async_fifo_scoreboard.sv(55) @ 1518001: uvm_test_top.env.scb [ASYNC_FIFO_SCB] Write ignored because write side was full before edge
UVM_INFO ../tb/wr_agent/async_fifo_wr_driver.sv(40) @ 1524000: uvm_test_top.env.wr_agt.driver [ASYNC_FIFO_WR_DRV] WR Drive item: wr_en=1 wr_data=0xaac99305
UVM_INFO ../tb/env/async_fifo_scoreboard.sv(55) @ 1530001: uvm_test_top.env.scb [ASYNC_FIFO_SCB] Write ignored because write side was full before edge
UVM_INFO ../tb/wr_agent/async_fifo_wr_driver.sv(40) @ 1536000: uvm_test_top.env.wr_agt.driver [ASYNC_FIFO_WR_DRV] WR Drive item: wr_en=1 wr_data=0x53078147
UVM_INFO ../tb/rd_agent/async_fifo_rd_driver.sv(38) @ 1540000: uvm_test_top.env.rd_agt.driver [ASYNC_FIFO_RD_DRV] RD Drive item: rd_en=0
UVM_INFO ../tb/env/async_fifo_scoreboard.sv(49) @ 1542001: uvm_test_top.env.scb [ASYNC_FIFO_SCB] Model Push: 0x53078147 depth=4
UVM_INFO ../tb/wr_agent/async_fifo_wr_driver.sv(40) @ 1548000: uvm_test_top.env.wr_agt.driver [ASYNC_FIFO_WR_DRV] WR Drive item: wr_en=1 wr_data=0xb94e4d06
UVM_INFO ../tb/env/async_fifo_scoreboard.sv(55) @ 1554001: uvm_test_top.env.scb [ASYNC_FIFO_SCB] Write ignored because write side was full before edge
UVM_INFO ../tb/wr_agent/async_fifo_wr_driver.sv(40) @ 1560000: uvm_test_top.env.wr_agt.driver [ASYNC_FIFO_WR_DRV] WR Drive item: wr_en=1 wr_data=0x583252d7
UVM_INFO ../tb/env/async_fifo_scoreboard.sv(55) @ 1566001: uvm_test_top.env.scb [ASYNC_FIFO_SCB] Write ignored because write side was full before edge
UVM_INFO ../tb/rd_agent/async_fifo_rd_driver.sv(38) @ 1568000: uvm_test_top.env.rd_agt.driver [ASYNC_FIFO_RD_DRV] RD Drive item: rd_en=0
UVM_INFO ../tb/wr_agent/async_fifo_wr_driver.sv(40) @ 1572000: uvm_test_top.env.wr_agt.driver [ASYNC_FIFO_WR_DRV] WR Drive item: wr_en=1 wr_data=0xd928ae94
UVM_INFO ../tb/env/async_fifo_scoreboard.sv(55) @ 1578001: uvm_test_top.env.scb [ASYNC_FIFO_SCB] Write ignored because write side was full before edge
UVM_INFO ../tb/wr_agent/async_fifo_wr_driver.sv(40) @ 1584000: uvm_test_top.env.wr_agt.driver [ASYNC_FIFO_WR_DRV] WR Drive item: wr_en=1 wr_data=0x20a07ac
UVM_INFO ../tb/env/async_fifo_scoreboard.sv(55) @ 1590001: uvm_test_top.env.scb [ASYNC_FIFO_SCB] Write ignored because write side was full before edge
UVM_INFO ../tb/rd_agent/async_fifo_rd_driver.sv(38) @ 1596000: uvm_test_top.env.rd_agt.driver [ASYNC_FIFO_RD_DRV] RD Drive item: rd_en=0
UVM_INFO ../tb/wr_agent/async_fifo_wr_driver.sv(40) @ 1596000: uvm_test_top.env.wr_agt.driver [ASYNC_FIFO_WR_DRV] WR Drive item: wr_en=1 wr_data=0x3a173931
UVM_INFO ../tb/env/async_fifo_scoreboard.sv(55) @ 1602001: uvm_test_top.env.scb [ASYNC_FIFO_SCB] Write ignored because write side was full before edge
UVM_INFO ../tb/wr_agent/async_fifo_wr_driver.sv(40) @ 1608000: uvm_test_top.env.wr_agt.driver [ASYNC_FIFO_WR_DRV] WR Drive item: wr_en=1 wr_data=0xab1e4837
UVM_INFO ../tb/env/async_fifo_scoreboard.sv(55) @ 1614001: uvm_test_top.env.scb [ASYNC_FIFO_SCB] Write ignored because write side was full before edge
UVM_INFO ../tb/wr_agent/async_fifo_wr_driver.sv(40) @ 1620000: uvm_test_top.env.wr_agt.driver [ASYNC_FIFO_WR_DRV] WR Drive item: wr_en=1 wr_data=0x5a172ce1
UVM_INFO ../tb/rd_agent/async_fifo_rd_driver.sv(38) @ 1624000: uvm_test_top.env.rd_agt.driver [ASYNC_FIFO_RD_DRV] RD Drive item: rd_en=1
UVM_INFO ../tb/env/async_fifo_scoreboard.sv(55) @ 1626001: uvm_test_top.env.scb [ASYNC_FIFO_SCB] Write ignored because write side was full before edge
UVM_INFO ../tb/wr_agent/async_fifo_wr_driver.sv(40) @ 1632000: uvm_test_top.env.wr_agt.driver [ASYNC_FIFO_WR_DRV] WR Drive item: wr_en=1 wr_data=0x666e0509
UVM_INFO ../tb/rd_agent/async_fifo_rd_monitor.sv(69) @ 1638001: uvm_test_top.env.rd_agt.monitor [ASYNC_FIFO_RD_MON] RD accepted item: rd_data=0xa32644ebfb4bd6f2
UVM_INFO ../tb/env/async_fifo_scoreboard.sv(55) @ 1638001: uvm_test_top.env.scb [ASYNC_FIFO_SCB] Write ignored because write side was full before edge
UVM_INFO ../tb/wr_agent/async_fifo_wr_driver.sv(40) @ 1644000: uvm_test_top.env.wr_agt.driver [ASYNC_FIFO_WR_DRV] WR Drive item: wr_en=1 wr_data=0x3250d5ef
UVM_INFO ../tb/env/async_fifo_scoreboard.sv(55) @ 1650001: uvm_test_top.env.scb [ASYNC_FIFO_SCB] Write ignored because write side was full before edge
UVM_INFO ../tb/rd_agent/async_fifo_rd_driver.sv(38) @ 1652000: uvm_test_top.env.rd_agt.driver [ASYNC_FIFO_RD_DRV] RD Drive item: rd_en=1
UVM_INFO ../tb/wr_agent/async_fifo_wr_driver.sv(40) @ 1656000: uvm_test_top.env.wr_agt.driver [ASYNC_FIFO_WR_DRV] WR Drive item: wr_en=1 wr_data=0x69efe6
UVM_INFO ../tb/env/async_fifo_scoreboard.sv(55) @ 1662001: uvm_test_top.env.scb [ASYNC_FIFO_SCB] Write ignored because write side was full before edge
UVM_INFO ../tb/rd_agent/async_fifo_rd_monitor.sv(69) @ 1666001: uvm_test_top.env.rd_agt.monitor [ASYNC_FIFO_RD_MON] RD accepted item: rd_data=0xc14862d2
UVM_INFO ../tb/wr_agent/async_fifo_wr_driver.sv(40) @ 1668000: uvm_test_top.env.wr_agt.driver [ASYNC_FIFO_WR_DRV] WR Drive item: wr_en=1 wr_data=0xafcfd64a
UVM_INFO ../tb/env/async_fifo_scoreboard.sv(55) @ 1674001: uvm_test_top.env.scb [ASYNC_FIFO_SCB] Write ignored because write side was full before edge
UVM_INFO ../tb/rd_agent/async_fifo_rd_driver.sv(38) @ 1680000: uvm_test_top.env.rd_agt.driver [ASYNC_FIFO_RD_DRV] RD Drive item: rd_en=1
UVM_INFO ../tb/wr_agent/async_fifo_wr_driver.sv(40) @ 1680000: uvm_test_top.env.wr_agt.driver [ASYNC_FIFO_WR_DRV] WR Drive item: wr_en=1 wr_data=0xaea9635e
UVM_INFO ../tb/env/async_fifo_scoreboard.sv(49) @ 1686001: uvm_test_top.env.scb [ASYNC_FIFO_SCB] Model Push: 0xaea9635e depth=3
UVM_INFO ../tb/wr_agent/async_fifo_wr_driver.sv(40) @ 1692000: uvm_test_top.env.wr_agt.driver [ASYNC_FIFO_WR_DRV] WR Drive item: wr_en=1 wr_data=0xcb02c0ac
UVM_INFO ../tb/rd_agent/async_fifo_rd_monitor.sv(69) @ 1694001: uvm_test_top.env.rd_agt.monitor [ASYNC_FIFO_RD_MON] RD accepted item: rd_data=0xc114c821
UVM_INFO ../tb/env/async_fifo_scoreboard.sv(55) @ 1698001: uvm_test_top.env.scb [ASYNC_FIFO_SCB] Write ignored because write side was full before edge
UVM_INFO ../tb/wr_agent/async_fifo_wr_driver.sv(40) @ 1704000: uvm_test_top.env.wr_agt.driver [ASYNC_FIFO_WR_DRV] WR Drive item: wr_en=1 wr_data=0xf0286667
UVM_INFO ../tb/rd_agent/async_fifo_rd_driver.sv(38) @ 1708000: uvm_test_top.env.rd_agt.driver [ASYNC_FIFO_RD_DRV] RD Drive item: rd_en=1
UVM_INFO ../tb/env/async_fifo_scoreboard.sv(49) @ 1710001: uvm_test_top.env.scb [ASYNC_FIFO_SCB] Model Push: 0xf0286667 depth=3
UVM_INFO ../tb/wr_agent/async_fifo_wr_driver.sv(40) @ 1716000: uvm_test_top.env.wr_agt.driver [ASYNC_FIFO_WR_DRV] WR Drive item: wr_en=1 wr_data=0x8434c40a
UVM_INFO ../tb/rd_agent/async_fifo_rd_monitor.sv(69) @ 1722001: uvm_test_top.env.rd_agt.monitor [ASYNC_FIFO_RD_MON] RD accepted item: rd_data=0x53078147
UVM_INFO ../tb/env/async_fifo_scoreboard.sv(55) @ 1722001: uvm_test_top.env.scb [ASYNC_FIFO_SCB] Write ignored because write side was full before edge
UVM_INFO ../tb/wr_agent/async_fifo_wr_driver.sv(40) @ 1728000: uvm_test_top.env.wr_agt.driver [ASYNC_FIFO_WR_DRV] WR Drive item: wr_en=1 wr_data=0x4fc02650
UVM_INFO ../tb/env/async_fifo_scoreboard.sv(49) @ 1734001: uvm_test_top.env.scb [ASYNC_FIFO_SCB] Model Push: 0x4fc02650 depth=3
UVM_INFO ../tb/rd_agent/async_fifo_rd_driver.sv(38) @ 1736000: uvm_test_top.env.rd_agt.driver [ASYNC_FIFO_RD_DRV] RD Drive item: rd_en=1
UVM_INFO ../tb/wr_agent/async_fifo_wr_driver.sv(40) @ 1740000: uvm_test_top.env.wr_agt.driver [ASYNC_FIFO_WR_DRV] WR Drive item: wr_en=0 wr_data=0xae1760c022eef0bc
UVM_INFO ../tb/wr_agent/async_fifo_wr_driver.sv(40) @ 1752000: uvm_test_top.env.wr_agt.driver [ASYNC_FIFO_WR_DRV] WR Drive item: wr_en=0 wr_data=0x66886e9baa3f2b50
UVM_INFO ../tb/rd_agent/async_fifo_rd_driver.sv(38) @ 1764000: uvm_test_top.env.rd_agt.driver [ASYNC_FIFO_RD_DRV] RD Drive item: rd_en=1
UVM_INFO ../tb/wr_agent/async_fifo_wr_driver.sv(40) @ 1764000: uvm_test_top.env.wr_agt.driver [ASYNC_FIFO_WR_DRV] WR Drive item: wr_en=0 wr_data=0xffd44305f034b871
UVM_INFO ../tb/wr_agent/async_fifo_wr_driver.sv(40) @ 1776000: uvm_test_top.env.wr_agt.driver [ASYNC_FIFO_WR_DRV] WR Drive item: wr_en=1 wr_data=0x16cd2a47bc0e7ffd
UVM_INFO ../tb/rd_agent/async_fifo_rd_monitor.sv(69) @ 1778001: uvm_test_top.env.rd_agt.monitor [ASYNC_FIFO_RD_MON] RD accepted item: rd_data=0xaea9635e
UVM_INFO ../tb/env/async_fifo_scoreboard.sv(49) @ 1782001: uvm_test_top.env.scb [ASYNC_FIFO_SCB] Model Push: 0x16cd2a47bc0e7ffd depth=3
UVM_INFO ../tb/wr_agent/async_fifo_wr_driver.sv(40) @ 1788000: uvm_test_top.env.wr_agt.driver [ASYNC_FIFO_WR_DRV] WR Drive item: wr_en=0 wr_data=0x71585eadbfbf7534
UVM_INFO ../tb/rd_agent/async_fifo_rd_driver.sv(38) @ 1792000: uvm_test_top.env.rd_agt.driver [ASYNC_FIFO_RD_DRV] RD Drive item: rd_en=1
UVM_INFO ../tb/wr_agent/async_fifo_wr_driver.sv(40) @ 1800000: uvm_test_top.env.wr_agt.driver [ASYNC_FIFO_WR_DRV] WR Drive item: wr_en=0 wr_data=0x5010047f3350495c
UVM_INFO ../tb/rd_agent/async_fifo_rd_monitor.sv(69) @ 1806001: uvm_test_top.env.rd_agt.monitor [ASYNC_FIFO_RD_MON] RD accepted item: rd_data=0xf0286667
UVM_INFO ../tb/wr_agent/async_fifo_wr_driver.sv(40) @ 1812000: uvm_test_top.env.wr_agt.driver [ASYNC_FIFO_WR_DRV] WR Drive item: wr_en=0 wr_data=0x74962ba7dbaf4718
UVM_INFO ../tb/rd_agent/async_fifo_rd_driver.sv(38) @ 1820000: uvm_test_top.env.rd_agt.driver [ASYNC_FIFO_RD_DRV] RD Drive item: rd_en=0
UVM_INFO ../tb/wr_agent/async_fifo_wr_driver.sv(40) @ 1824000: uvm_test_top.env.wr_agt.driver [ASYNC_FIFO_WR_DRV] WR Drive item: wr_en=1 wr_data=0x28dff3be1339f7ae
UVM_INFO ../tb/env/async_fifo_scoreboard.sv(49) @ 1830001: uvm_test_top.env.scb [ASYNC_FIFO_SCB] Model Push: 0x28dff3be1339f7ae depth=3
UVM_INFO ../tb/wr_agent/async_fifo_wr_driver.sv(40) @ 1836000: uvm_test_top.env.wr_agt.driver [ASYNC_FIFO_WR_DRV] WR Drive item: wr_en=1 wr_data=0xcf2001eef7e7b9eb
UVM_INFO ../tb/env/async_fifo_scoreboard.sv(55) @ 1842001: uvm_test_top.env.scb [ASYNC_FIFO_SCB] Write ignored because write side was full before edge
UVM_INFO ../tb/rd_agent/async_fifo_rd_driver.sv(38) @ 1848000: uvm_test_top.env.rd_agt.driver [ASYNC_FIFO_RD_DRV] RD Drive item: rd_en=1
UVM_INFO ../tb/wr_agent/async_fifo_wr_driver.sv(40) @ 1848000: uvm_test_top.env.wr_agt.driver [ASYNC_FIFO_WR_DRV] WR Drive item: wr_en=0 wr_data=0xafb2847a19fea74c
UVM_INFO ../tb/wr_agent/async_fifo_wr_driver.sv(40) @ 1860000: uvm_test_top.env.wr_agt.driver [ASYNC_FIFO_WR_DRV] WR Drive item: wr_en=0 wr_data=0x1669e478f902755c
UVM_INFO ../tb/rd_agent/async_fifo_rd_monitor.sv(69) @ 1862001: uvm_test_top.env.rd_agt.monitor [ASYNC_FIFO_RD_MON] RD accepted item: rd_data=0x4fc02650
UVM_INFO ../tb/wr_agent/async_fifo_wr_driver.sv(40) @ 1872000: uvm_test_top.env.wr_agt.driver [ASYNC_FIFO_WR_DRV] WR Drive item: wr_en=1 wr_data=0xdfef6e110809b2b4
UVM_INFO ../tb/rd_agent/async_fifo_rd_driver.sv(38) @ 1876000: uvm_test_top.env.rd_agt.driver [ASYNC_FIFO_RD_DRV] RD Drive item: rd_en=1
UVM_INFO ../tb/env/async_fifo_scoreboard.sv(49) @ 1878001: uvm_test_top.env.scb [ASYNC_FIFO_SCB] Model Push: 0xdfef6e110809b2b4 depth=3
UVM_INFO ../tb/wr_agent/async_fifo_wr_driver.sv(40) @ 1884000: uvm_test_top.env.wr_agt.driver [ASYNC_FIFO_WR_DRV] WR Drive item: wr_en=0 wr_data=0x70e9f0bfe50f93b7
UVM_INFO ../tb/rd_agent/async_fifo_rd_monitor.sv(69) @ 1890001: uvm_test_top.env.rd_agt.monitor [ASYNC_FIFO_RD_MON] RD accepted item: rd_data=0x16cd2a47bc0e7ffd
UVM_INFO ../tb/wr_agent/async_fifo_wr_driver.sv(40) @ 1896000: uvm_test_top.env.wr_agt.driver [ASYNC_FIFO_WR_DRV] WR Drive item: wr_en=0 wr_data=0xf2fd5d38501a6639
UVM_INFO ../tb/rd_agent/async_fifo_rd_driver.sv(38) @ 1904000: uvm_test_top.env.rd_agt.driver [ASYNC_FIFO_RD_DRV] RD Drive item: rd_en=1
UVM_INFO ../tb/wr_agent/async_fifo_wr_driver.sv(40) @ 1908000: uvm_test_top.env.wr_agt.driver [ASYNC_FIFO_WR_DRV] WR Drive item: wr_en=0 wr_data=0x8fca4646c0d9b114
UVM_INFO ../tb/rd_agent/async_fifo_rd_monitor.sv(69) @ 1918001: uvm_test_top.env.rd_agt.monitor [ASYNC_FIFO_RD_MON] RD accepted item: rd_data=0x28dff3be1339f7ae
UVM_INFO ../tb/wr_agent/async_fifo_wr_driver.sv(40) @ 1920000: uvm_test_top.env.wr_agt.driver [ASYNC_FIFO_WR_DRV] WR Drive item: wr_en=1 wr_data=0x2ecfb972a1859e7d
UVM_INFO ../tb/env/async_fifo_scoreboard.sv(49) @ 1926001: uvm_test_top.env.scb [ASYNC_FIFO_SCB] Model Push: 0x2ecfb972a1859e7d depth=2
UVM_INFO ../tb/rd_agent/async_fifo_rd_driver.sv(38) @ 1932000: uvm_test_top.env.rd_agt.driver [ASYNC_FIFO_RD_DRV] RD Drive item: rd_en=1
UVM_INFO ../tb/wr_agent/async_fifo_wr_driver.sv(40) @ 1932000: uvm_test_top.env.wr_agt.driver [ASYNC_FIFO_WR_DRV] WR Drive item: wr_en=1 wr_data=0xd4cf53e7ef8ad64a
UVM_INFO ../tb/env/async_fifo_scoreboard.sv(49) @ 1938001: uvm_test_top.env.scb [ASYNC_FIFO_SCB] Model Push: 0xd4cf53e7ef8ad64a depth=3
UVM_INFO ../tb/wr_agent/async_fifo_wr_driver.sv(40) @ 1944000: uvm_test_top.env.wr_agt.driver [ASYNC_FIFO_WR_DRV] WR Drive item: wr_en=0 wr_data=0x631652e78c2508d2
UVM_INFO ../tb/wr_agent/async_fifo_wr_driver.sv(40) @ 1956000: uvm_test_top.env.wr_agt.driver [ASYNC_FIFO_WR_DRV] WR Drive item: wr_en=0 wr_data=0x16188a08e02c537c
UVM_INFO ../tb/rd_agent/async_fifo_rd_driver.sv(38) @ 1960000: uvm_test_top.env.rd_agt.driver [ASYNC_FIFO_RD_DRV] RD Drive item: rd_en=0
UVM_INFO ../tb/wr_agent/async_fifo_wr_driver.sv(40) @ 1968000: uvm_test_top.env.wr_agt.driver [ASYNC_FIFO_WR_DRV] WR Drive item: wr_en=1 wr_data=0x9eb58840c0d67f93
UVM_INFO ../tb/env/async_fifo_scoreboard.sv(49) @ 1974001: uvm_test_top.env.scb [ASYNC_FIFO_SCB] Model Push: 0x9eb58840c0d67f93 depth=4
UVM_INFO ../tb/wr_agent/async_fifo_wr_driver.sv(40) @ 1980000: uvm_test_top.env.wr_agt.driver [ASYNC_FIFO_WR_DRV] WR Drive item: wr_en=1 wr_data=0x5a7fe54a4216d67c
UVM_INFO ../tb/env/async_fifo_scoreboard.sv(55) @ 1986001: uvm_test_top.env.scb [ASYNC_FIFO_SCB] Write ignored because write side was full before edge
UVM_INFO ../tb/rd_agent/async_fifo_rd_driver.sv(38) @ 1988000: uvm_test_top.env.rd_agt.driver [ASYNC_FIFO_RD_DRV] RD Drive item: rd_en=0
UVM_INFO ../tb/wr_agent/async_fifo_wr_driver.sv(40) @ 1992000: uvm_test_top.env.wr_agt.driver [ASYNC_FIFO_WR_DRV] WR Drive item: wr_en=0 wr_data=0xe7d107692ee5e533
UVM_INFO ../tb/wr_agent/async_fifo_wr_driver.sv(40) @ 2004000: uvm_test_top.env.wr_agt.driver [ASYNC_FIFO_WR_DRV] WR Drive item: wr_en=1 wr_data=0xd724bbf0de92f985
UVM_INFO ../tb/env/async_fifo_scoreboard.sv(55) @ 2010001: uvm_test_top.env.scb [ASYNC_FIFO_SCB] Write ignored because write side was full before edge
UVM_INFO ../tb/rd_agent/async_fifo_rd_driver.sv(38) @ 2016000: uvm_test_top.env.rd_agt.driver [ASYNC_FIFO_RD_DRV] RD Drive item: rd_en=1
UVM_INFO ../tb/wr_agent/async_fifo_wr_driver.sv(40) @ 2016000: uvm_test_top.env.wr_agt.driver [ASYNC_FIFO_WR_DRV] WR Drive item: wr_en=1 wr_data=0x4dc0de613967aa97
UVM_INFO ../tb/env/async_fifo_scoreboard.sv(55) @ 2022001: uvm_test_top.env.scb [ASYNC_FIFO_SCB] Write ignored because write side was full before edge
UVM_INFO ../tb/wr_agent/async_fifo_wr_driver.sv(40) @ 2028000: uvm_test_top.env.wr_agt.driver [ASYNC_FIFO_WR_DRV] WR Drive item: wr_en=0 wr_data=0x81ab4da63150fde4
UVM_INFO ../tb/rd_agent/async_fifo_rd_monitor.sv(69) @ 2030001: uvm_test_top.env.rd_agt.monitor [ASYNC_FIFO_RD_MON] RD accepted item: rd_data=0xdfef6e110809b2b4
UVM_INFO ../tb/wr_agent/async_fifo_wr_driver.sv(40) @ 2040000: uvm_test_top.env.wr_agt.driver [ASYNC_FIFO_WR_DRV] WR Drive item: wr_en=0 wr_data=0x80a2228309f9e9cd
UVM_INFO ../tb/rd_agent/async_fifo_rd_driver.sv(38) @ 2044000: uvm_test_top.env.rd_agt.driver [ASYNC_FIFO_RD_DRV] RD Drive item: rd_en=0
UVM_INFO ../tb/wr_agent/async_fifo_wr_driver.sv(40) @ 2052000: uvm_test_top.env.wr_agt.driver [ASYNC_FIFO_WR_DRV] WR Drive item: wr_en=1 wr_data=0xd1cc5d511605d7ad
UVM_INFO ../tb/env/async_fifo_scoreboard.sv(55) @ 2058001: uvm_test_top.env.scb [ASYNC_FIFO_SCB] Write ignored because write side was full before edge
UVM_INFO ../tb/wr_agent/async_fifo_wr_driver.sv(40) @ 2064000: uvm_test_top.env.wr_agt.driver [ASYNC_FIFO_WR_DRV] WR Drive item: wr_en=1 wr_data=0x5539b37384a32224
UVM_INFO ../tb/env/async_fifo_scoreboard.sv(49) @ 2070001: uvm_test_top.env.scb [ASYNC_FIFO_SCB] Model Push: 0x5539b37384a32224 depth=4
UVM_INFO ../tb/rd_agent/async_fifo_rd_driver.sv(38) @ 2072000: uvm_test_top.env.rd_agt.driver [ASYNC_FIFO_RD_DRV] RD Drive item: rd_en=0
UVM_INFO ../tb/wr_agent/async_fifo_wr_driver.sv(40) @ 2076000: uvm_test_top.env.wr_agt.driver [ASYNC_FIFO_WR_DRV] WR Drive item: wr_en=1 wr_data=0xb9c7b68296bd75c1
UVM_INFO ../tb/env/async_fifo_scoreboard.sv(55) @ 2082001: uvm_test_top.env.scb [ASYNC_FIFO_SCB] Write ignored because write side was full before edge
UVM_INFO ../tb/wr_agent/async_fifo_wr_driver.sv(40) @ 2088000: uvm_test_top.env.wr_agt.driver [ASYNC_FIFO_WR_DRV] WR Drive item: wr_en=0 wr_data=0x4e471766490456fa
UVM_INFO ../tb/rd_agent/async_fifo_rd_driver.sv(38) @ 2100000: uvm_test_top.env.rd_agt.driver [ASYNC_FIFO_RD_DRV] RD Drive item: rd_en=0
UVM_INFO ../tb/wr_agent/async_fifo_wr_driver.sv(40) @ 2100000: uvm_test_top.env.wr_agt.driver [ASYNC_FIFO_WR_DRV] WR Drive item: wr_en=1 wr_data=0xffb20c48391245e1
UVM_INFO ../tb/env/async_fifo_scoreboard.sv(55) @ 2106001: uvm_test_top.env.scb [ASYNC_FIFO_SCB] Write ignored because write side was full before edge
UVM_INFO ../tb/wr_agent/async_fifo_wr_driver.sv(40) @ 2112000: uvm_test_top.env.wr_agt.driver [ASYNC_FIFO_WR_DRV] WR Drive item: wr_en=0 wr_data=0x5d347feba172abd
UVM_INFO ../tb/wr_agent/async_fifo_wr_driver.sv(40) @ 2124000: uvm_test_top.env.wr_agt.driver [ASYNC_FIFO_WR_DRV] WR Drive item: wr_en=1 wr_data=0xffbb597bfcbee88f
UVM_INFO ../tb/rd_agent/async_fifo_rd_driver.sv(38) @ 2128000: uvm_test_top.env.rd_agt.driver [ASYNC_FIFO_RD_DRV] RD Drive item: rd_en=1
UVM_INFO ../tb/env/async_fifo_scoreboard.sv(55) @ 2130001: uvm_test_top.env.scb [ASYNC_FIFO_SCB] Write ignored because write side was full before edge
UVM_INFO ../tb/wr_agent/async_fifo_wr_driver.sv(40) @ 2136000: uvm_test_top.env.wr_agt.driver [ASYNC_FIFO_WR_DRV] WR Drive item: wr_en=1 wr_data=0xa9bf0c2216139364
UVM_INFO ../tb/rd_agent/async_fifo_rd_monitor.sv(69) @ 2142001: uvm_test_top.env.rd_agt.monitor [ASYNC_FIFO_RD_MON] RD accepted item: rd_data=0x2ecfb972a1859e7d
UVM_INFO ../tb/env/async_fifo_scoreboard.sv(55) @ 2142001: uvm_test_top.env.scb [ASYNC_FIFO_SCB] Write ignored because write side was full before edge
UVM_INFO ../tb/wr_agent/async_fifo_wr_driver.sv(40) @ 2148000: uvm_test_top.env.wr_agt.driver [ASYNC_FIFO_WR_DRV] WR Drive item: wr_en=0 wr_data=0x482d4fd55a94d699
UVM_INFO ../tb/rd_agent/async_fifo_rd_driver.sv(38) @ 2156000: uvm_test_top.env.rd_agt.driver [ASYNC_FIFO_RD_DRV] RD Drive item: rd_en=1
UVM_INFO ../tb/wr_agent/async_fifo_wr_driver.sv(40) @ 2160000: uvm_test_top.env.wr_agt.driver [ASYNC_FIFO_WR_DRV] WR Drive item: wr_en=1 wr_data=0x177bfecdb5b8ba05
UVM_INFO ../tb/env/async_fifo_scoreboard.sv(55) @ 2166001: uvm_test_top.env.scb [ASYNC_FIFO_SCB] Write ignored because write side was full before edge
UVM_INFO ../tb/rd_agent/async_fifo_rd_monitor.sv(69) @ 2170001: uvm_test_top.env.rd_agt.monitor [ASYNC_FIFO_RD_MON] RD accepted item: rd_data=0xd4cf53e7ef8ad64a
UVM_INFO ../tb/wr_agent/async_fifo_wr_driver.sv(40) @ 2172000: uvm_test_top.env.wr_agt.driver [ASYNC_FIFO_WR_DRV] WR Drive item: wr_en=1 wr_data=0xc7eaf40271372969
UVM_INFO ../tb/env/async_fifo_scoreboard.sv(55) @ 2178001: uvm_test_top.env.scb [ASYNC_FIFO_SCB] Write ignored because write side was full before edge
UVM_INFO ../tb/rd_agent/async_fifo_rd_driver.sv(38) @ 2184000: uvm_test_top.env.rd_agt.driver [ASYNC_FIFO_RD_DRV] RD Drive item: rd_en=1
UVM_INFO ../tb/wr_agent/async_fifo_wr_driver.sv(40) @ 2184000: uvm_test_top.env.wr_agt.driver [ASYNC_FIFO_WR_DRV] WR Drive item: wr_en=1 wr_data=0xf3c5e9d96eef7e7b
UVM_INFO ../tb/env/async_fifo_scoreboard.sv(49) @ 2190001: uvm_test_top.env.scb [ASYNC_FIFO_SCB] Model Push: 0xf3c5e9d96eef7e7b depth=3
UVM_INFO ../tb/wr_agent/async_fifo_wr_driver.sv(40) @ 2196000: uvm_test_top.env.wr_agt.driver [ASYNC_FIFO_WR_DRV] WR Drive item: wr_en=1 wr_data=0x6e575140e5c4db42
UVM_INFO ../tb/rd_agent/async_fifo_rd_monitor.sv(69) @ 2198001: uvm_test_top.env.rd_agt.monitor [ASYNC_FIFO_RD_MON] RD accepted item: rd_data=0x9eb58840c0d67f93
UVM_INFO ../tb/env/async_fifo_scoreboard.sv(55) @ 2202001: uvm_test_top.env.scb [ASYNC_FIFO_SCB] Write ignored because write side was full before edge
UVM_INFO ../tb/wr_agent/async_fifo_wr_driver.sv(40) @ 2208000: uvm_test_top.env.wr_agt.driver [ASYNC_FIFO_WR_DRV] WR Drive item: wr_en=0 wr_data=0x7a021f1262905bb4
UVM_INFO ../tb/rd_agent/async_fifo_rd_driver.sv(38) @ 2212000: uvm_test_top.env.rd_agt.driver [ASYNC_FIFO_RD_DRV] RD Drive item: rd_en=1
UVM_INFO ../tb/wr_agent/async_fifo_wr_driver.sv(40) @ 2220000: uvm_test_top.env.wr_agt.driver [ASYNC_FIFO_WR_DRV] WR Drive item: wr_en=1 wr_data=0xf6c6fbb7d6043125
UVM_INFO ../tb/rd_agent/async_fifo_rd_monitor.sv(69) @ 2226001: uvm_test_top.env.rd_agt.monitor [ASYNC_FIFO_RD_MON] RD accepted item: rd_data=0x5539b37384a32224
UVM_INFO ../tb/env/async_fifo_scoreboard.sv(49) @ 2226001: uvm_test_top.env.scb [ASYNC_FIFO_SCB] Model Push: 0xf6c6fbb7d6043125 depth=2
UVM_INFO ../tb/wr_agent/async_fifo_wr_driver.sv(40) @ 2232000: uvm_test_top.env.wr_agt.driver [ASYNC_FIFO_WR_DRV] WR Drive item: wr_en=0 wr_data=0xe7adc54ad6a808b6
UVM_INFO ../tb/rd_agent/async_fifo_rd_driver.sv(38) @ 2240000: uvm_test_top.env.rd_agt.driver [ASYNC_FIFO_RD_DRV] RD Drive item: rd_en=0
UVM_INFO ../tb/wr_agent/async_fifo_wr_driver.sv(40) @ 2244000: uvm_test_top.env.wr_agt.driver [ASYNC_FIFO_WR_DRV] WR Drive item: wr_en=1 wr_data=0x4d18abd2a2c06af0
UVM_INFO ../tb/env/async_fifo_scoreboard.sv(49) @ 2250001: uvm_test_top.env.scb [ASYNC_FIFO_SCB] Model Push: 0x4d18abd2a2c06af0 depth=3
UVM_INFO ../tb/wr_agent/async_fifo_wr_driver.sv(40) @ 2256000: uvm_test_top.env.wr_agt.driver [ASYNC_FIFO_WR_DRV] WR Drive item: wr_en=1 wr_data=0x274417e92add84ff
UVM_INFO ../tb/env/async_fifo_scoreboard.sv(55) @ 2262001: uvm_test_top.env.scb [ASYNC_FIFO_SCB] Write ignored because write side was full before edge
UVM_INFO ../tb/rd_agent/async_fifo_rd_driver.sv(38) @ 2268000: uvm_test_top.env.rd_agt.driver [ASYNC_FIFO_RD_DRV] RD Drive item: rd_en=1
UVM_INFO ../tb/wr_agent/async_fifo_wr_driver.sv(40) @ 2268000: uvm_test_top.env.wr_agt.driver [ASYNC_FIFO_WR_DRV] WR Drive item: wr_en=0 wr_data=0xe83adbd550279596
UVM_INFO ../tb/wr_agent/async_fifo_wr_driver.sv(40) @ 2280000: uvm_test_top.env.wr_agt.driver [ASYNC_FIFO_WR_DRV] WR Drive item: wr_en=0 wr_data=0xc113924430ddf832
UVM_INFO ../tb/rd_agent/async_fifo_rd_monitor.sv(69) @ 2282001: uvm_test_top.env.rd_agt.monitor [ASYNC_FIFO_RD_MON] RD accepted item: rd_data=0xf3c5e9d96eef7e7b
UVM_INFO ../tb/wr_agent/async_fifo_wr_driver.sv(40) @ 2292000: uvm_test_top.env.wr_agt.driver [ASYNC_FIFO_WR_DRV] WR Drive item: wr_en=0 wr_data=0xdee3a900c5b3ed97
UVM_INFO ../tb/rd_agent/async_fifo_rd_driver.sv(38) @ 2296000: uvm_test_top.env.rd_agt.driver [ASYNC_FIFO_RD_DRV] RD Drive item: rd_en=0
UVM_INFO ../tb/wr_agent/async_fifo_wr_driver.sv(40) @ 2304000: uvm_test_top.env.wr_agt.driver [ASYNC_FIFO_WR_DRV] WR Drive item: wr_en=1 wr_data=0xf77baf2aa5bf2143
UVM_INFO ../tb/env/async_fifo_scoreboard.sv(49) @ 2310001: uvm_test_top.env.scb [ASYNC_FIFO_SCB] Model Push: 0xf77baf2aa5bf2143 depth=3
UVM_INFO ../tb/wr_agent/async_fifo_wr_driver.sv(40) @ 2316000: uvm_test_top.env.wr_agt.driver [ASYNC_FIFO_WR_DRV] WR Drive item: wr_en=0 wr_data=0x15e86860b955bae
UVM_INFO ../tb/rd_agent/async_fifo_rd_driver.sv(38) @ 2324000: uvm_test_top.env.rd_agt.driver [ASYNC_FIFO_RD_DRV] RD Drive item: rd_en=1
UVM_INFO ../tb/wr_agent/async_fifo_wr_driver.sv(40) @ 2328000: uvm_test_top.env.wr_agt.driver [ASYNC_FIFO_WR_DRV] WR Drive item: wr_en=0 wr_data=0xe88e927fa7f69bd3
UVM_INFO ../tb/rd_agent/async_fifo_rd_monitor.sv(69) @ 2338001: uvm_test_top.env.rd_agt.monitor [ASYNC_FIFO_RD_MON] RD accepted item: rd_data=0xf6c6fbb7d6043125
UVM_INFO ../tb/wr_agent/async_fifo_wr_driver.sv(40) @ 2340000: uvm_test_top.env.wr_agt.driver [ASYNC_FIFO_WR_DRV] WR Drive item: wr_en=1 wr_data=0x9f2f2a75d2c51237
UVM_INFO ../tb/env/async_fifo_scoreboard.sv(49) @ 2346001: uvm_test_top.env.scb [ASYNC_FIFO_SCB] Model Push: 0x9f2f2a75d2c51237 depth=3
UVM_INFO ../tb/rd_agent/async_fifo_rd_driver.sv(38) @ 2352000: uvm_test_top.env.rd_agt.driver [ASYNC_FIFO_RD_DRV] RD Drive item: rd_en=0
UVM_INFO ../tb/wr_agent/async_fifo_wr_driver.sv(40) @ 2352000: uvm_test_top.env.wr_agt.driver [ASYNC_FIFO_WR_DRV] WR Drive item: wr_en=0 wr_data=0x84c81c83b585d924
UVM_INFO ../tb/wr_agent/async_fifo_wr_driver.sv(40) @ 2364000: uvm_test_top.env.wr_agt.driver [ASYNC_FIFO_WR_DRV] WR Drive item: wr_en=0 wr_data=0x3765f5e6a08ade48
UVM_INFO ../tb/wr_agent/async_fifo_wr_driver.sv(40) @ 2376000: uvm_test_top.env.wr_agt.driver [ASYNC_FIFO_WR_DRV] WR Drive item: wr_en=1 wr_data=0x58059c2a321d3303
UVM_INFO ../tb/rd_agent/async_fifo_rd_driver.sv(38) @ 2380000: uvm_test_top.env.rd_agt.driver [ASYNC_FIFO_RD_DRV] RD Drive item: rd_en=1
UVM_INFO ../tb/env/async_fifo_scoreboard.sv(49) @ 2382001: uvm_test_top.env.scb [ASYNC_FIFO_SCB] Model Push: 0x58059c2a321d3303 depth=4
UVM_INFO ../tb/wr_agent/async_fifo_wr_driver.sv(40) @ 2388000: uvm_test_top.env.wr_agt.driver [ASYNC_FIFO_WR_DRV] WR Drive item: wr_en=1 wr_data=0xf3c2627e1acc64d4
UVM_INFO ../tb/rd_agent/async_fifo_rd_monitor.sv(69) @ 2394001: uvm_test_top.env.rd_agt.monitor [ASYNC_FIFO_RD_MON] RD accepted item: rd_data=0x4d18abd2a2c06af0
UVM_INFO ../tb/env/async_fifo_scoreboard.sv(55) @ 2394001: uvm_test_top.env.scb [ASYNC_FIFO_SCB] Write ignored because write side was full before edge
UVM_INFO ../tb/wr_agent/async_fifo_wr_driver.sv(40) @ 2400000: uvm_test_top.env.wr_agt.driver [ASYNC_FIFO_WR_DRV] WR Drive item: wr_en=0 wr_data=0xb6957eaaf599ecd9
UVM_INFO ../tb/rd_agent/async_fifo_rd_driver.sv(38) @ 2408000: uvm_test_top.env.rd_agt.driver [ASYNC_FIFO_RD_DRV] RD Drive item: rd_en=0
UVM_INFO ../tb/wr_agent/async_fifo_wr_driver.sv(40) @ 2412000: uvm_test_top.env.wr_agt.driver [ASYNC_FIFO_WR_DRV] WR Drive item: wr_en=1 wr_data=0xfcd9cf600f58c351
UVM_INFO ../tb/env/async_fifo_scoreboard.sv(55) @ 2418001: uvm_test_top.env.scb [ASYNC_FIFO_SCB] Write ignored because write side was full before edge
UVM_INFO ../tb/wr_agent/async_fifo_wr_driver.sv(40) @ 2424000: uvm_test_top.env.wr_agt.driver [ASYNC_FIFO_WR_DRV] WR Drive item: wr_en=0 wr_data=0x59eb82ddbfb6abd5
UVM_INFO ../tb/rd_agent/async_fifo_rd_driver.sv(38) @ 2436000: uvm_test_top.env.rd_agt.driver [ASYNC_FIFO_RD_DRV] RD Drive item: rd_en=0
UVM_INFO ../tb/wr_agent/async_fifo_wr_driver.sv(40) @ 2436000: uvm_test_top.env.wr_agt.driver [ASYNC_FIFO_WR_DRV] WR Drive item: wr_en=1 wr_data=0xde19e64e83962317
UVM_INFO ../tb/env/async_fifo_scoreboard.sv(49) @ 2442001: uvm_test_top.env.scb [ASYNC_FIFO_SCB] Model Push: 0xde19e64e83962317 depth=4
UVM_INFO ../tb/wr_agent/async_fifo_wr_driver.sv(40) @ 2448000: uvm_test_top.env.wr_agt.driver [ASYNC_FIFO_WR_DRV] WR Drive item: wr_en=1 wr_data=0x76c444dcabe5e918
UVM_INFO ../tb/env/async_fifo_scoreboard.sv(55) @ 2454001: uvm_test_top.env.scb [ASYNC_FIFO_SCB] Write ignored because write side was full before edge
UVM_INFO ../tb/wr_agent/async_fifo_wr_driver.sv(40) @ 2460000: uvm_test_top.env.wr_agt.driver [ASYNC_FIFO_WR_DRV] WR Drive item: wr_en=0 wr_data=0x17e2805d3d9f48ef
UVM_INFO ../tb/rd_agent/async_fifo_rd_driver.sv(38) @ 2464000: uvm_test_top.env.rd_agt.driver [ASYNC_FIFO_RD_DRV] RD Drive item: rd_en=0
UVM_INFO ../tb/wr_agent/async_fifo_wr_driver.sv(40) @ 2472000: uvm_test_top.env.wr_agt.driver [ASYNC_FIFO_WR_DRV] WR Drive item: wr_en=0 wr_data=0xc2cc333c2d198b16
UVM_INFO ../tb/wr_agent/async_fifo_wr_driver.sv(40) @ 2484000: uvm_test_top.env.wr_agt.driver [ASYNC_FIFO_WR_DRV] WR Drive item: wr_en=0 wr_data=0x3e7952e91ed4daff
UVM_INFO ../tb/rd_agent/async_fifo_rd_driver.sv(38) @ 2492000: uvm_test_top.env.rd_agt.driver [ASYNC_FIFO_RD_DRV] RD Drive item: rd_en=1
UVM_INFO ../tb/wr_agent/async_fifo_wr_driver.sv(40) @ 2496000: uvm_test_top.env.wr_agt.driver [ASYNC_FIFO_WR_DRV] WR Drive item: wr_en=0 wr_data=0x956521c114af7fab
UVM_INFO ../tb/rd_agent/async_fifo_rd_monitor.sv(69) @ 2506001: uvm_test_top.env.rd_agt.monitor [ASYNC_FIFO_RD_MON] RD accepted item: rd_data=0xf77baf2aa5bf2143
UVM_INFO ../tb/wr_agent/async_fifo_wr_driver.sv(40) @ 2508000: uvm_test_top.env.wr_agt.driver [ASYNC_FIFO_WR_DRV] WR Drive item: wr_en=0 wr_data=0x208ee67463ca0b8e
UVM_INFO ../tb/rd_agent/async_fifo_rd_driver.sv(38) @ 2520000: uvm_test_top.env.rd_agt.driver [ASYNC_FIFO_RD_DRV] RD Drive item: rd_en=1
UVM_INFO ../tb/wr_agent/async_fifo_wr_driver.sv(40) @ 2520000: uvm_test_top.env.wr_agt.driver [ASYNC_FIFO_WR_DRV] WR Drive item: wr_en=0 wr_data=0xae54ce29c52e4b77
UVM_INFO ../tb/wr_agent/async_fifo_wr_driver.sv(40) @ 2532000: uvm_test_top.env.wr_agt.driver [ASYNC_FIFO_WR_DRV] WR Drive item: wr_en=0 wr_data=0x1f20f1b9ff293bdc
UVM_INFO ../tb/rd_agent/async_fifo_rd_monitor.sv(69) @ 2534001: uvm_test_top.env.rd_agt.monitor [ASYNC_FIFO_RD_MON] RD accepted item: rd_data=0x9f2f2a75d2c51237
UVM_INFO ../tb/wr_agent/async_fifo_wr_driver.sv(40) @ 2544000: uvm_test_top.env.wr_agt.driver [ASYNC_FIFO_WR_DRV] WR Drive item: wr_en=0 wr_data=0xd50d4da52f89c5b4
UVM_INFO ../tb/rd_agent/async_fifo_rd_driver.sv(38) @ 2548000: uvm_test_top.env.rd_agt.driver [ASYNC_FIFO_RD_DRV] RD Drive item: rd_en=0
UVM_INFO ../tb/wr_agent/async_fifo_wr_driver.sv(40) @ 2556000: uvm_test_top.env.wr_agt.driver [ASYNC_FIFO_WR_DRV] WR Drive item: wr_en=0 wr_data=0x199044fc9265c6
UVM_INFO ../tb/wr_agent/async_fifo_wr_driver.sv(40) @ 2568000: uvm_test_top.env.wr_agt.driver [ASYNC_FIFO_WR_DRV] WR Drive item: wr_en=0 wr_data=0x33f3e1680dfac3f7
UVM_INFO ../tb/rd_agent/async_fifo_rd_driver.sv(38) @ 2576000: uvm_test_top.env.rd_agt.driver [ASYNC_FIFO_RD_DRV] RD Drive item: rd_en=1
UVM_INFO ../tb/wr_agent/async_fifo_wr_driver.sv(40) @ 2580000: uvm_test_top.env.wr_agt.driver [ASYNC_FIFO_WR_DRV] WR Drive item: wr_en=1 wr_data=0x7e46096a9bd562ac
UVM_INFO ../tb/env/async_fifo_scoreboard.sv(49) @ 2586001: uvm_test_top.env.scb [ASYNC_FIFO_SCB] Model Push: 0x7e46096a9bd562ac depth=3
UVM_INFO ../tb/rd_agent/async_fifo_rd_monitor.sv(69) @ 2590001: uvm_test_top.env.rd_agt.monitor [ASYNC_FIFO_RD_MON] RD accepted item: rd_data=0x58059c2a321d3303
UVM_INFO ../tb/wr_agent/async_fifo_wr_driver.sv(40) @ 2592000: uvm_test_top.env.wr_agt.driver [ASYNC_FIFO_WR_DRV] WR Drive item: wr_en=1 wr_data=0x8d7266d722498dac
UVM_INFO ../tb/env/async_fifo_scoreboard.sv(49) @ 2598001: uvm_test_top.env.scb [ASYNC_FIFO_SCB] Model Push: 0x8d7266d722498dac depth=3
UVM_INFO ../tb/rd_agent/async_fifo_rd_driver.sv(38) @ 2604000: uvm_test_top.env.rd_agt.driver [ASYNC_FIFO_RD_DRV] RD Drive item: rd_en=0
UVM_INFO ../tb/wr_agent/async_fifo_wr_driver.sv(40) @ 2604000: uvm_test_top.env.wr_agt.driver [ASYNC_FIFO_WR_DRV] WR Drive item: wr_en=1 wr_data=0x1590e1ecab222c34
UVM_INFO ../tb/env/async_fifo_scoreboard.sv(55) @ 2610001: uvm_test_top.env.scb [ASYNC_FIFO_SCB] Write ignored because write side was full before edge
UVM_INFO ../tb/wr_agent/async_fifo_wr_driver.sv(40) @ 2616000: uvm_test_top.env.wr_agt.driver [ASYNC_FIFO_WR_DRV] WR Drive item: wr_en=1 wr_data=0x27f5491345a53b91
UVM_INFO ../tb/env/async_fifo_scoreboard.sv(55) @ 2622001: uvm_test_top.env.scb [ASYNC_FIFO_SCB] Write ignored because write side was full before edge
UVM_INFO ../tb/wr_agent/async_fifo_wr_driver.sv(40) @ 2628000: uvm_test_top.env.wr_agt.driver [ASYNC_FIFO_WR_DRV] WR Drive item: wr_en=0 wr_data=0x6e1b7f4b9efe2cc8
UVM_INFO ../tb/rd_agent/async_fifo_rd_driver.sv(38) @ 2632000: uvm_test_top.env.rd_agt.driver [ASYNC_FIFO_RD_DRV] RD Drive item: rd_en=1
UVM_INFO ../tb/wr_agent/async_fifo_wr_driver.sv(40) @ 2640000: uvm_test_top.env.wr_agt.driver [ASYNC_FIFO_WR_DRV] WR Drive item: wr_en=1 wr_data=0xc07539e80fd7f0b1
UVM_INFO ../tb/rd_agent/async_fifo_rd_monitor.sv(69) @ 2646001: uvm_test_top.env.rd_agt.monitor [ASYNC_FIFO_RD_MON] RD accepted item: rd_data=0xde19e64e83962317
UVM_INFO ../tb/env/async_fifo_scoreboard.sv(49) @ 2646001: uvm_test_top.env.scb [ASYNC_FIFO_SCB] Model Push: 0xc07539e80fd7f0b1 depth=3
UVM_INFO ../tb/wr_agent/async_fifo_wr_driver.sv(40) @ 2652000: uvm_test_top.env.wr_agt.driver [ASYNC_FIFO_WR_DRV] WR Drive item: wr_en=1 wr_data=0x4316a72db15c0aec
UVM_INFO ../tb/env/async_fifo_scoreboard.sv(55) @ 2658001: uvm_test_top.env.scb [ASYNC_FIFO_SCB] Write ignored because write side was full before edge
UVM_INFO ../tb/rd_agent/async_fifo_rd_driver.sv(38) @ 2660000: uvm_test_top.env.rd_agt.driver [ASYNC_FIFO_RD_DRV] RD Drive item: rd_en=1
UVM_INFO ../tb/wr_agent/async_fifo_wr_driver.sv(40) @ 2664000: uvm_test_top.env.wr_agt.driver [ASYNC_FIFO_WR_DRV] WR Drive item: wr_en=1 wr_data=0xdb9a8a433dcf74e5
UVM_INFO ../tb/env/async_fifo_scoreboard.sv(55) @ 2670001: uvm_test_top.env.scb [ASYNC_FIFO_SCB] Write ignored because write side was full before edge
UVM_INFO ../tb/rd_agent/async_fifo_rd_monitor.sv(69) @ 2674001: uvm_test_top.env.rd_agt.monitor [ASYNC_FIFO_RD_MON] RD accepted item: rd_data=0x7e46096a9bd562ac
UVM_INFO ../tb/wr_agent/async_fifo_wr_driver.sv(40) @ 2676000: uvm_test_top.env.wr_agt.driver [ASYNC_FIFO_WR_DRV] WR Drive item: wr_en=0 wr_data=0x1694164f26911c57
UVM_INFO ../tb/rd_agent/async_fifo_rd_driver.sv(38) @ 2688000: uvm_test_top.env.rd_agt.driver [ASYNC_FIFO_RD_DRV] RD Drive item: rd_en=0
UVM_INFO ../tb/wr_agent/async_fifo_wr_driver.sv(40) @ 2688000: uvm_test_top.env.wr_agt.driver [ASYNC_FIFO_WR_DRV] WR Drive item: wr_en=1 wr_data=0xaede67ef26e3b6e1
UVM_INFO ../tb/env/async_fifo_scoreboard.sv(49) @ 2694001: uvm_test_top.env.scb [ASYNC_FIFO_SCB] Model Push: 0xaede67ef26e3b6e1 depth=3
UVM_INFO ../tb/wr_agent/async_fifo_wr_driver.sv(40) @ 2700000: uvm_test_top.env.wr_agt.driver [ASYNC_FIFO_WR_DRV] WR Drive item: wr_en=1 wr_data=0xbaf13bfc2395f14b
UVM_INFO ../tb/env/async_fifo_scoreboard.sv(55) @ 2706001: uvm_test_top.env.scb [ASYNC_FIFO_SCB] Write ignored because write side was full before edge
UVM_INFO ../tb/wr_agent/async_fifo_wr_driver.sv(40) @ 2712000: uvm_test_top.env.wr_agt.driver [ASYNC_FIFO_WR_DRV] WR Drive item: wr_en=1 wr_data=0x820a2172cfb702fc
UVM_INFO ../tb/rd_agent/async_fifo_rd_driver.sv(38) @ 2716000: uvm_test_top.env.rd_agt.driver [ASYNC_FIFO_RD_DRV] RD Drive item: rd_en=1
UVM_INFO ../tb/env/async_fifo_scoreboard.sv(49) @ 2718001: uvm_test_top.env.scb [ASYNC_FIFO_SCB] Model Push: 0x820a2172cfb702fc depth=4
UVM_INFO ../tb/wr_agent/async_fifo_wr_driver.sv(40) @ 2724000: uvm_test_top.env.wr_agt.driver [ASYNC_FIFO_WR_DRV] WR Drive item: wr_en=1 wr_data=0xd32c2a1b4ee90c74
UVM_INFO ../tb/rd_agent/async_fifo_rd_monitor.sv(69) @ 2730001: uvm_test_top.env.rd_agt.monitor [ASYNC_FIFO_RD_MON] RD accepted item: rd_data=0x8d7266d722498dac
UVM_INFO ../tb/env/async_fifo_scoreboard.sv(55) @ 2730001: uvm_test_top.env.scb [ASYNC_FIFO_SCB] Write ignored because write side was full before edge
UVM_INFO ../tb/wr_agent/async_fifo_wr_driver.sv(40) @ 2736000: uvm_test_top.env.wr_agt.driver [ASYNC_FIFO_WR_DRV] WR Drive item: wr_en=1 wr_data=0x4026a6cdbae789ce
UVM_INFO ../tb/env/async_fifo_scoreboard.sv(55) @ 2742001: uvm_test_top.env.scb [ASYNC_FIFO_SCB] Write ignored because write side was full before edge
UVM_INFO ../tb/rd_agent/async_fifo_rd_driver.sv(38) @ 2744000: uvm_test_top.env.rd_agt.driver [ASYNC_FIFO_RD_DRV] RD Drive item: rd_en=0
UVM_INFO ../tb/wr_agent/async_fifo_wr_driver.sv(40) @ 2748000: uvm_test_top.env.wr_agt.driver [ASYNC_FIFO_WR_DRV] WR Drive item: wr_en=0 wr_data=0xccb1c8d0052a9faa
UVM_INFO ../tb/wr_agent/async_fifo_wr_driver.sv(40) @ 2760000: uvm_test_top.env.wr_agt.driver [ASYNC_FIFO_WR_DRV] WR Drive item: wr_en=0 wr_data=0x61245d001525578b
UVM_INFO ../tb/rd_agent/async_fifo_rd_driver.sv(38) @ 2772000: uvm_test_top.env.rd_agt.driver [ASYNC_FIFO_RD_DRV] RD Drive item: rd_en=0
UVM_INFO ../tb/wr_agent/async_fifo_wr_driver.sv(40) @ 2772000: uvm_test_top.env.wr_agt.driver [ASYNC_FIFO_WR_DRV] WR Drive item: wr_en=0 wr_data=0xb1f9ada7aa4015b
UVM_INFO ../tb/wr_agent/async_fifo_wr_driver.sv(40) @ 2784000: uvm_test_top.env.wr_agt.driver [ASYNC_FIFO_WR_DRV] WR Drive item: wr_en=0 wr_data=0xb4ee0f360c15ee7f
UVM_INFO ../tb/wr_agent/async_fifo_wr_driver.sv(40) @ 2796000: uvm_test_top.env.wr_agt.driver [ASYNC_FIFO_WR_DRV] WR Drive item: wr_en=0 wr_data=0x85dc1688a57cb0da
UVM_INFO ../tb/rd_agent/async_fifo_rd_driver.sv(38) @ 2800000: uvm_test_top.env.rd_agt.driver [ASYNC_FIFO_RD_DRV] RD Drive item: rd_en=1
UVM_INFO ../tb/wr_agent/async_fifo_wr_driver.sv(40) @ 2808000: uvm_test_top.env.wr_agt.driver [ASYNC_FIFO_WR_DRV] WR Drive item: wr_en=1 wr_data=0x3e082c534a568d34
UVM_INFO ../tb/rd_agent/async_fifo_rd_monitor.sv(69) @ 2814001: uvm_test_top.env.rd_agt.monitor [ASYNC_FIFO_RD_MON] RD accepted item: rd_data=0xc07539e80fd7f0b1
UVM_INFO ../tb/env/async_fifo_scoreboard.sv(49) @ 2814001: uvm_test_top.env.scb [ASYNC_FIFO_SCB] Model Push: 0x3e082c534a568d34 depth=3
UVM_INFO ../tb/wr_agent/async_fifo_wr_driver.sv(40) @ 2820000: uvm_test_top.env.wr_agt.driver [ASYNC_FIFO_WR_DRV] WR Drive item: wr_en=1 wr_data=0x76c533db4e2b8e7b
UVM_INFO ../tb/env/async_fifo_scoreboard.sv(55) @ 2826001: uvm_test_top.env.scb [ASYNC_FIFO_SCB] Write ignored because write side was full before edge
UVM_INFO ../tb/rd_agent/async_fifo_rd_driver.sv(38) @ 2828000: uvm_test_top.env.rd_agt.driver [ASYNC_FIFO_RD_DRV] RD Drive item: rd_en=0
UVM_INFO ../tb/wr_agent/async_fifo_wr_driver.sv(40) @ 2832000: uvm_test_top.env.wr_agt.driver [ASYNC_FIFO_WR_DRV] WR Drive item: wr_en=0 wr_data=0x52e06e59117ddc8f
UVM_INFO ../tb/wr_agent/async_fifo_wr_driver.sv(40) @ 2844000: uvm_test_top.env.wr_agt.driver [ASYNC_FIFO_WR_DRV] WR Drive item: wr_en=0 wr_data=0x8748ad2ee4fc18b2
UVM_INFO ../tb/rd_agent/async_fifo_rd_driver.sv(38) @ 2856000: uvm_test_top.env.rd_agt.driver [ASYNC_FIFO_RD_DRV] RD Drive item: rd_en=0
UVM_INFO ../tb/wr_agent/async_fifo_wr_driver.sv(40) @ 2856000: uvm_test_top.env.wr_agt.driver [ASYNC_FIFO_WR_DRV] WR Drive item: wr_en=1 wr_data=0x5a5c7bc142011d7f
UVM_INFO ../tb/env/async_fifo_scoreboard.sv(49) @ 2862001: uvm_test_top.env.scb [ASYNC_FIFO_SCB] Model Push: 0x5a5c7bc142011d7f depth=4
UVM_INFO ../tb/wr_agent/async_fifo_wr_driver.sv(40) @ 2868000: uvm_test_top.env.wr_agt.driver [ASYNC_FIFO_WR_DRV] WR Drive item: wr_en=1 wr_data=0x4e4970fb0e4ce152
UVM_INFO ../tb/env/async_fifo_scoreboard.sv(55) @ 2874001: uvm_test_top.env.scb [ASYNC_FIFO_SCB] Write ignored because write side was full before edge
UVM_INFO ../tb/wr_agent/async_fifo_wr_driver.sv(40) @ 2880000: uvm_test_top.env.wr_agt.driver [ASYNC_FIFO_WR_DRV] WR Drive item: wr_en=1 wr_data=0xa386f92f59ae4135
UVM_INFO ../tb/rd_agent/async_fifo_rd_driver.sv(38) @ 2884000: uvm_test_top.env.rd_agt.driver [ASYNC_FIFO_RD_DRV] RD Drive item: rd_en=0
UVM_INFO ../tb/env/async_fifo_scoreboard.sv(55) @ 2886001: uvm_test_top.env.scb [ASYNC_FIFO_SCB] Write ignored because write side was full before edge
UVM_INFO ../tb/wr_agent/async_fifo_wr_driver.sv(40) @ 2892000: uvm_test_top.env.wr_agt.driver [ASYNC_FIFO_WR_DRV] WR Drive item: wr_en=0 wr_data=0x60f290bbf9604597
UVM_INFO ../tb/wr_agent/async_fifo_wr_driver.sv(40) @ 2904000: uvm_test_top.env.wr_agt.driver [ASYNC_FIFO_WR_DRV] WR Drive item: wr_en=0 wr_data=0xaaaf464ce0092791
UVM_INFO ../tb/rd_agent/async_fifo_rd_driver.sv(38) @ 2912000: uvm_test_top.env.rd_agt.driver [ASYNC_FIFO_RD_DRV] RD Drive item: rd_en=0
UVM_INFO ../tb/wr_agent/async_fifo_wr_driver.sv(40) @ 2916000: uvm_test_top.env.wr_agt.driver [ASYNC_FIFO_WR_DRV] WR Drive item: wr_en=1 wr_data=0x58de2d9fd671822c
UVM_INFO ../tb/env/async_fifo_scoreboard.sv(55) @ 2922001: uvm_test_top.env.scb [ASYNC_FIFO_SCB] Write ignored because write side was full before edge
UVM_INFO ../tb/wr_agent/async_fifo_wr_driver.sv(40) @ 2928000: uvm_test_top.env.wr_agt.driver [ASYNC_FIFO_WR_DRV] WR Drive item: wr_en=0 wr_data=0xf084c3eb5de1753e
UVM_INFO ../tb/rd_agent/async_fifo_rd_driver.sv(38) @ 2940000: uvm_test_top.env.rd_agt.driver [ASYNC_FIFO_RD_DRV] RD Drive item: rd_en=1
UVM_INFO ../tb/wr_agent/async_fifo_wr_driver.sv(40) @ 2940000: uvm_test_top.env.wr_agt.driver [ASYNC_FIFO_WR_DRV] WR Drive item: wr_en=0 wr_data=0x0
UVM_INFO ../tb/wr_agent/async_fifo_wr_driver.sv(40) @ 2952000: uvm_test_top.env.wr_agt.driver [ASYNC_FIFO_WR_DRV] WR Drive item: wr_en=0 wr_data=0x0
UVM_INFO ../tb/rd_agent/async_fifo_rd_monitor.sv(69) @ 2954001: uvm_test_top.env.rd_agt.monitor [ASYNC_FIFO_RD_MON] RD accepted item: rd_data=0xaede67ef26e3b6e1
UVM_INFO ../tb/wr_agent/async_fifo_wr_driver.sv(40) @ 2964000: uvm_test_top.env.wr_agt.driver [ASYNC_FIFO_WR_DRV] WR Drive item: wr_en=0 wr_data=0x0
UVM_INFO ../tb/rd_agent/async_fifo_rd_driver.sv(38) @ 2968000: uvm_test_top.env.rd_agt.driver [ASYNC_FIFO_RD_DRV] RD Drive item: rd_en=0
UVM_INFO ../tb/wr_agent/async_fifo_wr_driver.sv(40) @ 2976000: uvm_test_top.env.wr_agt.driver [ASYNC_FIFO_WR_DRV] WR Drive item: wr_en=0 wr_data=0x0
UVM_INFO ../tb/wr_agent/async_fifo_wr_driver.sv(40) @ 2988000: uvm_test_top.env.wr_agt.driver [ASYNC_FIFO_WR_DRV] WR Drive item: wr_en=0 wr_data=0x0
UVM_INFO ../tb/rd_agent/async_fifo_rd_driver.sv(38) @ 2996000: uvm_test_top.env.rd_agt.driver [ASYNC_FIFO_RD_DRV] RD Drive item: rd_en=0
UVM_INFO ../tb/wr_agent/async_fifo_wr_driver.sv(40) @ 3000000: uvm_test_top.env.wr_agt.driver [ASYNC_FIFO_WR_DRV] WR Drive item: wr_en=0 wr_data=0x0
UVM_INFO ../tb/wr_agent/async_fifo_wr_driver.sv(40) @ 3012000: uvm_test_top.env.wr_agt.driver [ASYNC_FIFO_WR_DRV] WR Drive item: wr_en=0 wr_data=0x0
UVM_INFO ../tb/rd_agent/async_fifo_rd_driver.sv(38) @ 3024000: uvm_test_top.env.rd_agt.driver [ASYNC_FIFO_RD_DRV] RD Drive item: rd_en=0
UVM_INFO ../tb/wr_agent/async_fifo_wr_driver.sv(40) @ 3024000: uvm_test_top.env.wr_agt.driver [ASYNC_FIFO_WR_DRV] WR Drive item: wr_en=0 wr_data=0x0
UVM_INFO ../tb/wr_agent/async_fifo_wr_driver.sv(40) @ 3036000: uvm_test_top.env.wr_agt.driver [ASYNC_FIFO_WR_DRV] WR Drive item: wr_en=0 wr_data=0x0
UVM_INFO ../tb/wr_agent/async_fifo_wr_driver.sv(40) @ 3048000: uvm_test_top.env.wr_agt.driver [ASYNC_FIFO_WR_DRV] WR Drive item: wr_en=0 wr_data=0x0
UVM_INFO ../tb/rd_agent/async_fifo_rd_driver.sv(38) @ 3052000: uvm_test_top.env.rd_agt.driver [ASYNC_FIFO_RD_DRV] RD Drive item: rd_en=1
UVM_INFO ../tb/wr_agent/async_fifo_wr_driver.sv(40) @ 3060000: uvm_test_top.env.wr_agt.driver [ASYNC_FIFO_WR_DRV] WR Drive item: wr_en=0 wr_data=0x0
UVM_INFO ../tb/rd_agent/async_fifo_rd_monitor.sv(69) @ 3066001: uvm_test_top.env.rd_agt.monitor [ASYNC_FIFO_RD_MON] RD accepted item: rd_data=0x820a2172cfb702fc
UVM_INFO ../tb/wr_agent/async_fifo_wr_driver.sv(40) @ 3072000: uvm_test_top.env.wr_agt.driver [ASYNC_FIFO_WR_DRV] WR Drive item: wr_en=0 wr_data=0x0
UVM_INFO ../tb/rd_agent/async_fifo_rd_driver.sv(38) @ 3080000: uvm_test_top.env.rd_agt.driver [ASYNC_FIFO_RD_DRV] RD Drive item: rd_en=1
UVM_INFO ../tb/wr_agent/async_fifo_wr_driver.sv(40) @ 3084000: uvm_test_top.env.wr_agt.driver [ASYNC_FIFO_WR_DRV] WR Drive item: wr_en=1 wr_data=0x23b8a31a
UVM_INFO ../tb/env/async_fifo_scoreboard.sv(49) @ 3090001: uvm_test_top.env.scb [ASYNC_FIFO_SCB] Model Push: 0x23b8a31a depth=3
UVM_INFO ../tb/rd_agent/async_fifo_rd_monitor.sv(69) @ 3094001: uvm_test_top.env.rd_agt.monitor [ASYNC_FIFO_RD_MON] RD accepted item: rd_data=0x3e082c534a568d34
UVM_INFO ../tb/wr_agent/async_fifo_wr_driver.sv(40) @ 3096000: uvm_test_top.env.wr_agt.driver [ASYNC_FIFO_WR_DRV] WR Drive item: wr_en=1 wr_data=0x2d8a0ff0
UVM_INFO ../tb/env/async_fifo_scoreboard.sv(55) @ 3102001: uvm_test_top.env.scb [ASYNC_FIFO_SCB] Write ignored because write side was full before edge
UVM_INFO ../tb/rd_agent/async_fifo_rd_driver.sv(38) @ 3108000: uvm_test_top.env.rd_agt.driver [ASYNC_FIFO_RD_DRV] RD Drive item: rd_en=1
UVM_INFO ../tb/wr_agent/async_fifo_wr_driver.sv(40) @ 3108000: uvm_test_top.env.wr_agt.driver [ASYNC_FIFO_WR_DRV] WR Drive item: wr_en=1 wr_data=0x8d88ca71
UVM_INFO ../tb/env/async_fifo_scoreboard.sv(49) @ 3114001: uvm_test_top.env.scb [ASYNC_FIFO_SCB] Model Push: 0x8d88ca71 depth=3
UVM_INFO ../tb/wr_agent/async_fifo_wr_driver.sv(40) @ 3120000: uvm_test_top.env.wr_agt.driver [ASYNC_FIFO_WR_DRV] WR Drive item: wr_en=1 wr_data=0x4d53460a
UVM_INFO ../tb/rd_agent/async_fifo_rd_monitor.sv(69) @ 3122001: uvm_test_top.env.rd_agt.monitor [ASYNC_FIFO_RD_MON] RD accepted item: rd_data=0x5a5c7bc142011d7f
UVM_INFO ../tb/env/async_fifo_scoreboard.sv(55) @ 3126001: uvm_test_top.env.scb [ASYNC_FIFO_SCB] Write ignored because write side was full before edge
UVM_INFO ../tb/wr_agent/async_fifo_wr_driver.sv(40) @ 3132000: uvm_test_top.env.wr_agt.driver [ASYNC_FIFO_WR_DRV] WR Drive item: wr_en=1 wr_data=0x6be75b23
UVM_INFO ../tb/rd_agent/async_fifo_rd_driver.sv(38) @ 3136000: uvm_test_top.env.rd_agt.driver [ASYNC_FIFO_RD_DRV] RD Drive item: rd_en=1
UVM_INFO ../tb/env/async_fifo_scoreboard.sv(49) @ 3138001: uvm_test_top.env.scb [ASYNC_FIFO_SCB] Model Push: 0x6be75b23 depth=3
UVM_INFO ../tb/wr_agent/async_fifo_wr_driver.sv(40) @ 3144000: uvm_test_top.env.wr_agt.driver [ASYNC_FIFO_WR_DRV] WR Drive item: wr_en=1 wr_data=0x19c339f7
UVM_INFO ../tb/env/async_fifo_scoreboard.sv(55) @ 3150001: uvm_test_top.env.scb [ASYNC_FIFO_SCB] Write ignored because write side was full before edge
UVM_INFO ../tb/wr_agent/async_fifo_wr_driver.sv(40) @ 3156000: uvm_test_top.env.wr_agt.driver [ASYNC_FIFO_WR_DRV] WR Drive item: wr_en=1 wr_data=0xf5ba74c0
UVM_INFO ../tb/env/async_fifo_scoreboard.sv(49) @ 3162001: uvm_test_top.env.scb [ASYNC_FIFO_SCB] Model Push: 0xf5ba74c0 depth=4
UVM_INFO ../tb/rd_agent/async_fifo_rd_driver.sv(38) @ 3164000: uvm_test_top.env.rd_agt.driver [ASYNC_FIFO_RD_DRV] RD Drive item: rd_en=1
UVM_INFO ../tb/wr_agent/async_fifo_wr_driver.sv(40) @ 3168000: uvm_test_top.env.wr_agt.driver [ASYNC_FIFO_WR_DRV] WR Drive item: wr_en=1 wr_data=0xf0ee74b2
UVM_INFO ../tb/env/async_fifo_scoreboard.sv(55) @ 3174001: uvm_test_top.env.scb [ASYNC_FIFO_SCB] Write ignored because write side was full before edge
UVM_INFO ../tb/rd_agent/async_fifo_rd_monitor.sv(69) @ 3178001: uvm_test_top.env.rd_agt.monitor [ASYNC_FIFO_RD_MON] RD accepted item: rd_data=0x23b8a31a
UVM_INFO ../tb/wr_agent/async_fifo_wr_driver.sv(40) @ 3180000: uvm_test_top.env.wr_agt.driver [ASYNC_FIFO_WR_DRV] WR Drive item: wr_en=1 wr_data=0xcb7d41be
UVM_INFO ../tb/env/async_fifo_scoreboard.sv(55) @ 3186001: uvm_test_top.env.scb [ASYNC_FIFO_SCB] Write ignored because write side was full before edge
UVM_INFO ../tb/rd_agent/async_fifo_rd_driver.sv(38) @ 3192000: uvm_test_top.env.rd_agt.driver [ASYNC_FIFO_RD_DRV] RD Drive item: rd_en=1
UVM_INFO ../tb/wr_agent/async_fifo_wr_driver.sv(40) @ 3192000: uvm_test_top.env.wr_agt.driver [ASYNC_FIFO_WR_DRV] WR Drive item: wr_en=1 wr_data=0x2aa22fcf
UVM_INFO ../tb/env/async_fifo_scoreboard.sv(55) @ 3198001: uvm_test_top.env.scb [ASYNC_FIFO_SCB] Write ignored because write side was full before edge
UVM_INFO ../tb/wr_agent/async_fifo_wr_driver.sv(40) @ 3204000: uvm_test_top.env.wr_agt.driver [ASYNC_FIFO_WR_DRV] WR Drive item: wr_en=1 wr_data=0xa9d231c3
UVM_INFO ../tb/rd_agent/async_fifo_rd_monitor.sv(69) @ 3206001: uvm_test_top.env.rd_agt.monitor [ASYNC_FIFO_RD_MON] RD accepted item: rd_data=0x8d88ca71
UVM_INFO ../tb/env/async_fifo_scoreboard.sv(55) @ 3210001: uvm_test_top.env.scb [ASYNC_FIFO_SCB] Write ignored because write side was full before edge
UVM_INFO ../tb/wr_agent/async_fifo_wr_driver.sv(40) @ 3216000: uvm_test_top.env.wr_agt.driver [ASYNC_FIFO_WR_DRV] WR Drive item: wr_en=1 wr_data=0x6a7413ef
UVM_INFO ../tb/rd_agent/async_fifo_rd_driver.sv(38) @ 3220000: uvm_test_top.env.rd_agt.driver [ASYNC_FIFO_RD_DRV] RD Drive item: rd_en=1
UVM_INFO ../tb/env/async_fifo_scoreboard.sv(49) @ 3222001: uvm_test_top.env.scb [ASYNC_FIFO_SCB] Model Push: 0x6a7413ef depth=3
UVM_INFO ../tb/wr_agent/async_fifo_wr_driver.sv(40) @ 3228000: uvm_test_top.env.wr_agt.driver [ASYNC_FIFO_WR_DRV] WR Drive item: wr_en=1 wr_data=0xa66971e8
UVM_INFO ../tb/rd_agent/async_fifo_rd_monitor.sv(69) @ 3234001: uvm_test_top.env.rd_agt.monitor [ASYNC_FIFO_RD_MON] RD accepted item: rd_data=0x6be75b23
UVM_INFO ../tb/env/async_fifo_scoreboard.sv(55) @ 3234001: uvm_test_top.env.scb [ASYNC_FIFO_SCB] Write ignored because write side was full before edge
UVM_INFO ../tb/wr_agent/async_fifo_wr_driver.sv(40) @ 3240000: uvm_test_top.env.wr_agt.driver [ASYNC_FIFO_WR_DRV] WR Drive item: wr_en=1 wr_data=0x9dbc07c4
UVM_INFO ../tb/env/async_fifo_scoreboard.sv(49) @ 3246001: uvm_test_top.env.scb [ASYNC_FIFO_SCB] Model Push: 0x9dbc07c4 depth=3
UVM_INFO ../tb/rd_agent/async_fifo_rd_driver.sv(38) @ 3248000: uvm_test_top.env.rd_agt.driver [ASYNC_FIFO_RD_DRV] RD Drive item: rd_en=1
UVM_INFO ../tb/wr_agent/async_fifo_wr_driver.sv(40) @ 3252000: uvm_test_top.env.wr_agt.driver [ASYNC_FIFO_WR_DRV] WR Drive item: wr_en=1 wr_data=0xf803c8ce
UVM_INFO ../tb/env/async_fifo_scoreboard.sv(55) @ 3258001: uvm_test_top.env.scb [ASYNC_FIFO_SCB] Write ignored because write side was full before edge
UVM_INFO ../tb/rd_agent/async_fifo_rd_monitor.sv(69) @ 3262001: uvm_test_top.env.rd_agt.monitor [ASYNC_FIFO_RD_MON] RD accepted item: rd_data=0xf5ba74c0
UVM_INFO ../tb/wr_agent/async_fifo_wr_driver.sv(40) @ 3264000: uvm_test_top.env.wr_agt.driver [ASYNC_FIFO_WR_DRV] WR Drive item: wr_en=1 wr_data=0xd13f5038
UVM_INFO ../tb/env/async_fifo_scoreboard.sv(55) @ 3270001: uvm_test_top.env.scb [ASYNC_FIFO_SCB] Write ignored because write side was full before edge
UVM_INFO ../tb/rd_agent/async_fifo_rd_driver.sv(38) @ 3276000: uvm_test_top.env.rd_agt.driver [ASYNC_FIFO_RD_DRV] RD Drive item: rd_en=1
UVM_INFO ../tb/wr_agent/async_fifo_wr_driver.sv(40) @ 3276000: uvm_test_top.env.wr_agt.driver [ASYNC_FIFO_WR_DRV] WR Drive item: wr_en=1 wr_data=0x3910ea48
UVM_INFO ../tb/env/async_fifo_scoreboard.sv(49) @ 3282001: uvm_test_top.env.scb [ASYNC_FIFO_SCB] Model Push: 0x3910ea48 depth=3
UVM_INFO ../tb/wr_agent/async_fifo_wr_driver.sv(40) @ 3288000: uvm_test_top.env.wr_agt.driver [ASYNC_FIFO_WR_DRV] WR Drive item: wr_en=1 wr_data=0x49503532
UVM_INFO ../tb/env/async_fifo_scoreboard.sv(55) @ 3294001: uvm_test_top.env.scb [ASYNC_FIFO_SCB] Write ignored because write side was full before edge
UVM_INFO ../tb/wr_agent/async_fifo_wr_driver.sv(40) @ 3300000: uvm_test_top.env.wr_agt.driver [ASYNC_FIFO_WR_DRV] WR Drive item: wr_en=1 wr_data=0x584903c7
UVM_INFO ../tb/rd_agent/async_fifo_rd_driver.sv(38) @ 3304000: uvm_test_top.env.rd_agt.driver [ASYNC_FIFO_RD_DRV] RD Drive item: rd_en=1
UVM_INFO ../tb/env/async_fifo_scoreboard.sv(49) @ 3306001: uvm_test_top.env.scb [ASYNC_FIFO_SCB] Model Push: 0x584903c7 depth=4
UVM_INFO ../tb/wr_agent/async_fifo_wr_driver.sv(40) @ 3312000: uvm_test_top.env.wr_agt.driver [ASYNC_FIFO_WR_DRV] WR Drive item: wr_en=1 wr_data=0x643c9424
UVM_INFO ../tb/rd_agent/async_fifo_rd_monitor.sv(69) @ 3318001: uvm_test_top.env.rd_agt.monitor [ASYNC_FIFO_RD_MON] RD accepted item: rd_data=0x6a7413ef
UVM_INFO ../tb/env/async_fifo_scoreboard.sv(55) @ 3318001: uvm_test_top.env.scb [ASYNC_FIFO_SCB] Write ignored because write side was full before edge
UVM_INFO ../tb/env/async_fifo_scoreboard.sv(55) @ 3330001: uvm_test_top.env.scb [ASYNC_FIFO_SCB] Write ignored because write side was full before edge
UVM_INFO ../tb/rd_agent/async_fifo_rd_driver.sv(38) @ 3332000: uvm_test_top.env.rd_agt.driver [ASYNC_FIFO_RD_DRV] RD Drive item: rd_en=1
UVM_INFO ../tb/env/async_fifo_scoreboard.sv(55) @ 3342001: uvm_test_top.env.scb [ASYNC_FIFO_SCB] Write ignored because write side was full before edge
UVM_INFO ../tb/rd_agent/async_fifo_rd_monitor.sv(69) @ 3346001: uvm_test_top.env.rd_agt.monitor [ASYNC_FIFO_RD_MON] RD accepted item: rd_data=0x9dbc07c4
UVM_INFO ../tb/env/async_fifo_scoreboard.sv(55) @ 3354001: uvm_test_top.env.scb [ASYNC_FIFO_SCB] Write ignored because write side was full before edge
UVM_INFO ../tb/rd_agent/async_fifo_rd_driver.sv(38) @ 3360000: uvm_test_top.env.rd_agt.driver [ASYNC_FIFO_RD_DRV] RD Drive item: rd_en=1
UVM_INFO ../tb/env/async_fifo_scoreboard.sv(49) @ 3366001: uvm_test_top.env.scb [ASYNC_FIFO_SCB] Model Push: 0x643c9424 depth=3
UVM_INFO ../tb/rd_agent/async_fifo_rd_monitor.sv(69) @ 3374001: uvm_test_top.env.rd_agt.monitor [ASYNC_FIFO_RD_MON] RD accepted item: rd_data=0x3910ea48
UVM_INFO ../tb/env/async_fifo_scoreboard.sv(55) @ 3378001: uvm_test_top.env.scb [ASYNC_FIFO_SCB] Write ignored because write side was full before edge
UVM_INFO ../tb/rd_agent/async_fifo_rd_driver.sv(38) @ 3388000: uvm_test_top.env.rd_agt.driver [ASYNC_FIFO_RD_DRV] RD Drive item: rd_en=1
UVM_INFO ../tb/env/async_fifo_scoreboard.sv(49) @ 3390001: uvm_test_top.env.scb [ASYNC_FIFO_SCB] Model Push: 0x643c9424 depth=3
UVM_INFO ../tb/rd_agent/async_fifo_rd_monitor.sv(69) @ 3402001: uvm_test_top.env.rd_agt.monitor [ASYNC_FIFO_RD_MON] RD accepted item: rd_data=0x584903c7
UVM_INFO ../tb/env/async_fifo_scoreboard.sv(55) @ 3402001: uvm_test_top.env.scb [ASYNC_FIFO_SCB] Write ignored because write side was full before edge
UVM_INFO ../tb/env/async_fifo_scoreboard.sv(49) @ 3414001: uvm_test_top.env.scb [ASYNC_FIFO_SCB] Model Push: 0x643c9424 depth=3
UVM_INFO ../tb/rd_agent/async_fifo_rd_driver.sv(38) @ 3416000: uvm_test_top.env.rd_agt.driver [ASYNC_FIFO_RD_DRV] RD Drive item: rd_en=1
UVM_INFO ../tb/env/async_fifo_scoreboard.sv(55) @ 3426001: uvm_test_top.env.scb [ASYNC_FIFO_SCB] Write ignored because write side was full before edge
UVM_INFO ../tb/env/async_fifo_scoreboard.sv(55) @ 3438001: uvm_test_top.env.scb [ASYNC_FIFO_SCB] Write ignored because write side was full before edge
UVM_INFO ../tb/rd_agent/async_fifo_rd_driver.sv(38) @ 3444000: uvm_test_top.env.rd_agt.driver [ASYNC_FIFO_RD_DRV] RD Drive item: rd_en=1
UVM_INFO ../tb/env/async_fifo_scoreboard.sv(49) @ 3450001: uvm_test_top.env.scb [ASYNC_FIFO_SCB] Model Push: 0x643c9424 depth=4
UVM_INFO ../tb/rd_agent/async_fifo_rd_monitor.sv(69) @ 3458001: uvm_test_top.env.rd_agt.monitor [ASYNC_FIFO_RD_MON] RD accepted item: rd_data=0x643c9424
UVM_INFO ../tb/env/async_fifo_scoreboard.sv(55) @ 3462001: uvm_test_top.env.scb [ASYNC_FIFO_SCB] Write ignored because write side was full before edge
UVM_INFO ../tb/rd_agent/async_fifo_rd_driver.sv(38) @ 3472000: uvm_test_top.env.rd_agt.driver [ASYNC_FIFO_RD_DRV] RD Drive item: rd_en=1
UVM_INFO ../tb/env/async_fifo_scoreboard.sv(55) @ 3474001: uvm_test_top.env.scb [ASYNC_FIFO_SCB] Write ignored because write side was full before edge
UVM_INFO ../tb/rd_agent/async_fifo_rd_monitor.sv(69) @ 3486001: uvm_test_top.env.rd_agt.monitor [ASYNC_FIFO_RD_MON] RD accepted item: rd_data=0x643c9424
UVM_INFO ../tb/env/async_fifo_scoreboard.sv(55) @ 3486001: uvm_test_top.env.scb [ASYNC_FIFO_SCB] Write ignored because write side was full before edge
UVM_INFO ../tb/env/async_fifo_scoreboard.sv(49) @ 3498001: uvm_test_top.env.scb [ASYNC_FIFO_SCB] Model Push: 0x643c9424 depth=3
UVM_INFO ../tb/rd_agent/async_fifo_rd_driver.sv(38) @ 3500000: uvm_test_top.env.rd_agt.driver [ASYNC_FIFO_RD_DRV] RD Drive item: rd_en=1
UVM_INFO ../tb/env/async_fifo_scoreboard.sv(55) @ 3510001: uvm_test_top.env.scb [ASYNC_FIFO_SCB] Write ignored because write side was full before edge
UVM_INFO ../tb/rd_agent/async_fifo_rd_monitor.sv(69) @ 3514001: uvm_test_top.env.rd_agt.monitor [ASYNC_FIFO_RD_MON] RD accepted item: rd_data=0x643c9424
UVM_INFO ../tb/env/async_fifo_scoreboard.sv(55) @ 3522001: uvm_test_top.env.scb [ASYNC_FIFO_SCB] Write ignored because write side was full before edge
UVM_INFO ../tb/rd_agent/async_fifo_rd_driver.sv(38) @ 3528000: uvm_test_top.env.rd_agt.driver [ASYNC_FIFO_RD_DRV] RD Drive item: rd_en=1
UVM_INFO ../tb/env/async_fifo_scoreboard.sv(49) @ 3534001: uvm_test_top.env.scb [ASYNC_FIFO_SCB] Model Push: 0x643c9424 depth=3
UVM_INFO ../tb/rd_agent/async_fifo_rd_monitor.sv(69) @ 3542001: uvm_test_top.env.rd_agt.monitor [ASYNC_FIFO_RD_MON] RD accepted item: rd_data=0x643c9424
UVM_INFO ../tb/env/async_fifo_scoreboard.sv(55) @ 3546001: uvm_test_top.env.scb [ASYNC_FIFO_SCB] Write ignored because write side was full before edge
UVM_INFO ../tb/rd_agent/async_fifo_rd_driver.sv(38) @ 3556000: uvm_test_top.env.rd_agt.driver [ASYNC_FIFO_RD_DRV] RD Drive item: rd_en=1
UVM_INFO ../tb/env/async_fifo_scoreboard.sv(49) @ 3558001: uvm_test_top.env.scb [ASYNC_FIFO_SCB] Model Push: 0x643c9424 depth=3
UVM_INFO ../tb/env/async_fifo_scoreboard.sv(55) @ 3570001: uvm_test_top.env.scb [ASYNC_FIFO_SCB] Write ignored because write side was full before edge
UVM_INFO ../tb/env/async_fifo_scoreboard.sv(49) @ 3582001: uvm_test_top.env.scb [ASYNC_FIFO_SCB] Model Push: 0x643c9424 depth=4
UVM_INFO ../tb/rd_agent/async_fifo_rd_driver.sv(38) @ 3584000: uvm_test_top.env.rd_agt.driver [ASYNC_FIFO_RD_DRV] RD Drive item: rd_en=1
UVM_INFO ../tb/env/async_fifo_scoreboard.sv(55) @ 3594001: uvm_test_top.env.scb [ASYNC_FIFO_SCB] Write ignored because write side was full before edge
UVM_INFO ../tb/rd_agent/async_fifo_rd_monitor.sv(69) @ 3598001: uvm_test_top.env.rd_agt.monitor [ASYNC_FIFO_RD_MON] RD accepted item: rd_data=0x643c9424
UVM_INFO ../tb/env/async_fifo_scoreboard.sv(55) @ 3606001: uvm_test_top.env.scb [ASYNC_FIFO_SCB] Write ignored because write side was full before edge
UVM_INFO ../tb/rd_agent/async_fifo_rd_driver.sv(38) @ 3612000: uvm_test_top.env.rd_agt.driver [ASYNC_FIFO_RD_DRV] RD Drive item: rd_en=1
UVM_INFO ../tb/env/async_fifo_scoreboard.sv(55) @ 3618001: uvm_test_top.env.scb [ASYNC_FIFO_SCB] Write ignored because write side was full before edge
UVM_INFO ../tb/rd_agent/async_fifo_rd_monitor.sv(69) @ 3626001: uvm_test_top.env.rd_agt.monitor [ASYNC_FIFO_RD_MON] RD accepted item: rd_data=0x643c9424
UVM_INFO ../tb/env/async_fifo_scoreboard.sv(55) @ 3630001: uvm_test_top.env.scb [ASYNC_FIFO_SCB] Write ignored because write side was full before edge
UVM_INFO ../tb/rd_agent/async_fifo_rd_driver.sv(38) @ 3640000: uvm_test_top.env.rd_agt.driver [ASYNC_FIFO_RD_DRV] RD Drive item: rd_en=1
UVM_INFO ../tb/env/async_fifo_scoreboard.sv(49) @ 3642001: uvm_test_top.env.scb [ASYNC_FIFO_SCB] Model Push: 0x643c9424 depth=3
UVM_INFO ../tb/rd_agent/async_fifo_rd_monitor.sv(69) @ 3654001: uvm_test_top.env.rd_agt.monitor [ASYNC_FIFO_RD_MON] RD accepted item: rd_data=0x643c9424
UVM_INFO ../tb/env/async_fifo_scoreboard.sv(55) @ 3654001: uvm_test_top.env.scb [ASYNC_FIFO_SCB] Write ignored because write side was full before edge
UVM_INFO ../tb/env/async_fifo_scoreboard.sv(49) @ 3666001: uvm_test_top.env.scb [ASYNC_FIFO_SCB] Model Push: 0x643c9424 depth=3
UVM_INFO ../tb/rd_agent/async_fifo_rd_driver.sv(38) @ 3668000: uvm_test_top.env.rd_agt.driver [ASYNC_FIFO_RD_DRV] RD Drive item: rd_en=1
UVM_INFO ../tb/env/async_fifo_scoreboard.sv(55) @ 3678001: uvm_test_top.env.scb [ASYNC_FIFO_SCB] Write ignored because write side was full before edge
UVM_INFO ../tb/rd_agent/async_fifo_rd_monitor.sv(69) @ 3682001: uvm_test_top.env.rd_agt.monitor [ASYNC_FIFO_RD_MON] RD accepted item: rd_data=0x643c9424
UVM_INFO ../tb/env/async_fifo_scoreboard.sv(55) @ 3690001: uvm_test_top.env.scb [ASYNC_FIFO_SCB] Write ignored because write side was full before edge
UVM_INFO ../tb/rd_agent/async_fifo_rd_driver.sv(38) @ 3696000: uvm_test_top.env.rd_agt.driver [ASYNC_FIFO_RD_DRV] RD Drive item: rd_en=1
UVM_INFO ../tb/env/async_fifo_scoreboard.sv(49) @ 3702001: uvm_test_top.env.scb [ASYNC_FIFO_SCB] Model Push: 0x643c9424 depth=3
UVM_INFO ../tb/env/async_fifo_scoreboard.sv(55) @ 3714001: uvm_test_top.env.scb [ASYNC_FIFO_SCB] Write ignored because write side was full before edge
UVM_INFO ../tb/rd_agent/async_fifo_rd_driver.sv(38) @ 3724000: uvm_test_top.env.rd_agt.driver [ASYNC_FIFO_RD_DRV] RD Drive item: rd_en=1
UVM_INFO ../tb/env/async_fifo_scoreboard.sv(49) @ 3726001: uvm_test_top.env.scb [ASYNC_FIFO_SCB] Model Push: 0x643c9424 depth=4
UVM_INFO ../tb/rd_agent/async_fifo_rd_monitor.sv(69) @ 3738001: uvm_test_top.env.rd_agt.monitor [ASYNC_FIFO_RD_MON] RD accepted item: rd_data=0x643c9424
UVM_INFO ../tb/env/async_fifo_scoreboard.sv(55) @ 3738001: uvm_test_top.env.scb [ASYNC_FIFO_SCB] Write ignored because write side was full before edge
UVM_INFO ../tb/env/async_fifo_scoreboard.sv(55) @ 3750001: uvm_test_top.env.scb [ASYNC_FIFO_SCB] Write ignored because write side was full before edge
UVM_INFO ../tb/rd_agent/async_fifo_rd_driver.sv(38) @ 3752000: uvm_test_top.env.rd_agt.driver [ASYNC_FIFO_RD_DRV] RD Drive item: rd_en=1
UVM_INFO ../tb/env/async_fifo_scoreboard.sv(55) @ 3762001: uvm_test_top.env.scb [ASYNC_FIFO_SCB] Write ignored because write side was full before edge
UVM_INFO ../tb/rd_agent/async_fifo_rd_monitor.sv(69) @ 3766001: uvm_test_top.env.rd_agt.monitor [ASYNC_FIFO_RD_MON] RD accepted item: rd_data=0x643c9424
UVM_INFO ../tb/env/async_fifo_scoreboard.sv(55) @ 3774001: uvm_test_top.env.scb [ASYNC_FIFO_SCB] Write ignored because write side was full before edge
UVM_INFO ../tb/rd_agent/async_fifo_rd_driver.sv(38) @ 3780000: uvm_test_top.env.rd_agt.driver [ASYNC_FIFO_RD_DRV] RD Drive item: rd_en=1
UVM_INFO ../tb/env/async_fifo_scoreboard.sv(49) @ 3786001: uvm_test_top.env.scb [ASYNC_FIFO_SCB] Model Push: 0x643c9424 depth=3
UVM_INFO ../tb/rd_agent/async_fifo_rd_monitor.sv(69) @ 3794001: uvm_test_top.env.rd_agt.monitor [ASYNC_FIFO_RD_MON] RD accepted item: rd_data=0x643c9424
UVM_INFO ../tb/env/async_fifo_scoreboard.sv(55) @ 3798001: uvm_test_top.env.scb [ASYNC_FIFO_SCB] Write ignored because write side was full before edge
UVM_INFO ../tb/rd_agent/async_fifo_rd_driver.sv(38) @ 3808000: uvm_test_top.env.rd_agt.driver [ASYNC_FIFO_RD_DRV] RD Drive item: rd_en=1
UVM_INFO ../tb/env/async_fifo_scoreboard.sv(49) @ 3810001: uvm_test_top.env.scb [ASYNC_FIFO_SCB] Model Push: 0x643c9424 depth=3
UVM_INFO ../tb/rd_agent/async_fifo_rd_monitor.sv(69) @ 3822001: uvm_test_top.env.rd_agt.monitor [ASYNC_FIFO_RD_MON] RD accepted item: rd_data=0x643c9424
UVM_INFO ../tb/env/async_fifo_scoreboard.sv(55) @ 3822001: uvm_test_top.env.scb [ASYNC_FIFO_SCB] Write ignored because write side was full before edge
UVM_INFO ../tb/env/async_fifo_scoreboard.sv(49) @ 3834001: uvm_test_top.env.scb [ASYNC_FIFO_SCB] Model Push: 0x643c9424 depth=3
UVM_INFO ../tb/rd_agent/async_fifo_rd_driver.sv(38) @ 3836000: uvm_test_top.env.rd_agt.driver [ASYNC_FIFO_RD_DRV] RD Drive item: rd_en=1
UVM_INFO ../tb/env/async_fifo_scoreboard.sv(55) @ 3846001: uvm_test_top.env.scb [ASYNC_FIFO_SCB] Write ignored because write side was full before edge
UVM_INFO ../tb/env/async_fifo_scoreboard.sv(55) @ 3858001: uvm_test_top.env.scb [ASYNC_FIFO_SCB] Write ignored because write side was full before edge
UVM_INFO ../tb/rd_agent/async_fifo_rd_driver.sv(38) @ 3864000: uvm_test_top.env.rd_agt.driver [ASYNC_FIFO_RD_DRV] RD Drive item: rd_en=1
UVM_INFO ../tb/env/async_fifo_scoreboard.sv(49) @ 3870001: uvm_test_top.env.scb [ASYNC_FIFO_SCB] Model Push: 0x643c9424 depth=4
UVM_INFO ../tb/rd_agent/async_fifo_rd_monitor.sv(69) @ 3878001: uvm_test_top.env.rd_agt.monitor [ASYNC_FIFO_RD_MON] RD accepted item: rd_data=0x643c9424
UVM_INFO ../tb/env/async_fifo_scoreboard.sv(55) @ 3882001: uvm_test_top.env.scb [ASYNC_FIFO_SCB] Write ignored because write side was full before edge
UVM_INFO ../tb/rd_agent/async_fifo_rd_driver.sv(38) @ 3892000: uvm_test_top.env.rd_agt.driver [ASYNC_FIFO_RD_DRV] RD Drive item: rd_en=1
UVM_INFO ../tb/env/async_fifo_scoreboard.sv(55) @ 3894001: uvm_test_top.env.scb [ASYNC_FIFO_SCB] Write ignored because write side was full before edge
UVM_INFO ../tb/rd_agent/async_fifo_rd_monitor.sv(69) @ 3906001: uvm_test_top.env.rd_agt.monitor [ASYNC_FIFO_RD_MON] RD accepted item: rd_data=0x643c9424
UVM_INFO ../tb/env/async_fifo_scoreboard.sv(55) @ 3906001: uvm_test_top.env.scb [ASYNC_FIFO_SCB] Write ignored because write side was full before edge
UVM_INFO ../tb/env/async_fifo_scoreboard.sv(49) @ 3918001: uvm_test_top.env.scb [ASYNC_FIFO_SCB] Model Push: 0x643c9424 depth=3
UVM_INFO ../tb/rd_agent/async_fifo_rd_driver.sv(38) @ 3920000: uvm_test_top.env.rd_agt.driver [ASYNC_FIFO_RD_DRV] RD Drive item: rd_en=1
UVM_INFO ../tb/env/async_fifo_scoreboard.sv(55) @ 3930001: uvm_test_top.env.scb [ASYNC_FIFO_SCB] Write ignored because write side was full before edge
UVM_INFO ../tb/rd_agent/async_fifo_rd_monitor.sv(69) @ 3934001: uvm_test_top.env.rd_agt.monitor [ASYNC_FIFO_RD_MON] RD accepted item: rd_data=0x643c9424
UVM_INFO ../tb/env/async_fifo_scoreboard.sv(55) @ 3942001: uvm_test_top.env.scb [ASYNC_FIFO_SCB] Write ignored because write side was full before edge
UVM_INFO ../tb/rd_agent/async_fifo_rd_driver.sv(38) @ 3948000: uvm_test_top.env.rd_agt.driver [ASYNC_FIFO_RD_DRV] RD Drive item: rd_en=0
UVM_INFO ../tb/env/async_fifo_scoreboard.sv(49) @ 3954001: uvm_test_top.env.scb [ASYNC_FIFO_SCB] Model Push: 0x643c9424 depth=3
UVM_INFO ../tb/env/async_fifo_scoreboard.sv(55) @ 3966001: uvm_test_top.env.scb [ASYNC_FIFO_SCB] Write ignored because write side was full before edge
UVM_INFO ../tb/rd_agent/async_fifo_rd_driver.sv(38) @ 3976000: uvm_test_top.env.rd_agt.driver [ASYNC_FIFO_RD_DRV] RD Drive item: rd_en=0
UVM_INFO ../tb/env/async_fifo_scoreboard.sv(49) @ 3978001: uvm_test_top.env.scb [ASYNC_FIFO_SCB] Model Push: 0x643c9424 depth=4
UVM_INFO ../tb/env/async_fifo_scoreboard.sv(55) @ 3990001: uvm_test_top.env.scb [ASYNC_FIFO_SCB] Write ignored because write side was full before edge
UVM_INFO ../tb/env/async_fifo_scoreboard.sv(55) @ 4002001: uvm_test_top.env.scb [ASYNC_FIFO_SCB] Write ignored because write side was full before edge
UVM_INFO ../tb/rd_agent/async_fifo_rd_driver.sv(38) @ 4004000: uvm_test_top.env.rd_agt.driver [ASYNC_FIFO_RD_DRV] RD Drive item: rd_en=1
UVM_INFO ../tb/env/async_fifo_scoreboard.sv(55) @ 4014001: uvm_test_top.env.scb [ASYNC_FIFO_SCB] Write ignored because write side was full before edge
UVM_INFO ../tb/rd_agent/async_fifo_rd_monitor.sv(69) @ 4018001: uvm_test_top.env.rd_agt.monitor [ASYNC_FIFO_RD_MON] RD accepted item: rd_data=0x643c9424
UVM_INFO ../tb/env/async_fifo_scoreboard.sv(55) @ 4026001: uvm_test_top.env.scb [ASYNC_FIFO_SCB] Write ignored because write side was full before edge
UVM_INFO ../tb/rd_agent/async_fifo_rd_driver.sv(38) @ 4032000: uvm_test_top.env.rd_agt.driver [ASYNC_FIFO_RD_DRV] RD Drive item: rd_en=1
UVM_INFO ../tb/env/async_fifo_scoreboard.sv(55) @ 4038001: uvm_test_top.env.scb [ASYNC_FIFO_SCB] Write ignored because write side was full before edge
UVM_INFO ../tb/rd_agent/async_fifo_rd_monitor.sv(69) @ 4046001: uvm_test_top.env.rd_agt.monitor [ASYNC_FIFO_RD_MON] RD accepted item: rd_data=0x643c9424
UVM_INFO ../tb/env/async_fifo_scoreboard.sv(55) @ 4050001: uvm_test_top.env.scb [ASYNC_FIFO_SCB] Write ignored because write side was full before edge
UVM_INFO ../tb/rd_agent/async_fifo_rd_driver.sv(38) @ 4060000: uvm_test_top.env.rd_agt.driver [ASYNC_FIFO_RD_DRV] RD Drive item: rd_en=0
UVM_INFO ../tb/env/async_fifo_scoreboard.sv(49) @ 4062001: uvm_test_top.env.scb [ASYNC_FIFO_SCB] Model Push: 0x643c9424 depth=3
UVM_INFO ../tb/env/async_fifo_scoreboard.sv(55) @ 4074001: uvm_test_top.env.scb [ASYNC_FIFO_SCB] Write ignored because write side was full before edge
UVM_INFO ../tb/env/async_fifo_scoreboard.sv(49) @ 4086001: uvm_test_top.env.scb [ASYNC_FIFO_SCB] Model Push: 0x643c9424 depth=4
UVM_INFO ../tb/rd_agent/async_fifo_rd_driver.sv(38) @ 4088000: uvm_test_top.env.rd_agt.driver [ASYNC_FIFO_RD_DRV] RD Drive item: rd_en=1
UVM_INFO ../tb/env/async_fifo_scoreboard.sv(55) @ 4098001: uvm_test_top.env.scb [ASYNC_FIFO_SCB] Write ignored because write side was full before edge
UVM_INFO ../tb/rd_agent/async_fifo_rd_monitor.sv(69) @ 4102001: uvm_test_top.env.rd_agt.monitor [ASYNC_FIFO_RD_MON] RD accepted item: rd_data=0x643c9424
UVM_INFO ../tb/env/async_fifo_scoreboard.sv(55) @ 4110001: uvm_test_top.env.scb [ASYNC_FIFO_SCB] Write ignored because write side was full before edge
UVM_INFO ../tb/rd_agent/async_fifo_rd_driver.sv(38) @ 4116000: uvm_test_top.env.rd_agt.driver [ASYNC_FIFO_RD_DRV] RD Drive item: rd_en=1
UVM_INFO ../tb/env/async_fifo_scoreboard.sv(55) @ 4122001: uvm_test_top.env.scb [ASYNC_FIFO_SCB] Write ignored because write side was full before edge
UVM_INFO ../tb/rd_agent/async_fifo_rd_monitor.sv(69) @ 4130001: uvm_test_top.env.rd_agt.monitor [ASYNC_FIFO_RD_MON] RD accepted item: rd_data=0x643c9424
UVM_INFO ../tb/env/async_fifo_scoreboard.sv(55) @ 4134001: uvm_test_top.env.scb [ASYNC_FIFO_SCB] Write ignored because write side was full before edge
UVM_INFO ../tb/rd_agent/async_fifo_rd_driver.sv(38) @ 4144000: uvm_test_top.env.rd_agt.driver [ASYNC_FIFO_RD_DRV] RD Drive item: rd_en=0
UVM_INFO ../tb/env/async_fifo_scoreboard.sv(49) @ 4146001: uvm_test_top.env.scb [ASYNC_FIFO_SCB] Model Push: 0x643c9424 depth=3
UVM_INFO ../tb/env/async_fifo_scoreboard.sv(55) @ 4158001: uvm_test_top.env.scb [ASYNC_FIFO_SCB] Write ignored because write side was full before edge
UVM_INFO ../tb/env/async_fifo_scoreboard.sv(49) @ 4170001: uvm_test_top.env.scb [ASYNC_FIFO_SCB] Model Push: 0x643c9424 depth=4
UVM_INFO ../tb/rd_agent/async_fifo_rd_driver.sv(38) @ 4172000: uvm_test_top.env.rd_agt.driver [ASYNC_FIFO_RD_DRV] RD Drive item: rd_en=0
UVM_INFO ../tb/env/async_fifo_scoreboard.sv(55) @ 4182001: uvm_test_top.env.scb [ASYNC_FIFO_SCB] Write ignored because write side was full before edge
UVM_INFO ../tb/env/async_fifo_scoreboard.sv(55) @ 4194001: uvm_test_top.env.scb [ASYNC_FIFO_SCB] Write ignored because write side was full before edge
UVM_INFO ../tb/rd_agent/async_fifo_rd_driver.sv(38) @ 4200000: uvm_test_top.env.rd_agt.driver [ASYNC_FIFO_RD_DRV] RD Drive item: rd_en=0
UVM_INFO ../tb/env/async_fifo_scoreboard.sv(55) @ 4206001: uvm_test_top.env.scb [ASYNC_FIFO_SCB] Write ignored because write side was full before edge
UVM_INFO ../tb/env/async_fifo_scoreboard.sv(55) @ 4218001: uvm_test_top.env.scb [ASYNC_FIFO_SCB] Write ignored because write side was full before edge
UVM_INFO ../tb/rd_agent/async_fifo_rd_driver.sv(38) @ 4228000: uvm_test_top.env.rd_agt.driver [ASYNC_FIFO_RD_DRV] RD Drive item: rd_en=1
UVM_INFO ../tb/env/async_fifo_scoreboard.sv(55) @ 4230001: uvm_test_top.env.scb [ASYNC_FIFO_SCB] Write ignored because write side was full before edge
UVM_INFO ../tb/rd_agent/async_fifo_rd_monitor.sv(69) @ 4242001: uvm_test_top.env.rd_agt.monitor [ASYNC_FIFO_RD_MON] RD accepted item: rd_data=0x643c9424
UVM_INFO ../tb/env/async_fifo_scoreboard.sv(55) @ 4242001: uvm_test_top.env.scb [ASYNC_FIFO_SCB] Write ignored because write side was full before edge
UVM_INFO ../tb/env/async_fifo_scoreboard.sv(55) @ 4254001: uvm_test_top.env.scb [ASYNC_FIFO_SCB] Write ignored because write side was full before edge
UVM_INFO ../tb/rd_agent/async_fifo_rd_driver.sv(38) @ 4256000: uvm_test_top.env.rd_agt.driver [ASYNC_FIFO_RD_DRV] RD Drive item: rd_en=1
UVM_INFO ../tb/env/async_fifo_scoreboard.sv(55) @ 4266001: uvm_test_top.env.scb [ASYNC_FIFO_SCB] Write ignored because write side was full before edge
UVM_INFO ../tb/rd_agent/async_fifo_rd_monitor.sv(69) @ 4270001: uvm_test_top.env.rd_agt.monitor [ASYNC_FIFO_RD_MON] RD accepted item: rd_data=0x643c9424
UVM_INFO ../tb/env/async_fifo_scoreboard.sv(55) @ 4278001: uvm_test_top.env.scb [ASYNC_FIFO_SCB] Write ignored because write side was full before edge
UVM_INFO ../tb/rd_agent/async_fifo_rd_driver.sv(38) @ 4284000: uvm_test_top.env.rd_agt.driver [ASYNC_FIFO_RD_DRV] RD Drive item: rd_en=1
UVM_INFO ../tb/env/async_fifo_scoreboard.sv(49) @ 4290001: uvm_test_top.env.scb [ASYNC_FIFO_SCB] Model Push: 0x643c9424 depth=3
UVM_INFO ../tb/rd_agent/async_fifo_rd_monitor.sv(69) @ 4298001: uvm_test_top.env.rd_agt.monitor [ASYNC_FIFO_RD_MON] RD accepted item: rd_data=0x643c9424
UVM_INFO ../tb/env/async_fifo_scoreboard.sv(55) @ 4302001: uvm_test_top.env.scb [ASYNC_FIFO_SCB] Write ignored because write side was full before edge
UVM_INFO ../tb/rd_agent/async_fifo_rd_driver.sv(38) @ 4312000: uvm_test_top.env.rd_agt.driver [ASYNC_FIFO_RD_DRV] RD Drive item: rd_en=0
UVM_INFO ../tb/env/async_fifo_scoreboard.sv(49) @ 4314001: uvm_test_top.env.scb [ASYNC_FIFO_SCB] Model Push: 0x643c9424 depth=3
UVM_INFO ../tb/env/async_fifo_scoreboard.sv(55) @ 4326001: uvm_test_top.env.scb [ASYNC_FIFO_SCB] Write ignored because write side was full before edge
UVM_INFO ../tb/env/async_fifo_scoreboard.sv(49) @ 4338001: uvm_test_top.env.scb [ASYNC_FIFO_SCB] Model Push: 0x643c9424 depth=4
UVM_INFO ../tb/rd_agent/async_fifo_rd_driver.sv(38) @ 4340000: uvm_test_top.env.rd_agt.driver [ASYNC_FIFO_RD_DRV] RD Drive item: rd_en=1
UVM_INFO ../tb/env/async_fifo_scoreboard.sv(55) @ 4350001: uvm_test_top.env.scb [ASYNC_FIFO_SCB] Write ignored because write side was full before edge
UVM_INFO ../tb/rd_agent/async_fifo_rd_monitor.sv(69) @ 4354001: uvm_test_top.env.rd_agt.monitor [ASYNC_FIFO_RD_MON] RD accepted item: rd_data=0x643c9424
UVM_INFO ../tb/env/async_fifo_scoreboard.sv(55) @ 4362001: uvm_test_top.env.scb [ASYNC_FIFO_SCB] Write ignored because write side was full before edge
UVM_INFO ../tb/rd_agent/async_fifo_rd_driver.sv(38) @ 4368000: uvm_test_top.env.rd_agt.driver [ASYNC_FIFO_RD_DRV] RD Drive item: rd_en=1
UVM_INFO ../tb/env/async_fifo_scoreboard.sv(55) @ 4374001: uvm_test_top.env.scb [ASYNC_FIFO_SCB] Write ignored because write side was full before edge
UVM_INFO ../tb/rd_agent/async_fifo_rd_monitor.sv(69) @ 4382001: uvm_test_top.env.rd_agt.monitor [ASYNC_FIFO_RD_MON] RD accepted item: rd_data=0x643c9424
UVM_INFO ../tb/env/async_fifo_scoreboard.sv(55) @ 4386001: uvm_test_top.env.scb [ASYNC_FIFO_SCB] Write ignored because write side was full before edge
UVM_INFO ../tb/rd_agent/async_fifo_rd_driver.sv(38) @ 4396000: uvm_test_top.env.rd_agt.driver [ASYNC_FIFO_RD_DRV] RD Drive item: rd_en=0
UVM_INFO ../tb/env/async_fifo_scoreboard.sv(49) @ 4398001: uvm_test_top.env.scb [ASYNC_FIFO_SCB] Model Push: 0x643c9424 depth=3
UVM_INFO ../tb/env/async_fifo_scoreboard.sv(55) @ 4410001: uvm_test_top.env.scb [ASYNC_FIFO_SCB] Write ignored because write side was full before edge
UVM_INFO ../tb/env/async_fifo_scoreboard.sv(49) @ 4422001: uvm_test_top.env.scb [ASYNC_FIFO_SCB] Model Push: 0x643c9424 depth=4
UVM_INFO ../tb/rd_agent/async_fifo_rd_driver.sv(38) @ 4424000: uvm_test_top.env.rd_agt.driver [ASYNC_FIFO_RD_DRV] RD Drive item: rd_en=0
UVM_INFO ../tb/env/async_fifo_scoreboard.sv(55) @ 4434001: uvm_test_top.env.scb [ASYNC_FIFO_SCB] Write ignored because write side was full before edge
UVM_INFO ../tb/env/async_fifo_scoreboard.sv(55) @ 4446001: uvm_test_top.env.scb [ASYNC_FIFO_SCB] Write ignored because write side was full before edge
UVM_INFO ../tb/rd_agent/async_fifo_rd_driver.sv(38) @ 4452000: uvm_test_top.env.rd_agt.driver [ASYNC_FIFO_RD_DRV] RD Drive item: rd_en=1
UVM_INFO ../tb/env/async_fifo_scoreboard.sv(55) @ 4458001: uvm_test_top.env.scb [ASYNC_FIFO_SCB] Write ignored because write side was full before edge
UVM_INFO ../tb/rd_agent/async_fifo_rd_monitor.sv(69) @ 4466001: uvm_test_top.env.rd_agt.monitor [ASYNC_FIFO_RD_MON] RD accepted item: rd_data=0x643c9424
UVM_INFO ../tb/env/async_fifo_scoreboard.sv(55) @ 4470001: uvm_test_top.env.scb [ASYNC_FIFO_SCB] Write ignored because write side was full before edge
UVM_INFO ../tb/rd_agent/async_fifo_rd_driver.sv(38) @ 4480000: uvm_test_top.env.rd_agt.driver [ASYNC_FIFO_RD_DRV] RD Drive item: rd_en=0
UVM_INFO ../tb/env/async_fifo_scoreboard.sv(55) @ 4482001: uvm_test_top.env.scb [ASYNC_FIFO_SCB] Write ignored because write side was full before edge
UVM_INFO ../tb/env/async_fifo_scoreboard.sv(55) @ 4494001: uvm_test_top.env.scb [ASYNC_FIFO_SCB] Write ignored because write side was full before edge
UVM_INFO ../tb/env/async_fifo_scoreboard.sv(49) @ 4506001: uvm_test_top.env.scb [ASYNC_FIFO_SCB] Model Push: 0x643c9424 depth=4
UVM_INFO ../tb/rd_agent/async_fifo_rd_driver.sv(38) @ 4508000: uvm_test_top.env.rd_agt.driver [ASYNC_FIFO_RD_DRV] RD Drive item: rd_en=0
UVM_INFO ../tb/env/async_fifo_scoreboard.sv(55) @ 4518001: uvm_test_top.env.scb [ASYNC_FIFO_SCB] Write ignored because write side was full before edge
UVM_INFO ../tb/env/async_fifo_scoreboard.sv(55) @ 4530001: uvm_test_top.env.scb [ASYNC_FIFO_SCB] Write ignored because write side was full before edge
UVM_INFO ../tb/rd_agent/async_fifo_rd_driver.sv(38) @ 4536000: uvm_test_top.env.rd_agt.driver [ASYNC_FIFO_RD_DRV] RD Drive item: rd_en=0
UVM_INFO ../tb/env/async_fifo_scoreboard.sv(55) @ 4542001: uvm_test_top.env.scb [ASYNC_FIFO_SCB] Write ignored because write side was full before edge
UVM_INFO ../tb/env/async_fifo_scoreboard.sv(55) @ 4554001: uvm_test_top.env.scb [ASYNC_FIFO_SCB] Write ignored because write side was full before edge
UVM_INFO ../tb/rd_agent/async_fifo_rd_driver.sv(38) @ 4564000: uvm_test_top.env.rd_agt.driver [ASYNC_FIFO_RD_DRV] RD Drive item: rd_en=0
UVM_INFO ../tb/env/async_fifo_scoreboard.sv(55) @ 4566001: uvm_test_top.env.scb [ASYNC_FIFO_SCB] Write ignored because write side was full before edge
UVM_INFO ../tb/env/async_fifo_scoreboard.sv(55) @ 4578001: uvm_test_top.env.scb [ASYNC_FIFO_SCB] Write ignored because write side was full before edge
UVM_INFO ../tb/env/async_fifo_scoreboard.sv(55) @ 4590001: uvm_test_top.env.scb [ASYNC_FIFO_SCB] Write ignored because write side was full before edge
UVM_INFO ../tb/rd_agent/async_fifo_rd_driver.sv(38) @ 4592000: uvm_test_top.env.rd_agt.driver [ASYNC_FIFO_RD_DRV] RD Drive item: rd_en=1
UVM_INFO ../tb/env/async_fifo_scoreboard.sv(55) @ 4602001: uvm_test_top.env.scb [ASYNC_FIFO_SCB] Write ignored because write side was full before edge
UVM_INFO ../tb/rd_agent/async_fifo_rd_monitor.sv(69) @ 4606001: uvm_test_top.env.rd_agt.monitor [ASYNC_FIFO_RD_MON] RD accepted item: rd_data=0x643c9424
UVM_INFO ../tb/env/async_fifo_scoreboard.sv(55) @ 4614001: uvm_test_top.env.scb [ASYNC_FIFO_SCB] Write ignored because write side was full before edge
UVM_INFO ../tb/rd_agent/async_fifo_rd_driver.sv(38) @ 4620000: uvm_test_top.env.rd_agt.driver [ASYNC_FIFO_RD_DRV] RD Drive item: rd_en=1
UVM_INFO ../tb/env/async_fifo_scoreboard.sv(55) @ 4626001: uvm_test_top.env.scb [ASYNC_FIFO_SCB] Write ignored because write side was full before edge
UVM_INFO ../tb/rd_agent/async_fifo_rd_monitor.sv(69) @ 4634001: uvm_test_top.env.rd_agt.monitor [ASYNC_FIFO_RD_MON] RD accepted item: rd_data=0x643c9424
UVM_INFO ../tb/env/async_fifo_scoreboard.sv(55) @ 4638001: uvm_test_top.env.scb [ASYNC_FIFO_SCB] Write ignored because write side was full before edge
UVM_INFO ../tb/rd_agent/async_fifo_rd_driver.sv(38) @ 4648000: uvm_test_top.env.rd_agt.driver [ASYNC_FIFO_RD_DRV] RD Drive item: rd_en=1
UVM_INFO ../tb/env/async_fifo_scoreboard.sv(49) @ 4650001: uvm_test_top.env.scb [ASYNC_FIFO_SCB] Model Push: 0x643c9424 depth=3
UVM_INFO ../tb/rd_agent/async_fifo_rd_monitor.sv(69) @ 4662001: uvm_test_top.env.rd_agt.monitor [ASYNC_FIFO_RD_MON] RD accepted item: rd_data=0x643c9424
UVM_INFO ../tb/env/async_fifo_scoreboard.sv(55) @ 4662001: uvm_test_top.env.scb [ASYNC_FIFO_SCB] Write ignored because write side was full before edge
UVM_INFO ../tb/env/async_fifo_scoreboard.sv(49) @ 4674001: uvm_test_top.env.scb [ASYNC_FIFO_SCB] Model Push: 0x643c9424 depth=3
UVM_INFO ../tb/rd_agent/async_fifo_rd_driver.sv(38) @ 4676000: uvm_test_top.env.rd_agt.driver [ASYNC_FIFO_RD_DRV] RD Drive item: rd_en=1
UVM_INFO ../tb/env/async_fifo_scoreboard.sv(55) @ 4686001: uvm_test_top.env.scb [ASYNC_FIFO_SCB] Write ignored because write side was full before edge
UVM_INFO ../tb/rd_agent/async_fifo_rd_monitor.sv(69) @ 4690001: uvm_test_top.env.rd_agt.monitor [ASYNC_FIFO_RD_MON] RD accepted item: rd_data=0x643c9424
UVM_INFO ../tb/env/async_fifo_scoreboard.sv(55) @ 4698001: uvm_test_top.env.scb [ASYNC_FIFO_SCB] Write ignored because write side was full before edge
UVM_INFO ../tb/rd_agent/async_fifo_rd_driver.sv(38) @ 4704000: uvm_test_top.env.rd_agt.driver [ASYNC_FIFO_RD_DRV] RD Drive item: rd_en=1
UVM_INFO ../tb/env/async_fifo_scoreboard.sv(49) @ 4710001: uvm_test_top.env.scb [ASYNC_FIFO_SCB] Model Push: 0x643c9424 depth=3
UVM_INFO ../tb/env/async_fifo_scoreboard.sv(55) @ 4722001: uvm_test_top.env.scb [ASYNC_FIFO_SCB] Write ignored because write side was full before edge
UVM_INFO ../tb/rd_agent/async_fifo_rd_driver.sv(38) @ 4732000: uvm_test_top.env.rd_agt.driver [ASYNC_FIFO_RD_DRV] RD Drive item: rd_en=0
UVM_INFO ../tb/env/async_fifo_scoreboard.sv(49) @ 4734001: uvm_test_top.env.scb [ASYNC_FIFO_SCB] Model Push: 0x643c9424 depth=4
UVM_INFO ../tb/env/async_fifo_scoreboard.sv(55) @ 4746001: uvm_test_top.env.scb [ASYNC_FIFO_SCB] Write ignored because write side was full before edge
UVM_INFO ../tb/env/async_fifo_scoreboard.sv(55) @ 4758001: uvm_test_top.env.scb [ASYNC_FIFO_SCB] Write ignored because write side was full before edge
UVM_INFO ../tb/rd_agent/async_fifo_rd_driver.sv(38) @ 4760000: uvm_test_top.env.rd_agt.driver [ASYNC_FIFO_RD_DRV] RD Drive item: rd_en=1
UVM_INFO ../tb/env/async_fifo_scoreboard.sv(55) @ 4770001: uvm_test_top.env.scb [ASYNC_FIFO_SCB] Write ignored because write side was full before edge
UVM_INFO ../tb/rd_agent/async_fifo_rd_monitor.sv(69) @ 4774001: uvm_test_top.env.rd_agt.monitor [ASYNC_FIFO_RD_MON] RD accepted item: rd_data=0x643c9424
UVM_INFO ../tb/env/async_fifo_scoreboard.sv(55) @ 4782001: uvm_test_top.env.scb [ASYNC_FIFO_SCB] Write ignored because write side was full before edge
UVM_INFO ../tb/rd_agent/async_fifo_rd_driver.sv(38) @ 4788000: uvm_test_top.env.rd_agt.driver [ASYNC_FIFO_RD_DRV] RD Drive item: rd_en=0
UVM_INFO ../tb/env/async_fifo_scoreboard.sv(55) @ 4794001: uvm_test_top.env.scb [ASYNC_FIFO_SCB] Write ignored because write side was full before edge
UVM_INFO ../tb/env/async_fifo_scoreboard.sv(55) @ 4806001: uvm_test_top.env.scb [ASYNC_FIFO_SCB] Write ignored because write side was full before edge
UVM_INFO ../tb/rd_agent/async_fifo_rd_driver.sv(38) @ 4816000: uvm_test_top.env.rd_agt.driver [ASYNC_FIFO_RD_DRV] RD Drive item: rd_en=0
UVM_INFO ../tb/env/async_fifo_scoreboard.sv(49) @ 4818001: uvm_test_top.env.scb [ASYNC_FIFO_SCB] Model Push: 0x643c9424 depth=4
UVM_INFO ../tb/env/async_fifo_scoreboard.sv(55) @ 4830001: uvm_test_top.env.scb [ASYNC_FIFO_SCB] Write ignored because write side was full before edge
UVM_INFO ../tb/env/async_fifo_scoreboard.sv(55) @ 4842001: uvm_test_top.env.scb [ASYNC_FIFO_SCB] Write ignored because write side was full before edge
UVM_INFO ../tb/rd_agent/async_fifo_rd_driver.sv(38) @ 4844000: uvm_test_top.env.rd_agt.driver [ASYNC_FIFO_RD_DRV] RD Drive item: rd_en=0
UVM_INFO ../tb/env/async_fifo_scoreboard.sv(55) @ 4854001: uvm_test_top.env.scb [ASYNC_FIFO_SCB] Write ignored because write side was full before edge
UVM_INFO ../tb/env/async_fifo_scoreboard.sv(55) @ 4866001: uvm_test_top.env.scb [ASYNC_FIFO_SCB] Write ignored because write side was full before edge
UVM_INFO ../tb/rd_agent/async_fifo_rd_driver.sv(38) @ 4872000: uvm_test_top.env.rd_agt.driver [ASYNC_FIFO_RD_DRV] RD Drive item: rd_en=1
UVM_INFO ../tb/env/async_fifo_scoreboard.sv(55) @ 4878001: uvm_test_top.env.scb [ASYNC_FIFO_SCB] Write ignored because write side was full before edge
UVM_INFO ../tb/rd_agent/async_fifo_rd_monitor.sv(69) @ 4886001: uvm_test_top.env.rd_agt.monitor [ASYNC_FIFO_RD_MON] RD accepted item: rd_data=0x643c9424
UVM_INFO ../tb/env/async_fifo_scoreboard.sv(55) @ 4890001: uvm_test_top.env.scb [ASYNC_FIFO_SCB] Write ignored because write side was full before edge
UVM_INFO ../tb/rd_agent/async_fifo_rd_driver.sv(38) @ 4900000: uvm_test_top.env.rd_agt.driver [ASYNC_FIFO_RD_DRV] RD Drive item: rd_en=0
UVM_INFO ../tb/env/async_fifo_scoreboard.sv(55) @ 4902001: uvm_test_top.env.scb [ASYNC_FIFO_SCB] Write ignored because write side was full before edge
UVM_INFO ../tb/env/async_fifo_scoreboard.sv(55) @ 4914001: uvm_test_top.env.scb [ASYNC_FIFO_SCB] Write ignored because write side was full before edge
UVM_INFO ../tb/env/async_fifo_scoreboard.sv(49) @ 4926001: uvm_test_top.env.scb [ASYNC_FIFO_SCB] Model Push: 0x643c9424 depth=4
UVM_INFO ../tb/rd_agent/async_fifo_rd_driver.sv(38) @ 4928000: uvm_test_top.env.rd_agt.driver [ASYNC_FIFO_RD_DRV] RD Drive item: rd_en=0
UVM_INFO ../tb/env/async_fifo_scoreboard.sv(55) @ 4938001: uvm_test_top.env.scb [ASYNC_FIFO_SCB] Write ignored because write side was full before edge
UVM_INFO ../tb/env/async_fifo_scoreboard.sv(55) @ 4950001: uvm_test_top.env.scb [ASYNC_FIFO_SCB] Write ignored because write side was full before edge
UVM_INFO ../tb/rd_agent/async_fifo_rd_driver.sv(38) @ 4956000: uvm_test_top.env.rd_agt.driver [ASYNC_FIFO_RD_DRV] RD Drive item: rd_en=0
UVM_INFO ../tb/env/async_fifo_scoreboard.sv(55) @ 4962001: uvm_test_top.env.scb [ASYNC_FIFO_SCB] Write ignored because write side was full before edge
UVM_INFO ../tb/env/async_fifo_scoreboard.sv(55) @ 4974001: uvm_test_top.env.scb [ASYNC_FIFO_SCB] Write ignored because write side was full before edge
UVM_INFO ../tb/rd_agent/async_fifo_rd_driver.sv(38) @ 4984000: uvm_test_top.env.rd_agt.driver [ASYNC_FIFO_RD_DRV] RD Drive item: rd_en=0
UVM_INFO ../tb/env/async_fifo_scoreboard.sv(55) @ 4986001: uvm_test_top.env.scb [ASYNC_FIFO_SCB] Write ignored because write side was full before edge
UVM_INFO ../tb/env/async_fifo_scoreboard.sv(55) @ 4998001: uvm_test_top.env.scb [ASYNC_FIFO_SCB] Write ignored because write side was full before edge
UVM_INFO ../tb/env/async_fifo_scoreboard.sv(55) @ 5010001: uvm_test_top.env.scb [ASYNC_FIFO_SCB] Write ignored because write side was full before edge
UVM_INFO ../tb/rd_agent/async_fifo_rd_driver.sv(38) @ 5012000: uvm_test_top.env.rd_agt.driver [ASYNC_FIFO_RD_DRV] RD Drive item: rd_en=1
UVM_INFO ../tb/env/async_fifo_scoreboard.sv(55) @ 5022001: uvm_test_top.env.scb [ASYNC_FIFO_SCB] Write ignored because write side was full before edge
UVM_INFO ../tb/rd_agent/async_fifo_rd_monitor.sv(69) @ 5026001: uvm_test_top.env.rd_agt.monitor [ASYNC_FIFO_RD_MON] RD accepted item: rd_data=0x643c9424
UVM_INFO ../tb/env/async_fifo_scoreboard.sv(55) @ 5034001: uvm_test_top.env.scb [ASYNC_FIFO_SCB] Write ignored because write side was full before edge
UVM_INFO ../tb/rd_agent/async_fifo_rd_driver.sv(38) @ 5040000: uvm_test_top.env.rd_agt.driver [ASYNC_FIFO_RD_DRV] RD Drive item: rd_en=0
UVM_INFO ../tb/env/async_fifo_scoreboard.sv(55) @ 5046001: uvm_test_top.env.scb [ASYNC_FIFO_SCB] Write ignored because write side was full before edge
UVM_INFO ../tb/env/async_fifo_scoreboard.sv(55) @ 5058001: uvm_test_top.env.scb [ASYNC_FIFO_SCB] Write ignored because write side was full before edge
UVM_INFO ../tb/rd_agent/async_fifo_rd_driver.sv(38) @ 5068000: uvm_test_top.env.rd_agt.driver [ASYNC_FIFO_RD_DRV] RD Drive item: rd_en=1
UVM_INFO ../tb/env/async_fifo_scoreboard.sv(49) @ 5070001: uvm_test_top.env.scb [ASYNC_FIFO_SCB] Model Push: 0x643c9424 depth=4
UVM_INFO ../tb/rd_agent/async_fifo_rd_monitor.sv(69) @ 5082001: uvm_test_top.env.rd_agt.monitor [ASYNC_FIFO_RD_MON] RD accepted item: rd_data=0x643c9424
UVM_INFO ../tb/env/async_fifo_scoreboard.sv(55) @ 5082001: uvm_test_top.env.scb [ASYNC_FIFO_SCB] Write ignored because write side was full before edge
UVM_INFO ../tb/env/async_fifo_scoreboard.sv(55) @ 5094001: uvm_test_top.env.scb [ASYNC_FIFO_SCB] Write ignored because write side was full before edge
UVM_INFO ../tb/rd_agent/async_fifo_rd_driver.sv(38) @ 5096000: uvm_test_top.env.rd_agt.driver [ASYNC_FIFO_RD_DRV] RD Drive item: rd_en=0
UVM_INFO ../tb/env/async_fifo_scoreboard.sv(55) @ 5106001: uvm_test_top.env.scb [ASYNC_FIFO_SCB] Write ignored because write side was full before edge
UVM_INFO ../tb/env/async_fifo_scoreboard.sv(55) @ 5118001: uvm_test_top.env.scb [ASYNC_FIFO_SCB] Write ignored because write side was full before edge
UVM_INFO ../tb/rd_agent/async_fifo_rd_driver.sv(38) @ 5124000: uvm_test_top.env.rd_agt.driver [ASYNC_FIFO_RD_DRV] RD Drive item: rd_en=0
UVM_INFO ../tb/env/async_fifo_scoreboard.sv(49) @ 5130001: uvm_test_top.env.scb [ASYNC_FIFO_SCB] Model Push: 0x643c9424 depth=4
UVM_INFO ../tb/env/async_fifo_scoreboard.sv(55) @ 5142001: uvm_test_top.env.scb [ASYNC_FIFO_SCB] Write ignored because write side was full before edge
UVM_INFO ../tb/rd_agent/async_fifo_rd_driver.sv(38) @ 5152000: uvm_test_top.env.rd_agt.driver [ASYNC_FIFO_RD_DRV] RD Drive item: rd_en=1
UVM_INFO ../tb/env/async_fifo_scoreboard.sv(55) @ 5154001: uvm_test_top.env.scb [ASYNC_FIFO_SCB] Write ignored because write side was full before edge
UVM_INFO ../tb/rd_agent/async_fifo_rd_monitor.sv(69) @ 5166001: uvm_test_top.env.rd_agt.monitor [ASYNC_FIFO_RD_MON] RD accepted item: rd_data=0x643c9424
UVM_INFO ../tb/env/async_fifo_scoreboard.sv(55) @ 5166001: uvm_test_top.env.scb [ASYNC_FIFO_SCB] Write ignored because write side was full before edge
UVM_INFO ../tb/env/async_fifo_scoreboard.sv(55) @ 5178001: uvm_test_top.env.scb [ASYNC_FIFO_SCB] Write ignored because write side was full before edge
UVM_INFO ../tb/rd_agent/async_fifo_rd_driver.sv(38) @ 5180000: uvm_test_top.env.rd_agt.driver [ASYNC_FIFO_RD_DRV] RD Drive item: rd_en=1
UVM_INFO ../tb/env/async_fifo_scoreboard.sv(55) @ 5190001: uvm_test_top.env.scb [ASYNC_FIFO_SCB] Write ignored because write side was full before edge
UVM_INFO ../tb/rd_agent/async_fifo_rd_monitor.sv(69) @ 5194001: uvm_test_top.env.rd_agt.monitor [ASYNC_FIFO_RD_MON] RD accepted item: rd_data=0x643c9424
UVM_INFO ../tb/env/async_fifo_scoreboard.sv(55) @ 5202001: uvm_test_top.env.scb [ASYNC_FIFO_SCB] Write ignored because write side was full before edge
UVM_INFO ../tb/rd_agent/async_fifo_rd_driver.sv(38) @ 5208000: uvm_test_top.env.rd_agt.driver [ASYNC_FIFO_RD_DRV] RD Drive item: rd_en=0
UVM_INFO ../tb/env/async_fifo_scoreboard.sv(49) @ 5214001: uvm_test_top.env.scb [ASYNC_FIFO_SCB] Model Push: 0x643c9424 depth=3
UVM_INFO ../tb/env/async_fifo_scoreboard.sv(55) @ 5226001: uvm_test_top.env.scb [ASYNC_FIFO_SCB] Write ignored because write side was full before edge
UVM_INFO ../tb/rd_agent/async_fifo_rd_driver.sv(38) @ 5236000: uvm_test_top.env.rd_agt.driver [ASYNC_FIFO_RD_DRV] RD Drive item: rd_en=1
UVM_INFO ../tb/env/async_fifo_scoreboard.sv(49) @ 5238001: uvm_test_top.env.scb [ASYNC_FIFO_SCB] Model Push: 0x643c9424 depth=4
UVM_INFO ../tb/rd_agent/async_fifo_rd_monitor.sv(69) @ 5250001: uvm_test_top.env.rd_agt.monitor [ASYNC_FIFO_RD_MON] RD accepted item: rd_data=0x643c9424
UVM_INFO ../tb/env/async_fifo_scoreboard.sv(55) @ 5250001: uvm_test_top.env.scb [ASYNC_FIFO_SCB] Write ignored because write side was full before edge
UVM_INFO ../tb/env/async_fifo_scoreboard.sv(55) @ 5262001: uvm_test_top.env.scb [ASYNC_FIFO_SCB] Write ignored because write side was full before edge
UVM_INFO ../tb/rd_agent/async_fifo_rd_driver.sv(38) @ 5264000: uvm_test_top.env.rd_agt.driver [ASYNC_FIFO_RD_DRV] RD Drive item: rd_en=0
UVM_INFO ../tb/env/async_fifo_scoreboard.sv(55) @ 5274001: uvm_test_top.env.scb [ASYNC_FIFO_SCB] Write ignored because write side was full before edge
UVM_INFO ../tb/env/async_fifo_scoreboard.sv(55) @ 5286001: uvm_test_top.env.scb [ASYNC_FIFO_SCB] Write ignored because write side was full before edge
UVM_INFO ../tb/rd_agent/async_fifo_rd_driver.sv(38) @ 5292000: uvm_test_top.env.rd_agt.driver [ASYNC_FIFO_RD_DRV] RD Drive item: rd_en=1
UVM_INFO ../tb/env/async_fifo_scoreboard.sv(49) @ 5298001: uvm_test_top.env.scb [ASYNC_FIFO_SCB] Model Push: 0x643c9424 depth=4
UVM_INFO ../tb/rd_agent/async_fifo_rd_monitor.sv(69) @ 5306001: uvm_test_top.env.rd_agt.monitor [ASYNC_FIFO_RD_MON] RD accepted item: rd_data=0x643c9424
UVM_INFO ../tb/env/async_fifo_scoreboard.sv(55) @ 5310001: uvm_test_top.env.scb [ASYNC_FIFO_SCB] Write ignored because write side was full before edge
UVM_INFO ../tb/rd_agent/async_fifo_rd_driver.sv(38) @ 5320000: uvm_test_top.env.rd_agt.driver [ASYNC_FIFO_RD_DRV] RD Drive item: rd_en=0
UVM_INFO ../tb/env/async_fifo_scoreboard.sv(55) @ 5322001: uvm_test_top.env.scb [ASYNC_FIFO_SCB] Write ignored because write side was full before edge
UVM_INFO ../tb/env/async_fifo_scoreboard.sv(55) @ 5334001: uvm_test_top.env.scb [ASYNC_FIFO_SCB] Write ignored because write side was full before edge
UVM_INFO ../tb/env/async_fifo_scoreboard.sv(49) @ 5346001: uvm_test_top.env.scb [ASYNC_FIFO_SCB] Model Push: 0x643c9424 depth=4
UVM_INFO ../tb/rd_agent/async_fifo_rd_driver.sv(38) @ 5348000: uvm_test_top.env.rd_agt.driver [ASYNC_FIFO_RD_DRV] RD Drive item: rd_en=1
UVM_INFO ../tb/env/async_fifo_scoreboard.sv(55) @ 5358001: uvm_test_top.env.scb [ASYNC_FIFO_SCB] Write ignored because write side was full before edge
UVM_INFO ../tb/rd_agent/async_fifo_rd_monitor.sv(69) @ 5362001: uvm_test_top.env.rd_agt.monitor [ASYNC_FIFO_RD_MON] RD accepted item: rd_data=0x643c9424
UVM_INFO ../tb/env/async_fifo_scoreboard.sv(55) @ 5370001: uvm_test_top.env.scb [ASYNC_FIFO_SCB] Write ignored because write side was full before edge
UVM_INFO ../tb/rd_agent/async_fifo_rd_driver.sv(38) @ 5376000: uvm_test_top.env.rd_agt.driver [ASYNC_FIFO_RD_DRV] RD Drive item: rd_en=0
UVM_INFO ../tb/env/async_fifo_scoreboard.sv(55) @ 5382001: uvm_test_top.env.scb [ASYNC_FIFO_SCB] Write ignored because write side was full before edge
UVM_INFO ../tb/env/async_fifo_scoreboard.sv(55) @ 5394001: uvm_test_top.env.scb [ASYNC_FIFO_SCB] Write ignored because write side was full before edge
UVM_INFO ../tb/rd_agent/async_fifo_rd_driver.sv(38) @ 5404000: uvm_test_top.env.rd_agt.driver [ASYNC_FIFO_RD_DRV] RD Drive item: rd_en=0
UVM_INFO ../tb/env/async_fifo_scoreboard.sv(49) @ 5406001: uvm_test_top.env.scb [ASYNC_FIFO_SCB] Model Push: 0x643c9424 depth=4
UVM_INFO ../tb/env/async_fifo_scoreboard.sv(55) @ 5418001: uvm_test_top.env.scb [ASYNC_FIFO_SCB] Write ignored because write side was full before edge
UVM_INFO ../tb/env/async_fifo_scoreboard.sv(55) @ 5430001: uvm_test_top.env.scb [ASYNC_FIFO_SCB] Write ignored because write side was full before edge
UVM_INFO ../tb/rd_agent/async_fifo_rd_driver.sv(38) @ 5432000: uvm_test_top.env.rd_agt.driver [ASYNC_FIFO_RD_DRV] RD Drive item: rd_en=0
UVM_INFO ../tb/env/async_fifo_scoreboard.sv(55) @ 5442001: uvm_test_top.env.scb [ASYNC_FIFO_SCB] Write ignored because write side was full before edge
UVM_INFO ../tb/env/async_fifo_scoreboard.sv(55) @ 5454001: uvm_test_top.env.scb [ASYNC_FIFO_SCB] Write ignored because write side was full before edge
UVM_INFO ../tb/rd_agent/async_fifo_rd_driver.sv(38) @ 5460000: uvm_test_top.env.rd_agt.driver [ASYNC_FIFO_RD_DRV] RD Drive item: rd_en=0
UVM_INFO ../tb/env/async_fifo_scoreboard.sv(55) @ 5466001: uvm_test_top.env.scb [ASYNC_FIFO_SCB] Write ignored because write side was full before edge
UVM_INFO ../tb/env/async_fifo_scoreboard.sv(55) @ 5478001: uvm_test_top.env.scb [ASYNC_FIFO_SCB] Write ignored because write side was full before edge
UVM_INFO ../tb/rd_agent/async_fifo_rd_driver.sv(38) @ 5488000: uvm_test_top.env.rd_agt.driver [ASYNC_FIFO_RD_DRV] RD Drive item: rd_en=1
UVM_INFO ../tb/env/async_fifo_scoreboard.sv(55) @ 5490001: uvm_test_top.env.scb [ASYNC_FIFO_SCB] Write ignored because write side was full before edge
UVM_INFO ../tb/rd_agent/async_fifo_rd_monitor.sv(69) @ 5502001: uvm_test_top.env.rd_agt.monitor [ASYNC_FIFO_RD_MON] RD accepted item: rd_data=0x643c9424
UVM_INFO ../tb/env/async_fifo_scoreboard.sv(55) @ 5502001: uvm_test_top.env.scb [ASYNC_FIFO_SCB] Write ignored because write side was full before edge
UVM_INFO ../tb/env/async_fifo_scoreboard.sv(55) @ 5514001: uvm_test_top.env.scb [ASYNC_FIFO_SCB] Write ignored because write side was full before edge
UVM_INFO ../tb/rd_agent/async_fifo_rd_driver.sv(38) @ 5516000: uvm_test_top.env.rd_agt.driver [ASYNC_FIFO_RD_DRV] RD Drive item: rd_en=1
UVM_INFO ../tb/env/async_fifo_scoreboard.sv(55) @ 5526001: uvm_test_top.env.scb [ASYNC_FIFO_SCB] Write ignored because write side was full before edge
UVM_INFO ../tb/rd_agent/async_fifo_rd_monitor.sv(69) @ 5530001: uvm_test_top.env.rd_agt.monitor [ASYNC_FIFO_RD_MON] RD accepted item: rd_data=0x643c9424
UVM_INFO ../tb/env/async_fifo_scoreboard.sv(55) @ 5538001: uvm_test_top.env.scb [ASYNC_FIFO_SCB] Write ignored because write side was full before edge
UVM_INFO ../tb/rd_agent/async_fifo_rd_driver.sv(38) @ 5544000: uvm_test_top.env.rd_agt.driver [ASYNC_FIFO_RD_DRV] RD Drive item: rd_en=1
UVM_INFO ../tb/env/async_fifo_scoreboard.sv(49) @ 5550001: uvm_test_top.env.scb [ASYNC_FIFO_SCB] Model Push: 0x643c9424 depth=3
UVM_INFO ../tb/rd_agent/async_fifo_rd_monitor.sv(69) @ 5558001: uvm_test_top.env.rd_agt.monitor [ASYNC_FIFO_RD_MON] RD accepted item: rd_data=0x643c9424
UVM_INFO ../tb/env/async_fifo_scoreboard.sv(55) @ 5562001: uvm_test_top.env.scb [ASYNC_FIFO_SCB] Write ignored because write side was full before edge
UVM_INFO ../tb/rd_agent/async_fifo_rd_driver.sv(38) @ 5572000: uvm_test_top.env.rd_agt.driver [ASYNC_FIFO_RD_DRV] RD Drive item: rd_en=0
UVM_INFO ../tb/env/async_fifo_scoreboard.sv(49) @ 5574001: uvm_test_top.env.scb [ASYNC_FIFO_SCB] Model Push: 0x643c9424 depth=3
UVM_INFO ../tb/env/async_fifo_scoreboard.sv(55) @ 5586001: uvm_test_top.env.scb [ASYNC_FIFO_SCB] Write ignored because write side was full before edge
UVM_INFO ../tb/env/async_fifo_scoreboard.sv(49) @ 5598001: uvm_test_top.env.scb [ASYNC_FIFO_SCB] Model Push: 0x643c9424 depth=4
UVM_INFO ../tb/rd_agent/async_fifo_rd_driver.sv(38) @ 5600000: uvm_test_top.env.rd_agt.driver [ASYNC_FIFO_RD_DRV] RD Drive item: rd_en=0
UVM_INFO ../tb/env/async_fifo_scoreboard.sv(55) @ 5610001: uvm_test_top.env.scb [ASYNC_FIFO_SCB] Write ignored because write side was full before edge
UVM_INFO ../tb/env/async_fifo_scoreboard.sv(55) @ 5622001: uvm_test_top.env.scb [ASYNC_FIFO_SCB] Write ignored because write side was full before edge
UVM_INFO ../tb/rd_agent/async_fifo_rd_driver.sv(38) @ 5628000: uvm_test_top.env.rd_agt.driver [ASYNC_FIFO_RD_DRV] RD Drive item: rd_en=0
UVM_INFO ../tb/env/async_fifo_scoreboard.sv(55) @ 5634001: uvm_test_top.env.scb [ASYNC_FIFO_SCB] Write ignored because write side was full before edge
UVM_INFO ../tb/env/async_fifo_scoreboard.sv(55) @ 5646001: uvm_test_top.env.scb [ASYNC_FIFO_SCB] Write ignored because write side was full before edge
UVM_INFO ../tb/rd_agent/async_fifo_rd_driver.sv(38) @ 5656000: uvm_test_top.env.rd_agt.driver [ASYNC_FIFO_RD_DRV] RD Drive item: rd_en=1
UVM_INFO ../tb/env/async_fifo_scoreboard.sv(55) @ 5658001: uvm_test_top.env.scb [ASYNC_FIFO_SCB] Write ignored because write side was full before edge
UVM_INFO ../tb/rd_agent/async_fifo_rd_monitor.sv(69) @ 5670001: uvm_test_top.env.rd_agt.monitor [ASYNC_FIFO_RD_MON] RD accepted item: rd_data=0x643c9424
UVM_INFO ../tb/env/async_fifo_scoreboard.sv(55) @ 5670001: uvm_test_top.env.scb [ASYNC_FIFO_SCB] Write ignored because write side was full before edge
UVM_INFO ../tb/env/async_fifo_scoreboard.sv(55) @ 5682001: uvm_test_top.env.scb [ASYNC_FIFO_SCB] Write ignored because write side was full before edge
UVM_INFO ../tb/rd_agent/async_fifo_rd_driver.sv(38) @ 5684000: uvm_test_top.env.rd_agt.driver [ASYNC_FIFO_RD_DRV] RD Drive item: rd_en=1
UVM_INFO ../tb/env/async_fifo_scoreboard.sv(55) @ 5694001: uvm_test_top.env.scb [ASYNC_FIFO_SCB] Write ignored because write side was full before edge
UVM_INFO ../tb/rd_agent/async_fifo_rd_monitor.sv(69) @ 5698001: uvm_test_top.env.rd_agt.monitor [ASYNC_FIFO_RD_MON] RD accepted item: rd_data=0x643c9424
UVM_INFO ../tb/env/async_fifo_scoreboard.sv(55) @ 5706001: uvm_test_top.env.scb [ASYNC_FIFO_SCB] Write ignored because write side was full before edge
UVM_INFO ../tb/rd_agent/async_fifo_rd_driver.sv(38) @ 5712000: uvm_test_top.env.rd_agt.driver [ASYNC_FIFO_RD_DRV] RD Drive item: rd_en=1
UVM_INFO ../tb/env/async_fifo_scoreboard.sv(49) @ 5718001: uvm_test_top.env.scb [ASYNC_FIFO_SCB] Model Push: 0x643c9424 depth=3
UVM_INFO ../tb/rd_agent/async_fifo_rd_monitor.sv(69) @ 5726001: uvm_test_top.env.rd_agt.monitor [ASYNC_FIFO_RD_MON] RD accepted item: rd_data=0x643c9424
UVM_INFO ../tb/env/async_fifo_scoreboard.sv(55) @ 5730001: uvm_test_top.env.scb [ASYNC_FIFO_SCB] Write ignored because write side was full before edge
UVM_INFO ../tb/rd_agent/async_fifo_rd_driver.sv(38) @ 5740000: uvm_test_top.env.rd_agt.driver [ASYNC_FIFO_RD_DRV] RD Drive item: rd_en=0
UVM_INFO ../tb/env/async_fifo_scoreboard.sv(49) @ 5742001: uvm_test_top.env.scb [ASYNC_FIFO_SCB] Model Push: 0x643c9424 depth=3
UVM_INFO ../tb/env/async_fifo_scoreboard.sv(55) @ 5754001: uvm_test_top.env.scb [ASYNC_FIFO_SCB] Write ignored because write side was full before edge
UVM_INFO ../tb/env/async_fifo_scoreboard.sv(49) @ 5766001: uvm_test_top.env.scb [ASYNC_FIFO_SCB] Model Push: 0x643c9424 depth=4
UVM_INFO ../tb/rd_agent/async_fifo_rd_driver.sv(38) @ 5768000: uvm_test_top.env.rd_agt.driver [ASYNC_FIFO_RD_DRV] RD Drive item: rd_en=0
UVM_INFO ../tb/env/async_fifo_scoreboard.sv(55) @ 5778001: uvm_test_top.env.scb [ASYNC_FIFO_SCB] Write ignored because write side was full before edge
UVM_INFO ../tb/env/async_fifo_scoreboard.sv(55) @ 5790001: uvm_test_top.env.scb [ASYNC_FIFO_SCB] Write ignored because write side was full before edge
UVM_INFO ../tb/rd_agent/async_fifo_rd_driver.sv(38) @ 5796000: uvm_test_top.env.rd_agt.driver [ASYNC_FIFO_RD_DRV] RD Drive item: rd_en=0
UVM_INFO ../tb/env/async_fifo_scoreboard.sv(55) @ 5802001: uvm_test_top.env.scb [ASYNC_FIFO_SCB] Write ignored because write side was full before edge
UVM_INFO ../tb/env/async_fifo_scoreboard.sv(55) @ 5814001: uvm_test_top.env.scb [ASYNC_FIFO_SCB] Write ignored because write side was full before edge
UVM_INFO ../tb/rd_agent/async_fifo_rd_driver.sv(38) @ 5824000: uvm_test_top.env.rd_agt.driver [ASYNC_FIFO_RD_DRV] RD Drive item: rd_en=0
UVM_INFO ../tb/env/async_fifo_scoreboard.sv(55) @ 5826001: uvm_test_top.env.scb [ASYNC_FIFO_SCB] Write ignored because write side was full before edge
UVM_INFO ../tb/env/async_fifo_scoreboard.sv(55) @ 5838001: uvm_test_top.env.scb [ASYNC_FIFO_SCB] Write ignored because write side was full before edge
UVM_INFO ../tb/env/async_fifo_scoreboard.sv(55) @ 5850001: uvm_test_top.env.scb [ASYNC_FIFO_SCB] Write ignored because write side was full before edge
UVM_INFO ../tb/rd_agent/async_fifo_rd_driver.sv(38) @ 5852000: uvm_test_top.env.rd_agt.driver [ASYNC_FIFO_RD_DRV] RD Drive item: rd_en=0
UVM_INFO ../tb/env/async_fifo_scoreboard.sv(55) @ 5862001: uvm_test_top.env.scb [ASYNC_FIFO_SCB] Write ignored because write side was full before edge
UVM_INFO ../tb/env/async_fifo_scoreboard.sv(55) @ 5874001: uvm_test_top.env.scb [ASYNC_FIFO_SCB] Write ignored because write side was full before edge
UVM_INFO ../tb/rd_agent/async_fifo_rd_driver.sv(38) @ 5880000: uvm_test_top.env.rd_agt.driver [ASYNC_FIFO_RD_DRV] RD Drive item: rd_en=0
UVM_INFO ../tb/env/async_fifo_scoreboard.sv(55) @ 5886001: uvm_test_top.env.scb [ASYNC_FIFO_SCB] Write ignored because write side was full before edge
UVM_INFO ../tb/env/async_fifo_scoreboard.sv(55) @ 5898001: uvm_test_top.env.scb [ASYNC_FIFO_SCB] Write ignored because write side was full before edge
UVM_INFO ../tb/rd_agent/async_fifo_rd_driver.sv(38) @ 5908000: uvm_test_top.env.rd_agt.driver [ASYNC_FIFO_RD_DRV] RD Drive item: rd_en=0
UVM_INFO ../tb/env/async_fifo_scoreboard.sv(55) @ 5910001: uvm_test_top.env.scb [ASYNC_FIFO_SCB] Write ignored because write side was full before edge
UVM_INFO ../tb/env/async_fifo_scoreboard.sv(55) @ 5922001: uvm_test_top.env.scb [ASYNC_FIFO_SCB] Write ignored because write side was full before edge
UVM_INFO ../tb/env/async_fifo_scoreboard.sv(55) @ 5934001: uvm_test_top.env.scb [ASYNC_FIFO_SCB] Write ignored because write side was full before edge
UVM_INFO ../tb/rd_agent/async_fifo_rd_driver.sv(38) @ 5936000: uvm_test_top.env.rd_agt.driver [ASYNC_FIFO_RD_DRV] RD Drive item: rd_en=1
UVM_INFO ../tb/env/async_fifo_scoreboard.sv(55) @ 5946001: uvm_test_top.env.scb [ASYNC_FIFO_SCB] Write ignored because write side was full before edge
UVM_INFO ../tb/rd_agent/async_fifo_rd_monitor.sv(69) @ 5950001: uvm_test_top.env.rd_agt.monitor [ASYNC_FIFO_RD_MON] RD accepted item: rd_data=0x643c9424
UVM_INFO ../tb/env/async_fifo_scoreboard.sv(55) @ 5958001: uvm_test_top.env.scb [ASYNC_FIFO_SCB] Write ignored because write side was full before edge
UVM_INFO ../tb/rd_agent/async_fifo_rd_driver.sv(38) @ 5964000: uvm_test_top.env.rd_agt.driver [ASYNC_FIFO_RD_DRV] RD Drive item: rd_en=0
UVM_INFO ../tb/env/async_fifo_scoreboard.sv(55) @ 5970001: uvm_test_top.env.scb [ASYNC_FIFO_SCB] Write ignored because write side was full before edge
UVM_INFO ../tb/env/async_fifo_scoreboard.sv(55) @ 5982001: uvm_test_top.env.scb [ASYNC_FIFO_SCB] Write ignored because write side was full before edge
UVM_INFO ../tb/rd_agent/async_fifo_rd_driver.sv(38) @ 5992000: uvm_test_top.env.rd_agt.driver [ASYNC_FIFO_RD_DRV] RD Drive item: rd_en=0
UVM_INFO ../tb/env/async_fifo_scoreboard.sv(49) @ 5994001: uvm_test_top.env.scb [ASYNC_FIFO_SCB] Model Push: 0x643c9424 depth=4
UVM_INFO ../tb/env/async_fifo_scoreboard.sv(55) @ 6006001: uvm_test_top.env.scb [ASYNC_FIFO_SCB] Write ignored because write side was full before edge
UVM_INFO ../tb/env/async_fifo_scoreboard.sv(55) @ 6018001: uvm_test_top.env.scb [ASYNC_FIFO_SCB] Write ignored because write side was full before edge
UVM_INFO ../tb/rd_agent/async_fifo_rd_driver.sv(38) @ 6020000: uvm_test_top.env.rd_agt.driver [ASYNC_FIFO_RD_DRV] RD Drive item: rd_en=0
UVM_INFO ../tb/env/async_fifo_scoreboard.sv(55) @ 6030001: uvm_test_top.env.scb [ASYNC_FIFO_SCB] Write ignored because write side was full before edge
UVM_INFO ../tb/env/async_fifo_scoreboard.sv(55) @ 6042001: uvm_test_top.env.scb [ASYNC_FIFO_SCB] Write ignored because write side was full before edge
UVM_INFO ../tb/rd_agent/async_fifo_rd_driver.sv(38) @ 6048000: uvm_test_top.env.rd_agt.driver [ASYNC_FIFO_RD_DRV] RD Drive item: rd_en=1
UVM_INFO ../tb/env/async_fifo_scoreboard.sv(55) @ 6054001: uvm_test_top.env.scb [ASYNC_FIFO_SCB] Write ignored because write side was full before edge
UVM_INFO ../tb/rd_agent/async_fifo_rd_monitor.sv(69) @ 6062001: uvm_test_top.env.rd_agt.monitor [ASYNC_FIFO_RD_MON] RD accepted item: rd_data=0x643c9424
UVM_INFO ../tb/env/async_fifo_scoreboard.sv(55) @ 6066001: uvm_test_top.env.scb [ASYNC_FIFO_SCB] Write ignored because write side was full before edge
UVM_INFO ../tb/rd_agent/async_fifo_rd_driver.sv(38) @ 6076000: uvm_test_top.env.rd_agt.driver [ASYNC_FIFO_RD_DRV] RD Drive item: rd_en=1
UVM_INFO ../tb/env/async_fifo_scoreboard.sv(55) @ 6078001: uvm_test_top.env.scb [ASYNC_FIFO_SCB] Write ignored because write side was full before edge
UVM_INFO ../tb/rd_agent/async_fifo_rd_monitor.sv(69) @ 6090001: uvm_test_top.env.rd_agt.monitor [ASYNC_FIFO_RD_MON] RD accepted item: rd_data=0x643c9424
UVM_INFO ../tb/env/async_fifo_scoreboard.sv(55) @ 6090001: uvm_test_top.env.scb [ASYNC_FIFO_SCB] Write ignored because write side was full before edge
UVM_INFO ../tb/env/async_fifo_scoreboard.sv(49) @ 6102001: uvm_test_top.env.scb [ASYNC_FIFO_SCB] Model Push: 0x643c9424 depth=3
UVM_INFO ../tb/rd_agent/async_fifo_rd_driver.sv(38) @ 6104000: uvm_test_top.env.rd_agt.driver [ASYNC_FIFO_RD_DRV] RD Drive item: rd_en=1
UVM_INFO ../tb/env/async_fifo_scoreboard.sv(55) @ 6114001: uvm_test_top.env.scb [ASYNC_FIFO_SCB] Write ignored because write side was full before edge
UVM_INFO ../tb/rd_agent/async_fifo_rd_monitor.sv(69) @ 6118001: uvm_test_top.env.rd_agt.monitor [ASYNC_FIFO_RD_MON] RD accepted item: rd_data=0x643c9424
UVM_INFO ../tb/env/async_fifo_scoreboard.sv(55) @ 6126001: uvm_test_top.env.scb [ASYNC_FIFO_SCB] Write ignored because write side was full before edge
UVM_INFO ../tb/rd_agent/async_fifo_rd_driver.sv(38) @ 6132000: uvm_test_top.env.rd_agt.driver [ASYNC_FIFO_RD_DRV] RD Drive item: rd_en=0
UVM_INFO ../tb/env/async_fifo_scoreboard.sv(49) @ 6138001: uvm_test_top.env.scb [ASYNC_FIFO_SCB] Model Push: 0x643c9424 depth=3
UVM_INFO ../tb/env/async_fifo_scoreboard.sv(55) @ 6150001: uvm_test_top.env.scb [ASYNC_FIFO_SCB] Write ignored because write side was full before edge
UVM_INFO ../tb/rd_agent/async_fifo_rd_driver.sv(38) @ 6160000: uvm_test_top.env.rd_agt.driver [ASYNC_FIFO_RD_DRV] RD Drive item: rd_en=0
UVM_INFO ../tb/env/async_fifo_scoreboard.sv(49) @ 6162001: uvm_test_top.env.scb [ASYNC_FIFO_SCB] Model Push: 0x643c9424 depth=4
UVM_INFO ../tb/env/async_fifo_scoreboard.sv(55) @ 6174001: uvm_test_top.env.scb [ASYNC_FIFO_SCB] Write ignored because write side was full before edge
UVM_INFO ../tb/env/async_fifo_scoreboard.sv(55) @ 6186001: uvm_test_top.env.scb [ASYNC_FIFO_SCB] Write ignored because write side was full before edge
UVM_INFO ../tb/rd_agent/async_fifo_rd_driver.sv(38) @ 6188000: uvm_test_top.env.rd_agt.driver [ASYNC_FIFO_RD_DRV] RD Drive item: rd_en=1
UVM_INFO ../tb/env/async_fifo_scoreboard.sv(55) @ 6198001: uvm_test_top.env.scb [ASYNC_FIFO_SCB] Write ignored because write side was full before edge
UVM_INFO ../tb/rd_agent/async_fifo_rd_monitor.sv(69) @ 6202001: uvm_test_top.env.rd_agt.monitor [ASYNC_FIFO_RD_MON] RD accepted item: rd_data=0x643c9424
UVM_INFO ../tb/env/async_fifo_scoreboard.sv(55) @ 6210001: uvm_test_top.env.scb [ASYNC_FIFO_SCB] Write ignored because write side was full before edge
UVM_INFO ../tb/rd_agent/async_fifo_rd_driver.sv(38) @ 6216000: uvm_test_top.env.rd_agt.driver [ASYNC_FIFO_RD_DRV] RD Drive item: rd_en=1
UVM_INFO ../tb/env/async_fifo_scoreboard.sv(55) @ 6222001: uvm_test_top.env.scb [ASYNC_FIFO_SCB] Write ignored because write side was full before edge
UVM_INFO ../tb/rd_agent/async_fifo_rd_monitor.sv(69) @ 6230001: uvm_test_top.env.rd_agt.monitor [ASYNC_FIFO_RD_MON] RD accepted item: rd_data=0x643c9424
UVM_INFO ../tb/env/async_fifo_scoreboard.sv(55) @ 6234001: uvm_test_top.env.scb [ASYNC_FIFO_SCB] Write ignored because write side was full before edge
UVM_INFO ../tb/rd_agent/async_fifo_rd_driver.sv(38) @ 6244000: uvm_test_top.env.rd_agt.driver [ASYNC_FIFO_RD_DRV] RD Drive item: rd_en=0
UVM_INFO ../tb/env/async_fifo_scoreboard.sv(49) @ 6246001: uvm_test_top.env.scb [ASYNC_FIFO_SCB] Model Push: 0x643c9424 depth=3
UVM_INFO ../tb/env/async_fifo_scoreboard.sv(55) @ 6258001: uvm_test_top.env.scb [ASYNC_FIFO_SCB] Write ignored because write side was full before edge
UVM_INFO ../tb/env/async_fifo_scoreboard.sv(49) @ 6270001: uvm_test_top.env.scb [ASYNC_FIFO_SCB] Model Push: 0x643c9424 depth=4
UVM_INFO ../tb/rd_agent/async_fifo_rd_driver.sv(38) @ 6272000: uvm_test_top.env.rd_agt.driver [ASYNC_FIFO_RD_DRV] RD Drive item: rd_en=1
UVM_INFO ../tb/env/async_fifo_scoreboard.sv(55) @ 6282001: uvm_test_top.env.scb [ASYNC_FIFO_SCB] Write ignored because write side was full before edge
UVM_INFO ../tb/rd_agent/async_fifo_rd_monitor.sv(69) @ 6286001: uvm_test_top.env.rd_agt.monitor [ASYNC_FIFO_RD_MON] RD accepted item: rd_data=0x643c9424
UVM_INFO ../tb/env/async_fifo_scoreboard.sv(55) @ 6294001: uvm_test_top.env.scb [ASYNC_FIFO_SCB] Write ignored because write side was full before edge
UVM_INFO ../tb/rd_agent/async_fifo_rd_driver.sv(38) @ 6300000: uvm_test_top.env.rd_agt.driver [ASYNC_FIFO_RD_DRV] RD Drive item: rd_en=1
UVM_INFO ../tb/env/async_fifo_scoreboard.sv(55) @ 6306001: uvm_test_top.env.scb [ASYNC_FIFO_SCB] Write ignored because write side was full before edge
UVM_INFO ../tb/rd_agent/async_fifo_rd_monitor.sv(69) @ 6314001: uvm_test_top.env.rd_agt.monitor [ASYNC_FIFO_RD_MON] RD accepted item: rd_data=0x643c9424
UVM_INFO ../tb/env/async_fifo_scoreboard.sv(55) @ 6318001: uvm_test_top.env.scb [ASYNC_FIFO_SCB] Write ignored because write side was full before edge
UVM_INFO ../tb/rd_agent/async_fifo_rd_driver.sv(38) @ 6328000: uvm_test_top.env.rd_agt.driver [ASYNC_FIFO_RD_DRV] RD Drive item: rd_en=0
UVM_INFO ../tb/env/async_fifo_scoreboard.sv(49) @ 6330001: uvm_test_top.env.scb [ASYNC_FIFO_SCB] Model Push: 0x643c9424 depth=3
UVM_INFO ../tb/env/async_fifo_scoreboard.sv(55) @ 6342001: uvm_test_top.env.scb [ASYNC_FIFO_SCB] Write ignored because write side was full before edge
UVM_INFO ../tb/env/async_fifo_scoreboard.sv(49) @ 6354001: uvm_test_top.env.scb [ASYNC_FIFO_SCB] Model Push: 0x643c9424 depth=4
UVM_INFO ../tb/rd_agent/async_fifo_rd_driver.sv(38) @ 6356000: uvm_test_top.env.rd_agt.driver [ASYNC_FIFO_RD_DRV] RD Drive item: rd_en=0
UVM_INFO ../tb/env/async_fifo_scoreboard.sv(55) @ 6366001: uvm_test_top.env.scb [ASYNC_FIFO_SCB] Write ignored because write side was full before edge
UVM_INFO ../tb/env/async_fifo_scoreboard.sv(55) @ 6378001: uvm_test_top.env.scb [ASYNC_FIFO_SCB] Write ignored because write side was full before edge
UVM_INFO ../tb/rd_agent/async_fifo_rd_driver.sv(38) @ 6384000: uvm_test_top.env.rd_agt.driver [ASYNC_FIFO_RD_DRV] RD Drive item: rd_en=0
UVM_INFO ../tb/env/async_fifo_scoreboard.sv(55) @ 6390001: uvm_test_top.env.scb [ASYNC_FIFO_SCB] Write ignored because write side was full before edge
UVM_INFO ../tb/env/async_fifo_scoreboard.sv(55) @ 6402001: uvm_test_top.env.scb [ASYNC_FIFO_SCB] Write ignored because write side was full before edge
UVM_INFO ../tb/rd_agent/async_fifo_rd_driver.sv(38) @ 6412000: uvm_test_top.env.rd_agt.driver [ASYNC_FIFO_RD_DRV] RD Drive item: rd_en=0
UVM_INFO ../tb/env/async_fifo_scoreboard.sv(55) @ 6414001: uvm_test_top.env.scb [ASYNC_FIFO_SCB] Write ignored because write side was full before edge
UVM_INFO ../tb/env/async_fifo_scoreboard.sv(55) @ 6426001: uvm_test_top.env.scb [ASYNC_FIFO_SCB] Write ignored because write side was full before edge
UVM_INFO ../tb/env/async_fifo_scoreboard.sv(55) @ 6438001: uvm_test_top.env.scb [ASYNC_FIFO_SCB] Write ignored because write side was full before edge
UVM_INFO ../tb/rd_agent/async_fifo_rd_driver.sv(38) @ 6440000: uvm_test_top.env.rd_agt.driver [ASYNC_FIFO_RD_DRV] RD Drive item: rd_en=1
UVM_INFO ../tb/env/async_fifo_scoreboard.sv(55) @ 6450001: uvm_test_top.env.scb [ASYNC_FIFO_SCB] Write ignored because write side was full before edge
UVM_INFO ../tb/rd_agent/async_fifo_rd_monitor.sv(69) @ 6454001: uvm_test_top.env.rd_agt.monitor [ASYNC_FIFO_RD_MON] RD accepted item: rd_data=0x643c9424
UVM_INFO ../tb/env/async_fifo_scoreboard.sv(55) @ 6462001: uvm_test_top.env.scb [ASYNC_FIFO_SCB] Write ignored because write side was full before edge
UVM_INFO ../tb/rd_agent/async_fifo_rd_driver.sv(38) @ 6468000: uvm_test_top.env.rd_agt.driver [ASYNC_FIFO_RD_DRV] RD Drive item: rd_en=1
UVM_INFO ../tb/env/async_fifo_scoreboard.sv(55) @ 6474001: uvm_test_top.env.scb [ASYNC_FIFO_SCB] Write ignored because write side was full before edge
UVM_INFO ../tb/rd_agent/async_fifo_rd_monitor.sv(69) @ 6482001: uvm_test_top.env.rd_agt.monitor [ASYNC_FIFO_RD_MON] RD accepted item: rd_data=0x643c9424
UVM_INFO ../tb/env/async_fifo_scoreboard.sv(55) @ 6486001: uvm_test_top.env.scb [ASYNC_FIFO_SCB] Write ignored because write side was full before edge
UVM_INFO ../tb/rd_agent/async_fifo_rd_driver.sv(38) @ 6496000: uvm_test_top.env.rd_agt.driver [ASYNC_FIFO_RD_DRV] RD Drive item: rd_en=1
UVM_INFO ../tb/env/async_fifo_scoreboard.sv(49) @ 6498001: uvm_test_top.env.scb [ASYNC_FIFO_SCB] Model Push: 0x643c9424 depth=3
UVM_INFO ../tb/rd_agent/async_fifo_rd_monitor.sv(69) @ 6510001: uvm_test_top.env.rd_agt.monitor [ASYNC_FIFO_RD_MON] RD accepted item: rd_data=0x643c9424
UVM_INFO ../tb/env/async_fifo_scoreboard.sv(55) @ 6510001: uvm_test_top.env.scb [ASYNC_FIFO_SCB] Write ignored because write side was full before edge
UVM_INFO ../tb/env/async_fifo_scoreboard.sv(49) @ 6522001: uvm_test_top.env.scb [ASYNC_FIFO_SCB] Model Push: 0x643c9424 depth=3
UVM_INFO ../tb/rd_agent/async_fifo_rd_driver.sv(38) @ 6524000: uvm_test_top.env.rd_agt.driver [ASYNC_FIFO_RD_DRV] RD Drive item: rd_en=1
UVM_INFO ../tb/env/async_fifo_scoreboard.sv(55) @ 6534001: uvm_test_top.env.scb [ASYNC_FIFO_SCB] Write ignored because write side was full before edge
UVM_INFO ../tb/rd_agent/async_fifo_rd_monitor.sv(69) @ 6538001: uvm_test_top.env.rd_agt.monitor [ASYNC_FIFO_RD_MON] RD accepted item: rd_data=0x643c9424
UVM_INFO ../tb/env/async_fifo_scoreboard.sv(55) @ 6546001: uvm_test_top.env.scb [ASYNC_FIFO_SCB] Write ignored because write side was full before edge
UVM_INFO ../tb/rd_agent/async_fifo_rd_driver.sv(38) @ 6552000: uvm_test_top.env.rd_agt.driver [ASYNC_FIFO_RD_DRV] RD Drive item: rd_en=1
UVM_INFO ../tb/env/async_fifo_scoreboard.sv(49) @ 6558001: uvm_test_top.env.scb [ASYNC_FIFO_SCB] Model Push: 0x643c9424 depth=3
UVM_INFO ../tb/env/async_fifo_scoreboard.sv(55) @ 6570001: uvm_test_top.env.scb [ASYNC_FIFO_SCB] Write ignored because write side was full before edge
UVM_INFO ../tb/rd_agent/async_fifo_rd_driver.sv(38) @ 6580000: uvm_test_top.env.rd_agt.driver [ASYNC_FIFO_RD_DRV] RD Drive item: rd_en=1
UVM_INFO ../tb/env/async_fifo_scoreboard.sv(49) @ 6582001: uvm_test_top.env.scb [ASYNC_FIFO_SCB] Model Push: 0x643c9424 depth=4
UVM_INFO ../tb/rd_agent/async_fifo_rd_monitor.sv(69) @ 6594001: uvm_test_top.env.rd_agt.monitor [ASYNC_FIFO_RD_MON] RD accepted item: rd_data=0x643c9424
UVM_INFO ../tb/env/async_fifo_scoreboard.sv(55) @ 6594001: uvm_test_top.env.scb [ASYNC_FIFO_SCB] Write ignored because write side was full before edge
UVM_INFO ../tb/env/async_fifo_scoreboard.sv(55) @ 6606001: uvm_test_top.env.scb [ASYNC_FIFO_SCB] Write ignored because write side was full before edge
UVM_INFO ../tb/rd_agent/async_fifo_rd_driver.sv(38) @ 6608000: uvm_test_top.env.rd_agt.driver [ASYNC_FIFO_RD_DRV] RD Drive item: rd_en=1
UVM_INFO ../tb/env/async_fifo_scoreboard.sv(55) @ 6618001: uvm_test_top.env.scb [ASYNC_FIFO_SCB] Write ignored because write side was full before edge
UVM_INFO ../tb/rd_agent/async_fifo_rd_monitor.sv(69) @ 6622001: uvm_test_top.env.rd_agt.monitor [ASYNC_FIFO_RD_MON] RD accepted item: rd_data=0x643c9424
UVM_INFO ../tb/env/async_fifo_scoreboard.sv(55) @ 6630001: uvm_test_top.env.scb [ASYNC_FIFO_SCB] Write ignored because write side was full before edge
UVM_INFO ../tb/rd_agent/async_fifo_rd_driver.sv(38) @ 6636000: uvm_test_top.env.rd_agt.driver [ASYNC_FIFO_RD_DRV] RD Drive item: rd_en=1
UVM_INFO ../tb/env/async_fifo_scoreboard.sv(49) @ 6642001: uvm_test_top.env.scb [ASYNC_FIFO_SCB] Model Push: 0x643c9424 depth=3
UVM_INFO ../tb/rd_agent/async_fifo_rd_monitor.sv(69) @ 6650001: uvm_test_top.env.rd_agt.monitor [ASYNC_FIFO_RD_MON] RD accepted item: rd_data=0x643c9424
UVM_INFO ../tb/env/async_fifo_scoreboard.sv(55) @ 6654001: uvm_test_top.env.scb [ASYNC_FIFO_SCB] Write ignored because write side was full before edge
UVM_INFO ../tb/rd_agent/async_fifo_rd_driver.sv(38) @ 6664000: uvm_test_top.env.rd_agt.driver [ASYNC_FIFO_RD_DRV] RD Drive item: rd_en=1
UVM_INFO ../tb/env/async_fifo_scoreboard.sv(49) @ 6666001: uvm_test_top.env.scb [ASYNC_FIFO_SCB] Model Push: 0x643c9424 depth=3
UVM_INFO ../tb/rd_agent/async_fifo_rd_monitor.sv(69) @ 6678001: uvm_test_top.env.rd_agt.monitor [ASYNC_FIFO_RD_MON] RD accepted item: rd_data=0x643c9424
UVM_INFO ../tb/env/async_fifo_scoreboard.sv(55) @ 6678001: uvm_test_top.env.scb [ASYNC_FIFO_SCB] Write ignored because write side was full before edge
UVM_INFO ../tb/env/async_fifo_scoreboard.sv(49) @ 6690001: uvm_test_top.env.scb [ASYNC_FIFO_SCB] Model Push: 0x643c9424 depth=3
UVM_INFO ../tb/rd_agent/async_fifo_rd_driver.sv(38) @ 6692000: uvm_test_top.env.rd_agt.driver [ASYNC_FIFO_RD_DRV] RD Drive item: rd_en=1
UVM_INFO ../tb/env/async_fifo_scoreboard.sv(55) @ 6702001: uvm_test_top.env.scb [ASYNC_FIFO_SCB] Write ignored because write side was full before edge
UVM_INFO ../tb/env/async_fifo_scoreboard.sv(55) @ 6714001: uvm_test_top.env.scb [ASYNC_FIFO_SCB] Write ignored because write side was full before edge
UVM_INFO ../tb/rd_agent/async_fifo_rd_driver.sv(38) @ 6720000: uvm_test_top.env.rd_agt.driver [ASYNC_FIFO_RD_DRV] RD Drive item: rd_en=1
UVM_INFO ../tb/env/async_fifo_scoreboard.sv(49) @ 6726001: uvm_test_top.env.scb [ASYNC_FIFO_SCB] Model Push: 0x643c9424 depth=4
UVM_INFO ../tb/rd_agent/async_fifo_rd_monitor.sv(69) @ 6734001: uvm_test_top.env.rd_agt.monitor [ASYNC_FIFO_RD_MON] RD accepted item: rd_data=0x643c9424
UVM_INFO ../tb/env/async_fifo_scoreboard.sv(55) @ 6738001: uvm_test_top.env.scb [ASYNC_FIFO_SCB] Write ignored because write side was full before edge
UVM_INFO ../tb/rd_agent/async_fifo_rd_driver.sv(38) @ 6748000: uvm_test_top.env.rd_agt.driver [ASYNC_FIFO_RD_DRV] RD Drive item: rd_en=1
UVM_INFO ../tb/env/async_fifo_scoreboard.sv(55) @ 6750001: uvm_test_top.env.scb [ASYNC_FIFO_SCB] Write ignored because write side was full before edge
UVM_INFO ../tb/rd_agent/async_fifo_rd_monitor.sv(69) @ 6762001: uvm_test_top.env.rd_agt.monitor [ASYNC_FIFO_RD_MON] RD accepted item: rd_data=0x643c9424
UVM_INFO ../tb/env/async_fifo_scoreboard.sv(55) @ 6762001: uvm_test_top.env.scb [ASYNC_FIFO_SCB] Write ignored because write side was full before edge
UVM_INFO ../tb/env/async_fifo_scoreboard.sv(49) @ 6774001: uvm_test_top.env.scb [ASYNC_FIFO_SCB] Model Push: 0x643c9424 depth=3
UVM_INFO ../tb/rd_agent/async_fifo_rd_driver.sv(38) @ 6776000: uvm_test_top.env.rd_agt.driver [ASYNC_FIFO_RD_DRV] RD Drive item: rd_en=1
UVM_INFO ../tb/env/async_fifo_scoreboard.sv(55) @ 6786001: uvm_test_top.env.scb [ASYNC_FIFO_SCB] Write ignored because write side was full before edge
UVM_INFO ../tb/rd_agent/async_fifo_rd_monitor.sv(69) @ 6790001: uvm_test_top.env.rd_agt.monitor [ASYNC_FIFO_RD_MON] RD accepted item: rd_data=0x643c9424
UVM_INFO ../tb/env/async_fifo_scoreboard.sv(55) @ 6798001: uvm_test_top.env.scb [ASYNC_FIFO_SCB] Write ignored because write side was full before edge
UVM_INFO ../tb/rd_agent/async_fifo_rd_driver.sv(38) @ 6804000: uvm_test_top.env.rd_agt.driver [ASYNC_FIFO_RD_DRV] RD Drive item: rd_en=1
UVM_INFO ../tb/env/async_fifo_scoreboard.sv(49) @ 6810001: uvm_test_top.env.scb [ASYNC_FIFO_SCB] Model Push: 0x643c9424 depth=3
UVM_INFO ../tb/rd_agent/async_fifo_rd_monitor.sv(69) @ 6818001: uvm_test_top.env.rd_agt.monitor [ASYNC_FIFO_RD_MON] RD accepted item: rd_data=0x643c9424
UVM_INFO ../tb/env/async_fifo_scoreboard.sv(55) @ 6822001: uvm_test_top.env.scb [ASYNC_FIFO_SCB] Write ignored because write side was full before edge
UVM_INFO ../tb/rd_agent/async_fifo_rd_driver.sv(38) @ 6832000: uvm_test_top.env.rd_agt.driver [ASYNC_FIFO_RD_DRV] RD Drive item: rd_en=1
UVM_INFO ../tb/env/async_fifo_scoreboard.sv(49) @ 6834001: uvm_test_top.env.scb [ASYNC_FIFO_SCB] Model Push: 0x643c9424 depth=3
UVM_INFO ../tb/env/async_fifo_scoreboard.sv(55) @ 6846001: uvm_test_top.env.scb [ASYNC_FIFO_SCB] Write ignored because write side was full before edge
UVM_INFO ../tb/env/async_fifo_scoreboard.sv(49) @ 6858001: uvm_test_top.env.scb [ASYNC_FIFO_SCB] Model Push: 0x643c9424 depth=4
UVM_INFO ../tb/rd_agent/async_fifo_rd_driver.sv(38) @ 6860000: uvm_test_top.env.rd_agt.driver [ASYNC_FIFO_RD_DRV] RD Drive item: rd_en=1
UVM_INFO ../tb/env/async_fifo_scoreboard.sv(55) @ 6870001: uvm_test_top.env.scb [ASYNC_FIFO_SCB] Write ignored because write side was full before edge
UVM_INFO ../tb/rd_agent/async_fifo_rd_monitor.sv(69) @ 6874001: uvm_test_top.env.rd_agt.monitor [ASYNC_FIFO_RD_MON] RD accepted item: rd_data=0x643c9424
UVM_INFO ../tb/env/async_fifo_scoreboard.sv(55) @ 6882001: uvm_test_top.env.scb [ASYNC_FIFO_SCB] Write ignored because write side was full before edge
UVM_INFO ../tb/rd_agent/async_fifo_rd_driver.sv(38) @ 6888000: uvm_test_top.env.rd_agt.driver [ASYNC_FIFO_RD_DRV] RD Drive item: rd_en=1
UVM_INFO ../tb/env/async_fifo_scoreboard.sv(55) @ 6894001: uvm_test_top.env.scb [ASYNC_FIFO_SCB] Write ignored because write side was full before edge
UVM_INFO ../tb/rd_agent/async_fifo_rd_monitor.sv(69) @ 6902001: uvm_test_top.env.rd_agt.monitor [ASYNC_FIFO_RD_MON] RD accepted item: rd_data=0x643c9424
UVM_INFO ../tb/env/async_fifo_scoreboard.sv(55) @ 6906001: uvm_test_top.env.scb [ASYNC_FIFO_SCB] Write ignored because write side was full before edge
UVM_INFO ../tb/rd_agent/async_fifo_rd_driver.sv(38) @ 6916000: uvm_test_top.env.rd_agt.driver [ASYNC_FIFO_RD_DRV] RD Drive item: rd_en=1
UVM_INFO ../tb/env/async_fifo_scoreboard.sv(49) @ 6918001: uvm_test_top.env.scb [ASYNC_FIFO_SCB] Model Push: 0x643c9424 depth=3
UVM_INFO ../tb/rd_agent/async_fifo_rd_monitor.sv(69) @ 6930001: uvm_test_top.env.rd_agt.monitor [ASYNC_FIFO_RD_MON] RD accepted item: rd_data=0x643c9424
UVM_INFO ../tb/env/async_fifo_scoreboard.sv(55) @ 6930001: uvm_test_top.env.scb [ASYNC_FIFO_SCB] Write ignored because write side was full before edge
UVM_INFO ../tb/env/async_fifo_scoreboard.sv(49) @ 6942001: uvm_test_top.env.scb [ASYNC_FIFO_SCB] Model Push: 0x643c9424 depth=3
UVM_INFO ../tb/rd_agent/async_fifo_rd_driver.sv(38) @ 6944000: uvm_test_top.env.rd_agt.driver [ASYNC_FIFO_RD_DRV] RD Drive item: rd_en=1
UVM_INFO ../tb/env/async_fifo_scoreboard.sv(55) @ 6954001: uvm_test_top.env.scb [ASYNC_FIFO_SCB] Write ignored because write side was full before edge
UVM_INFO ../tb/rd_agent/async_fifo_rd_monitor.sv(69) @ 6958001: uvm_test_top.env.rd_agt.monitor [ASYNC_FIFO_RD_MON] RD accepted item: rd_data=0x643c9424
UVM_INFO ../tb/env/async_fifo_scoreboard.sv(55) @ 6966001: uvm_test_top.env.scb [ASYNC_FIFO_SCB] Write ignored because write side was full before edge
UVM_INFO ../tb/rd_agent/async_fifo_rd_driver.sv(38) @ 6972000: uvm_test_top.env.rd_agt.driver [ASYNC_FIFO_RD_DRV] RD Drive item: rd_en=1
UVM_INFO ../tb/env/async_fifo_scoreboard.sv(49) @ 6978001: uvm_test_top.env.scb [ASYNC_FIFO_SCB] Model Push: 0x643c9424 depth=3
UVM_INFO ../tb/env/async_fifo_scoreboard.sv(55) @ 6990001: uvm_test_top.env.scb [ASYNC_FIFO_SCB] Write ignored because write side was full before edge
UVM_INFO ../tb/rd_agent/async_fifo_rd_driver.sv(38) @ 7000000: uvm_test_top.env.rd_agt.driver [ASYNC_FIFO_RD_DRV] RD Drive item: rd_en=1
UVM_INFO ../tb/env/async_fifo_scoreboard.sv(49) @ 7002001: uvm_test_top.env.scb [ASYNC_FIFO_SCB] Model Push: 0x643c9424 depth=4
UVM_INFO ../tb/rd_agent/async_fifo_rd_monitor.sv(69) @ 7014001: uvm_test_top.env.rd_agt.monitor [ASYNC_FIFO_RD_MON] RD accepted item: rd_data=0x643c9424
UVM_INFO ../tb/env/async_fifo_scoreboard.sv(55) @ 7014001: uvm_test_top.env.scb [ASYNC_FIFO_SCB] Write ignored because write side was full before edge
UVM_INFO ../tb/env/async_fifo_scoreboard.sv(55) @ 7026001: uvm_test_top.env.scb [ASYNC_FIFO_SCB] Write ignored because write side was full before edge
UVM_INFO ../tb/rd_agent/async_fifo_rd_driver.sv(38) @ 7028000: uvm_test_top.env.rd_agt.driver [ASYNC_FIFO_RD_DRV] RD Drive item: rd_en=1
UVM_INFO ../tb/env/async_fifo_scoreboard.sv(55) @ 7038001: uvm_test_top.env.scb [ASYNC_FIFO_SCB] Write ignored because write side was full before edge
UVM_INFO ../tb/rd_agent/async_fifo_rd_monitor.sv(69) @ 7042001: uvm_test_top.env.rd_agt.monitor [ASYNC_FIFO_RD_MON] RD accepted item: rd_data=0x643c9424
UVM_INFO ../tb/env/async_fifo_scoreboard.sv(55) @ 7050001: uvm_test_top.env.scb [ASYNC_FIFO_SCB] Write ignored because write side was full before edge
UVM_INFO ../tb/rd_agent/async_fifo_rd_driver.sv(38) @ 7056000: uvm_test_top.env.rd_agt.driver [ASYNC_FIFO_RD_DRV] RD Drive item: rd_en=1
UVM_INFO ../tb/env/async_fifo_scoreboard.sv(49) @ 7062001: uvm_test_top.env.scb [ASYNC_FIFO_SCB] Model Push: 0x643c9424 depth=3
UVM_INFO ../tb/rd_agent/async_fifo_rd_monitor.sv(69) @ 7070001: uvm_test_top.env.rd_agt.monitor [ASYNC_FIFO_RD_MON] RD accepted item: rd_data=0x643c9424
UVM_INFO ../tb/env/async_fifo_scoreboard.sv(55) @ 7074001: uvm_test_top.env.scb [ASYNC_FIFO_SCB] Write ignored because write side was full before edge
UVM_INFO ../tb/rd_agent/async_fifo_rd_driver.sv(38) @ 7084000: uvm_test_top.env.rd_agt.driver [ASYNC_FIFO_RD_DRV] RD Drive item: rd_en=1
UVM_INFO ../tb/env/async_fifo_scoreboard.sv(49) @ 7086001: uvm_test_top.env.scb [ASYNC_FIFO_SCB] Model Push: 0x643c9424 depth=3
UVM_INFO ../tb/rd_agent/async_fifo_rd_monitor.sv(69) @ 7098001: uvm_test_top.env.rd_agt.monitor [ASYNC_FIFO_RD_MON] RD accepted item: rd_data=0x643c9424
UVM_INFO ../tb/env/async_fifo_scoreboard.sv(55) @ 7098001: uvm_test_top.env.scb [ASYNC_FIFO_SCB] Write ignored because write side was full before edge
UVM_INFO ../tb/env/async_fifo_scoreboard.sv(49) @ 7110001: uvm_test_top.env.scb [ASYNC_FIFO_SCB] Model Push: 0x643c9424 depth=3
UVM_INFO ../tb/rd_agent/async_fifo_rd_driver.sv(38) @ 7112000: uvm_test_top.env.rd_agt.driver [ASYNC_FIFO_RD_DRV] RD Drive item: rd_en=1
UVM_INFO ../tb/env/async_fifo_scoreboard.sv(55) @ 7122001: uvm_test_top.env.scb [ASYNC_FIFO_SCB] Write ignored because write side was full before edge
UVM_INFO ../tb/env/async_fifo_scoreboard.sv(55) @ 7134001: uvm_test_top.env.scb [ASYNC_FIFO_SCB] Write ignored because write side was full before edge
UVM_INFO ../tb/rd_agent/async_fifo_rd_driver.sv(38) @ 7140000: uvm_test_top.env.rd_agt.driver [ASYNC_FIFO_RD_DRV] RD Drive item: rd_en=1
UVM_INFO ../tb/env/async_fifo_scoreboard.sv(49) @ 7146001: uvm_test_top.env.scb [ASYNC_FIFO_SCB] Model Push: 0x643c9424 depth=4
UVM_INFO ../tb/rd_agent/async_fifo_rd_monitor.sv(69) @ 7154001: uvm_test_top.env.rd_agt.monitor [ASYNC_FIFO_RD_MON] RD accepted item: rd_data=0x643c9424
UVM_INFO ../tb/env/async_fifo_scoreboard.sv(55) @ 7158001: uvm_test_top.env.scb [ASYNC_FIFO_SCB] Write ignored because write side was full before edge
UVM_INFO ../tb/rd_agent/async_fifo_rd_driver.sv(38) @ 7168000: uvm_test_top.env.rd_agt.driver [ASYNC_FIFO_RD_DRV] RD Drive item: rd_en=1
UVM_INFO ../tb/env/async_fifo_scoreboard.sv(55) @ 7170001: uvm_test_top.env.scb [ASYNC_FIFO_SCB] Write ignored because write side was full before edge
UVM_INFO ../tb/rd_agent/async_fifo_rd_monitor.sv(69) @ 7182001: uvm_test_top.env.rd_agt.monitor [ASYNC_FIFO_RD_MON] RD accepted item: rd_data=0x643c9424
UVM_INFO ../tb/env/async_fifo_scoreboard.sv(55) @ 7182001: uvm_test_top.env.scb [ASYNC_FIFO_SCB] Write ignored because write side was full before edge
UVM_INFO ../tb/env/async_fifo_scoreboard.sv(49) @ 7194001: uvm_test_top.env.scb [ASYNC_FIFO_SCB] Model Push: 0x643c9424 depth=3
UVM_INFO ../tb/rd_agent/async_fifo_rd_driver.sv(38) @ 7196000: uvm_test_top.env.rd_agt.driver [ASYNC_FIFO_RD_DRV] RD Drive item: rd_en=1
UVM_INFO ../tb/env/async_fifo_scoreboard.sv(55) @ 7206001: uvm_test_top.env.scb [ASYNC_FIFO_SCB] Write ignored because write side was full before edge
UVM_INFO ../tb/rd_agent/async_fifo_rd_monitor.sv(69) @ 7210001: uvm_test_top.env.rd_agt.monitor [ASYNC_FIFO_RD_MON] RD accepted item: rd_data=0x643c9424
UVM_INFO ../tb/env/async_fifo_scoreboard.sv(55) @ 7218001: uvm_test_top.env.scb [ASYNC_FIFO_SCB] Write ignored because write side was full before edge
UVM_INFO ../tb/rd_agent/async_fifo_rd_driver.sv(38) @ 7224000: uvm_test_top.env.rd_agt.driver [ASYNC_FIFO_RD_DRV] RD Drive item: rd_en=1
UVM_INFO ../tb/env/async_fifo_scoreboard.sv(49) @ 7230001: uvm_test_top.env.scb [ASYNC_FIFO_SCB] Model Push: 0x643c9424 depth=3
UVM_INFO ../tb/rd_agent/async_fifo_rd_monitor.sv(69) @ 7238001: uvm_test_top.env.rd_agt.monitor [ASYNC_FIFO_RD_MON] RD accepted item: rd_data=0x643c9424
UVM_INFO ../tb/env/async_fifo_scoreboard.sv(55) @ 7242001: uvm_test_top.env.scb [ASYNC_FIFO_SCB] Write ignored because write side was full before edge
UVM_INFO ../tb/rd_agent/async_fifo_rd_driver.sv(38) @ 7252000: uvm_test_top.env.rd_agt.driver [ASYNC_FIFO_RD_DRV] RD Drive item: rd_en=1
UVM_INFO ../tb/env/async_fifo_scoreboard.sv(49) @ 7254001: uvm_test_top.env.scb [ASYNC_FIFO_SCB] Model Push: 0x643c9424 depth=3
UVM_INFO ../tb/env/async_fifo_scoreboard.sv(55) @ 7266001: uvm_test_top.env.scb [ASYNC_FIFO_SCB] Write ignored because write side was full before edge
UVM_INFO ../tb/env/async_fifo_scoreboard.sv(49) @ 7278001: uvm_test_top.env.scb [ASYNC_FIFO_SCB] Model Push: 0x643c9424 depth=4
UVM_INFO ../tb/rd_agent/async_fifo_rd_driver.sv(38) @ 7280000: uvm_test_top.env.rd_agt.driver [ASYNC_FIFO_RD_DRV] RD Drive item: rd_en=1
UVM_INFO ../tb/env/async_fifo_scoreboard.sv(55) @ 7290001: uvm_test_top.env.scb [ASYNC_FIFO_SCB] Write ignored because write side was full before edge
UVM_INFO ../tb/rd_agent/async_fifo_rd_monitor.sv(69) @ 7294001: uvm_test_top.env.rd_agt.monitor [ASYNC_FIFO_RD_MON] RD accepted item: rd_data=0x643c9424
UVM_INFO ../tb/env/async_fifo_scoreboard.sv(55) @ 7302001: uvm_test_top.env.scb [ASYNC_FIFO_SCB] Write ignored because write side was full before edge
UVM_INFO ../tb/rd_agent/async_fifo_rd_driver.sv(38) @ 7308000: uvm_test_top.env.rd_agt.driver [ASYNC_FIFO_RD_DRV] RD Drive item: rd_en=1
UVM_INFO ../tb/env/async_fifo_scoreboard.sv(55) @ 7314001: uvm_test_top.env.scb [ASYNC_FIFO_SCB] Write ignored because write side was full before edge
UVM_INFO ../tb/rd_agent/async_fifo_rd_monitor.sv(69) @ 7322001: uvm_test_top.env.rd_agt.monitor [ASYNC_FIFO_RD_MON] RD accepted item: rd_data=0x643c9424
UVM_INFO ../tb/env/async_fifo_scoreboard.sv(55) @ 7326001: uvm_test_top.env.scb [ASYNC_FIFO_SCB] Write ignored because write side was full before edge
UVM_INFO ../tb/rd_agent/async_fifo_rd_driver.sv(38) @ 7336000: uvm_test_top.env.rd_agt.driver [ASYNC_FIFO_RD_DRV] RD Drive item: rd_en=1
UVM_INFO ../tb/env/async_fifo_scoreboard.sv(49) @ 7338001: uvm_test_top.env.scb [ASYNC_FIFO_SCB] Model Push: 0x643c9424 depth=3
UVM_INFO ../tb/rd_agent/async_fifo_rd_monitor.sv(69) @ 7350001: uvm_test_top.env.rd_agt.monitor [ASYNC_FIFO_RD_MON] RD accepted item: rd_data=0x643c9424
UVM_INFO ../tb/env/async_fifo_scoreboard.sv(55) @ 7350001: uvm_test_top.env.scb [ASYNC_FIFO_SCB] Write ignored because write side was full before edge
UVM_INFO ../tb/env/async_fifo_scoreboard.sv(49) @ 7362001: uvm_test_top.env.scb [ASYNC_FIFO_SCB] Model Push: 0x643c9424 depth=3
UVM_INFO ../tb/rd_agent/async_fifo_rd_driver.sv(38) @ 7364000: uvm_test_top.env.rd_agt.driver [ASYNC_FIFO_RD_DRV] RD Drive item: rd_en=1
UVM_INFO ../tb/env/async_fifo_scoreboard.sv(55) @ 7374001: uvm_test_top.env.scb [ASYNC_FIFO_SCB] Write ignored because write side was full before edge
UVM_INFO ../tb/rd_agent/async_fifo_rd_monitor.sv(69) @ 7378001: uvm_test_top.env.rd_agt.monitor [ASYNC_FIFO_RD_MON] RD accepted item: rd_data=0x643c9424
UVM_INFO ../tb/env/async_fifo_scoreboard.sv(55) @ 7386001: uvm_test_top.env.scb [ASYNC_FIFO_SCB] Write ignored because write side was full before edge
UVM_INFO ../tb/rd_agent/async_fifo_rd_driver.sv(38) @ 7392000: uvm_test_top.env.rd_agt.driver [ASYNC_FIFO_RD_DRV] RD Drive item: rd_en=1
UVM_INFO ../tb/env/async_fifo_scoreboard.sv(49) @ 7398001: uvm_test_top.env.scb [ASYNC_FIFO_SCB] Model Push: 0x643c9424 depth=3
UVM_INFO ../tb/env/async_fifo_scoreboard.sv(55) @ 7410001: uvm_test_top.env.scb [ASYNC_FIFO_SCB] Write ignored because write side was full before edge
UVM_INFO ../tb/rd_agent/async_fifo_rd_driver.sv(38) @ 7420000: uvm_test_top.env.rd_agt.driver [ASYNC_FIFO_RD_DRV] RD Drive item: rd_en=1
UVM_INFO ../tb/env/async_fifo_scoreboard.sv(49) @ 7422001: uvm_test_top.env.scb [ASYNC_FIFO_SCB] Model Push: 0x643c9424 depth=4
UVM_INFO ../tb/rd_agent/async_fifo_rd_monitor.sv(69) @ 7434001: uvm_test_top.env.rd_agt.monitor [ASYNC_FIFO_RD_MON] RD accepted item: rd_data=0x643c9424
UVM_INFO ../tb/env/async_fifo_scoreboard.sv(55) @ 7434001: uvm_test_top.env.scb [ASYNC_FIFO_SCB] Write ignored because write side was full before edge
UVM_INFO ../tb/env/async_fifo_scoreboard.sv(55) @ 7446001: uvm_test_top.env.scb [ASYNC_FIFO_SCB] Write ignored because write side was full before edge
UVM_INFO ../tb/rd_agent/async_fifo_rd_driver.sv(38) @ 7448000: uvm_test_top.env.rd_agt.driver [ASYNC_FIFO_RD_DRV] RD Drive item: rd_en=1
UVM_INFO ../tb/env/async_fifo_scoreboard.sv(55) @ 7458001: uvm_test_top.env.scb [ASYNC_FIFO_SCB] Write ignored because write side was full before edge
UVM_INFO ../tb/rd_agent/async_fifo_rd_monitor.sv(69) @ 7462001: uvm_test_top.env.rd_agt.monitor [ASYNC_FIFO_RD_MON] RD accepted item: rd_data=0x643c9424
UVM_INFO ../tb/env/async_fifo_scoreboard.sv(55) @ 7470001: uvm_test_top.env.scb [ASYNC_FIFO_SCB] Write ignored because write side was full before edge
UVM_INFO ../tb/rd_agent/async_fifo_rd_driver.sv(38) @ 7476000: uvm_test_top.env.rd_agt.driver [ASYNC_FIFO_RD_DRV] RD Drive item: rd_en=1
UVM_INFO ../tb/env/async_fifo_scoreboard.sv(49) @ 7482001: uvm_test_top.env.scb [ASYNC_FIFO_SCB] Model Push: 0x643c9424 depth=3
UVM_INFO ../tb/rd_agent/async_fifo_rd_monitor.sv(69) @ 7490001: uvm_test_top.env.rd_agt.monitor [ASYNC_FIFO_RD_MON] RD accepted item: rd_data=0x643c9424
UVM_INFO ../tb/env/async_fifo_scoreboard.sv(55) @ 7494001: uvm_test_top.env.scb [ASYNC_FIFO_SCB] Write ignored because write side was full before edge
UVM_INFO ../tb/rd_agent/async_fifo_rd_driver.sv(38) @ 7504000: uvm_test_top.env.rd_agt.driver [ASYNC_FIFO_RD_DRV] RD Drive item: rd_en=1
UVM_INFO ../tb/env/async_fifo_scoreboard.sv(49) @ 7506001: uvm_test_top.env.scb [ASYNC_FIFO_SCB] Model Push: 0x643c9424 depth=3
UVM_INFO ../tb/rd_agent/async_fifo_rd_monitor.sv(69) @ 7518001: uvm_test_top.env.rd_agt.monitor [ASYNC_FIFO_RD_MON] RD accepted item: rd_data=0x643c9424
UVM_INFO ../tb/env/async_fifo_scoreboard.sv(55) @ 7518001: uvm_test_top.env.scb [ASYNC_FIFO_SCB] Write ignored because write side was full before edge
UVM_INFO ../tb/env/async_fifo_scoreboard.sv(49) @ 7530001: uvm_test_top.env.scb [ASYNC_FIFO_SCB] Model Push: 0x643c9424 depth=3
UVM_INFO ../tb/env/async_fifo_scoreboard.sv(55) @ 7542001: uvm_test_top.env.scb [ASYNC_FIFO_SCB] Write ignored because write side was full before edge
UVM_INFO ../tb/env/async_fifo_scoreboard.sv(55) @ 7554001: uvm_test_top.env.scb [ASYNC_FIFO_SCB] Write ignored because write side was full before edge
UVM_INFO ../tb/env/async_fifo_scoreboard.sv(49) @ 7566001: uvm_test_top.env.scb [ASYNC_FIFO_SCB] Model Push: 0x643c9424 depth=4
UVM_INFO ../tb/rd_agent/async_fifo_rd_monitor.sv(69) @ 7574001: uvm_test_top.env.rd_agt.monitor [ASYNC_FIFO_RD_MON] RD accepted item: rd_data=0x643c9424
UVM_INFO ../tb/env/async_fifo_scoreboard.sv(55) @ 7578001: uvm_test_top.env.scb [ASYNC_FIFO_SCB] Write ignored because write side was full before edge
UVM_INFO ../tb/env/async_fifo_scoreboard.sv(55) @ 7590001: uvm_test_top.env.scb [ASYNC_FIFO_SCB] Write ignored because write side was full before edge
UVM_INFO ../tb/rd_agent/async_fifo_rd_monitor.sv(69) @ 7602001: uvm_test_top.env.rd_agt.monitor [ASYNC_FIFO_RD_MON] RD accepted item: rd_data=0x643c9424
UVM_INFO ../tb/env/async_fifo_scoreboard.sv(55) @ 7602001: uvm_test_top.env.scb [ASYNC_FIFO_SCB] Write ignored because write side was full before edge
UVM_INFO ../tb/env/async_fifo_scoreboard.sv(49) @ 7614001: uvm_test_top.env.scb [ASYNC_FIFO_SCB] Model Push: 0x643c9424 depth=3
UVM_INFO ../tb/env/async_fifo_scoreboard.sv(55) @ 7626001: uvm_test_top.env.scb [ASYNC_FIFO_SCB] Write ignored because write side was full before edge
UVM_INFO ../tb/rd_agent/async_fifo_rd_monitor.sv(69) @ 7630001: uvm_test_top.env.rd_agt.monitor [ASYNC_FIFO_RD_MON] RD accepted item: rd_data=0x643c9424
UVM_INFO ../tb/env/async_fifo_scoreboard.sv(55) @ 7638001: uvm_test_top.env.scb [ASYNC_FIFO_SCB] Write ignored because write side was full before edge
UVM_INFO ../tb/env/async_fifo_scoreboard.sv(49) @ 7650001: uvm_test_top.env.scb [ASYNC_FIFO_SCB] Model Push: 0x643c9424 depth=3
UVM_INFO ../tb/rd_agent/async_fifo_rd_monitor.sv(69) @ 7658001: uvm_test_top.env.rd_agt.monitor [ASYNC_FIFO_RD_MON] RD accepted item: rd_data=0x643c9424
UVM_INFO ../tb/env/async_fifo_scoreboard.sv(55) @ 7662001: uvm_test_top.env.scb [ASYNC_FIFO_SCB] Write ignored because write side was full before edge
UVM_INFO ../tb/env/async_fifo_scoreboard.sv(49) @ 7674001: uvm_test_top.env.scb [ASYNC_FIFO_SCB] Model Push: 0x643c9424 depth=3
UVM_INFO ../tb/env/async_fifo_scoreboard.sv(55) @ 7686001: uvm_test_top.env.scb [ASYNC_FIFO_SCB] Write ignored because write side was full before edge
UVM_INFO ../tb/env/async_fifo_scoreboard.sv(49) @ 7698001: uvm_test_top.env.scb [ASYNC_FIFO_SCB] Model Push: 0x643c9424 depth=4
UVM_INFO ../tb/env/async_fifo_scoreboard.sv(55) @ 7710001: uvm_test_top.env.scb [ASYNC_FIFO_SCB] Write ignored because write side was full before edge
UVM_INFO ../tb/rd_agent/async_fifo_rd_monitor.sv(69) @ 7714001: uvm_test_top.env.rd_agt.monitor [ASYNC_FIFO_RD_MON] RD accepted item: rd_data=0x643c9424
UVM_INFO ../tb/env/async_fifo_scoreboard.sv(55) @ 7722001: uvm_test_top.env.scb [ASYNC_FIFO_SCB] Write ignored because write side was full before edge
UVM_INFO ../tb/env/async_fifo_scoreboard.sv(55) @ 7734001: uvm_test_top.env.scb [ASYNC_FIFO_SCB] Write ignored because write side was full before edge
UVM_INFO ../tb/rd_agent/async_fifo_rd_monitor.sv(69) @ 7742001: uvm_test_top.env.rd_agt.monitor [ASYNC_FIFO_RD_MON] RD accepted item: rd_data=0x643c9424
UVM_INFO ../tb/env/async_fifo_scoreboard.sv(55) @ 7746001: uvm_test_top.env.scb [ASYNC_FIFO_SCB] Write ignored because write side was full before edge
UVM_INFO ../tb/env/async_fifo_scoreboard.sv(49) @ 7758001: uvm_test_top.env.scb [ASYNC_FIFO_SCB] Model Push: 0x643c9424 depth=3
UVM_INFO ../tb/rd_agent/async_fifo_rd_monitor.sv(69) @ 7770001: uvm_test_top.env.rd_agt.monitor [ASYNC_FIFO_RD_MON] RD accepted item: rd_data=0x643c9424
UVM_INFO ../tb/env/async_fifo_scoreboard.sv(55) @ 7770001: uvm_test_top.env.scb [ASYNC_FIFO_SCB] Write ignored because write side was full before edge
UVM_INFO ../tb/env/async_fifo_scoreboard.sv(49) @ 7782001: uvm_test_top.env.scb [ASYNC_FIFO_SCB] Model Push: 0x643c9424 depth=3
UVM_INFO ../tb/env/async_fifo_scoreboard.sv(55) @ 7794001: uvm_test_top.env.scb [ASYNC_FIFO_SCB] Write ignored because write side was full before edge
UVM_INFO ../tb/rd_agent/async_fifo_rd_monitor.sv(69) @ 7798001: uvm_test_top.env.rd_agt.monitor [ASYNC_FIFO_RD_MON] RD accepted item: rd_data=0x643c9424
UVM_INFO ../tb/env/async_fifo_scoreboard.sv(55) @ 7806001: uvm_test_top.env.scb [ASYNC_FIFO_SCB] Write ignored because write side was full before edge
UVM_INFO ../tb/env/async_fifo_scoreboard.sv(49) @ 7818001: uvm_test_top.env.scb [ASYNC_FIFO_SCB] Model Push: 0x643c9424 depth=3
UVM_INFO ../tb/env/async_fifo_scoreboard.sv(55) @ 7830001: uvm_test_top.env.scb [ASYNC_FIFO_SCB] Write ignored because write side was full before edge
UVM_INFO ../tb/env/async_fifo_scoreboard.sv(49) @ 7842001: uvm_test_top.env.scb [ASYNC_FIFO_SCB] Model Push: 0x643c9424 depth=4
UVM_INFO ../tb/rd_agent/async_fifo_rd_monitor.sv(69) @ 7854001: uvm_test_top.env.rd_agt.monitor [ASYNC_FIFO_RD_MON] RD accepted item: rd_data=0x643c9424
UVM_INFO ../tb/env/async_fifo_scoreboard.sv(55) @ 7854001: uvm_test_top.env.scb [ASYNC_FIFO_SCB] Write ignored because write side was full before edge
UVM_INFO ../tb/env/async_fifo_scoreboard.sv(55) @ 7866001: uvm_test_top.env.scb [ASYNC_FIFO_SCB] Write ignored because write side was full before edge
UVM_INFO ../tb/env/async_fifo_scoreboard.sv(55) @ 7878001: uvm_test_top.env.scb [ASYNC_FIFO_SCB] Write ignored because write side was full before edge
UVM_INFO /opt/synopsys/vcs/V-2023.12-SP2-1/etc/uvm/base/uvm_objection.svh(1274) @ 7882000: reporter [TEST_DONE] 'run' phase is ready to proceed to the 'extract' phase
UVM_INFO ../tb/env/async_fifo_cov.sv(78) @ 7882000: uvm_test_top.env.cov [ASYNC_FIFO_GLOBAL_COV] ASYNC_FIFO global functional coverage = 100.00%
UVM_INFO ../tb/env/async_fifo_cov.sv(82) @ 7882000: uvm_test_top.env.cov [ASYNC_FIFO_GLOBAL_COV] wr_rd_cross = 100.00%
UVM_INFO ../tb/env/async_fifo_cov.sv(86) @ 7882000: uvm_test_top.env.cov [ASYNC_FIFO_GLOBAL_COV] boundary_cross = 100.00%
UVM_INFO ../tb/rd_agent/async_fifo_rd_monitor.sv(82) @ 7882000: uvm_test_top.env.rd_agt.monitor [ASYNC_FIFO_RD_COV] ASYNC_FIFO_RD functional coverage = 100.00%
UVM_INFO ../tb/wr_agent/async_fifo_wr_monitor.sv(76) @ 7882000: uvm_test_top.env.wr_agt.monitor [ASYNC_FIFO_WR_COV] ASYNC_FIFO_WR functional coverage = 100.00%

--- UVM Report Summary ---

** Report counts by severity
UVM_INFO : 1191
UVM_WARNING :    0
UVM_ERROR :    0
UVM_FATAL :    0
** Report counts by id
[ASYNC_FIFO_GLOBAL_COV]     3
[ASYNC_FIFO_RD_COV]     1
[ASYNC_FIFO_RD_DRV]   260
[ASYNC_FIFO_RD_MON]   147
[ASYNC_FIFO_SCB]   517
[ASYNC_FIFO_WR_COV]     1
[ASYNC_FIFO_WR_DRV]   260
[RNTST]     1
[TEST_DONE]     1
$finish called from file "/opt/synopsys/vcs/V-2023.12-SP2-1/etc/uvm/base/uvm_root.svh", line 437.
$finish at simulation time              7882000
           V C S   S i m u l a t i o n   R e p o r t 
Time: 7882000 ps
CPU Time:      0.260 seconds;       Data structure size:   0.5Mb
Sun May 31 23:06:06 2026
