cd sim && vcs -full64 -sverilog -ntb_opts uvm +define+WIDTH=8 +define+DEPTH=16 +define+WR_CLK_PERIOD=10 +define+RD_CLK_PERIOD=20 -timescale=1ns/1ps -debug_access+all -top tb_top -l compile.log -f ../script/filelist.f -o simv
                         Chronologic VCS (TM)
      Version V-2023.12-SP2-1_Full64 -- Sun May 31 23:05:33 2026

                    Copyright (c) 1991 - 2024 Synopsys, Inc.
   This software and the associated documentation are proprietary to Synopsys,
 Inc. This software may only be used in accordance with the terms and conditions
 of a written license agreement with Synopsys, Inc. All other use, reproduction,
   or distribution of this software is strictly prohibited.  Licensed Products
     communicate with Synopsys servers for the purpose of providing software
    updates, detecting software piracy and verifying that customers are using
    Licensed Products in conformity with the applicable License Key for such
  Licensed Products. Synopsys will use information gathered in connection with
    this process to deliver software updates and pursue software pirates and
                                   infringers.

 Inclusivity & Diversity - Visit SolvNetPlus to read the "Synopsys Statement on
            Inclusivity and Diversity" (Refer to article 000036315 at
                        https://solvnetplus.synopsys.com)

Parsing design file '/opt/synopsys/vcs/V-2023.12-SP2-1/etc/uvm/uvm_pkg.sv'
Parsing included file '/opt/synopsys/vcs/V-2023.12-SP2-1/etc/uvm/uvm_macros.svh'.
Parsing included file '/opt/synopsys/vcs/V-2023.12-SP2-1/etc/uvm/macros/uvm_version_defines.svh'.
Back to file '/opt/synopsys/vcs/V-2023.12-SP2-1/etc/uvm/uvm_macros.svh'.
Parsing included file '/opt/synopsys/vcs/V-2023.12-SP2-1/etc/uvm/macros/snps_macros.svp'.
Back to file '/opt/synopsys/vcs/V-2023.12-SP2-1/etc/uvm/uvm_macros.svh'.
Parsing included file '/opt/synopsys/vcs/V-2023.12-SP2-1/etc/uvm/macros/uvm_message_defines.svh'.
Back to file '/opt/synopsys/vcs/V-2023.12-SP2-1/etc/uvm/uvm_macros.svh'.
Parsing included file '/opt/synopsys/vcs/V-2023.12-SP2-1/etc/uvm/macros/uvm_phase_defines.svh'.
Back to file '/opt/synopsys/vcs/V-2023.12-SP2-1/etc/uvm/uvm_macros.svh'.
Parsing included file '/opt/synopsys/vcs/V-2023.12-SP2-1/etc/uvm/macros/uvm_object_defines.svh'.
Back to file '/opt/synopsys/vcs/V-2023.12-SP2-1/etc/uvm/uvm_macros.svh'.
Parsing included file '/opt/synopsys/vcs/V-2023.12-SP2-1/etc/uvm/macros/uvm_printer_defines.svh'.
Back to file '/opt/synopsys/vcs/V-2023.12-SP2-1/etc/uvm/uvm_macros.svh'.
Parsing included file '/opt/synopsys/vcs/V-2023.12-SP2-1/etc/uvm/macros/uvm_tlm_defines.svh'.
Parsing included file '/opt/synopsys/vcs/V-2023.12-SP2-1/etc/uvm/tlm1/uvm_tlm_imps.svh'.
Back to file '/opt/synopsys/vcs/V-2023.12-SP2-1/etc/uvm/macros/uvm_tlm_defines.svh'.
Back to file '/opt/synopsys/vcs/V-2023.12-SP2-1/etc/uvm/uvm_macros.svh'.
Parsing included file '/opt/synopsys/vcs/V-2023.12-SP2-1/etc/uvm/macros/uvm_sequence_defines.svh'.
Back to file '/opt/synopsys/vcs/V-2023.12-SP2-1/etc/uvm/uvm_macros.svh'.
Parsing included file '/opt/synopsys/vcs/V-2023.12-SP2-1/etc/uvm/macros/uvm_callback_defines.svh'.
Back to file '/opt/synopsys/vcs/V-2023.12-SP2-1/etc/uvm/uvm_macros.svh'.
Parsing included file '/opt/synopsys/vcs/V-2023.12-SP2-1/etc/uvm/macros/uvm_reg_defines.svh'.
Back to file '/opt/synopsys/vcs/V-2023.12-SP2-1/etc/uvm/uvm_macros.svh'.
Parsing included file '/opt/synopsys/vcs/V-2023.12-SP2-1/etc/uvm/macros/uvm_deprecated_defines.svh'.
Back to file '/opt/synopsys/vcs/V-2023.12-SP2-1/etc/uvm/uvm_macros.svh'.
Back to file '/opt/synopsys/vcs/V-2023.12-SP2-1/etc/uvm/uvm_pkg.sv'.
Parsing included file '/opt/synopsys/vcs/V-2023.12-SP2-1/etc/uvm/directc/uvm_directc.svh'.
Parsing included file '/opt/synopsys/vcs/V-2023.12-SP2-1/etc/uvm/directc/uvm_seed.vh'.
Back to file '/opt/synopsys/vcs/V-2023.12-SP2-1/etc/uvm/directc/uvm_directc.svh'.
Back to file '/opt/synopsys/vcs/V-2023.12-SP2-1/etc/uvm/uvm_pkg.sv'.
Parsing included file '/opt/synopsys/vcs/V-2023.12-SP2-1/etc/uvm/dpi/uvm_dpi.svh'.
Parsing included file '/opt/synopsys/vcs/V-2023.12-SP2-1/etc/uvm/dpi/uvm_hdl.svh'.
Back to file '/opt/synopsys/vcs/V-2023.12-SP2-1/etc/uvm/dpi/uvm_dpi.svh'.
Parsing included file '/opt/synopsys/vcs/V-2023.12-SP2-1/etc/uvm/dpi/uvm_svcmd_dpi.svh'.
Back to file '/opt/synopsys/vcs/V-2023.12-SP2-1/etc/uvm/dpi/uvm_dpi.svh'.
Parsing included file '/opt/synopsys/vcs/V-2023.12-SP2-1/etc/uvm/dpi/uvm_regex.svh'.
Back to file '/opt/synopsys/vcs/V-2023.12-SP2-1/etc/uvm/dpi/uvm_dpi.svh'.
Back to file '/opt/synopsys/vcs/V-2023.12-SP2-1/etc/uvm/uvm_pkg.sv'.
Parsing included file '/opt/synopsys/vcs/V-2023.12-SP2-1/etc/uvm/base/uvm_base.svh'.
Parsing included file '/opt/synopsys/vcs/V-2023.12-SP2-1/etc/uvm/base/uvm_version.svh'.
Back to file '/opt/synopsys/vcs/V-2023.12-SP2-1/etc/uvm/base/uvm_base.svh'.
Parsing included file '/opt/synopsys/vcs/V-2023.12-SP2-1/etc/uvm/base/uvm_object_globals.svh'.
Back to file '/opt/synopsys/vcs/V-2023.12-SP2-1/etc/uvm/base/uvm_base.svh'.
Parsing included file '/opt/synopsys/vcs/V-2023.12-SP2-1/etc/uvm/base/uvm_misc.svh'.
Back to file '/opt/synopsys/vcs/V-2023.12-SP2-1/etc/uvm/base/uvm_base.svh'.
Parsing included file '/opt/synopsys/vcs/V-2023.12-SP2-1/etc/uvm/base/uvm_object.svh'.
Back to file '/opt/synopsys/vcs/V-2023.12-SP2-1/etc/uvm/base/uvm_base.svh'.
Parsing included file '/opt/synopsys/vcs/V-2023.12-SP2-1/etc/uvm/base/uvm_pool.svh'.
Back to file '/opt/synopsys/vcs/V-2023.12-SP2-1/etc/uvm/base/uvm_base.svh'.
Parsing included file '/opt/synopsys/vcs/V-2023.12-SP2-1/etc/uvm/base/uvm_queue.svh'.
Back to file '/opt/synopsys/vcs/V-2023.12-SP2-1/etc/uvm/base/uvm_base.svh'.
Parsing included file '/opt/synopsys/vcs/V-2023.12-SP2-1/etc/uvm/base/uvm_factory.svh'.
Back to file '/opt/synopsys/vcs/V-2023.12-SP2-1/etc/uvm/base/uvm_base.svh'.
Parsing included file '/opt/synopsys/vcs/V-2023.12-SP2-1/etc/uvm/base/uvm_registry.svh'.
Back to file '/opt/synopsys/vcs/V-2023.12-SP2-1/etc/uvm/base/uvm_base.svh'.
Parsing included file '/opt/synopsys/vcs/V-2023.12-SP2-1/etc/uvm/base/uvm_spell_chkr.svh'.
Back to file '/opt/synopsys/vcs/V-2023.12-SP2-1/etc/uvm/base/uvm_base.svh'.
Parsing included file '/opt/synopsys/vcs/V-2023.12-SP2-1/etc/uvm/base/uvm_resource.svh'.
Back to file '/opt/synopsys/vcs/V-2023.12-SP2-1/etc/uvm/base/uvm_base.svh'.
Parsing included file '/opt/synopsys/vcs/V-2023.12-SP2-1/etc/uvm/deprecated/uvm_resource_converter.svh'.
Back to file '/opt/synopsys/vcs/V-2023.12-SP2-1/etc/uvm/base/uvm_base.svh'.
Parsing included file '/opt/synopsys/vcs/V-2023.12-SP2-1/etc/uvm/base/uvm_resource_specializations.svh'.
Back to file '/opt/synopsys/vcs/V-2023.12-SP2-1/etc/uvm/base/uvm_base.svh'.
Parsing included file '/opt/synopsys/vcs/V-2023.12-SP2-1/etc/uvm/base/uvm_resource_db.svh'.
Back to file '/opt/synopsys/vcs/V-2023.12-SP2-1/etc/uvm/base/uvm_base.svh'.
Parsing included file '/opt/synopsys/vcs/V-2023.12-SP2-1/etc/uvm/base/uvm_config_db.svh'.
Back to file '/opt/synopsys/vcs/V-2023.12-SP2-1/etc/uvm/base/uvm_base.svh'.
Parsing included file '/opt/synopsys/vcs/V-2023.12-SP2-1/etc/uvm/base/uvm_printer.svh'.
Back to file '/opt/synopsys/vcs/V-2023.12-SP2-1/etc/uvm/base/uvm_base.svh'.
Parsing included file '/opt/synopsys/vcs/V-2023.12-SP2-1/etc/uvm/base/uvm_comparer.svh'.
Back to file '/opt/synopsys/vcs/V-2023.12-SP2-1/etc/uvm/base/uvm_base.svh'.
Parsing included file '/opt/synopsys/vcs/V-2023.12-SP2-1/etc/uvm/base/uvm_packer.svh'.
Back to file '/opt/synopsys/vcs/V-2023.12-SP2-1/etc/uvm/base/uvm_base.svh'.
Parsing included file '/opt/synopsys/vcs/V-2023.12-SP2-1/etc/uvm/base/uvm_recorder.svh'.
Back to file '/opt/synopsys/vcs/V-2023.12-SP2-1/etc/uvm/base/uvm_base.svh'.
Parsing included file '/opt/synopsys/vcs/V-2023.12-SP2-1/etc/uvm/base/uvm_event_callback.svh'.
Back to file '/opt/synopsys/vcs/V-2023.12-SP2-1/etc/uvm/base/uvm_base.svh'.
Parsing included file '/opt/synopsys/vcs/V-2023.12-SP2-1/etc/uvm/base/uvm_event.svh'.
Back to file '/opt/synopsys/vcs/V-2023.12-SP2-1/etc/uvm/base/uvm_base.svh'.
Parsing included file '/opt/synopsys/vcs/V-2023.12-SP2-1/etc/uvm/base/uvm_barrier.svh'.
Back to file '/opt/synopsys/vcs/V-2023.12-SP2-1/etc/uvm/base/uvm_base.svh'.
Parsing included file '/opt/synopsys/vcs/V-2023.12-SP2-1/etc/uvm/base/uvm_callback.svh'.
Parsing included file '/opt/synopsys/vcs/V-2023.12-SP2-1/etc/uvm/uvm_macros.svh'.
Back to file '/opt/synopsys/vcs/V-2023.12-SP2-1/etc/uvm/base/uvm_callback.svh'.
Back to file '/opt/synopsys/vcs/V-2023.12-SP2-1/etc/uvm/base/uvm_base.svh'.
Parsing included file '/opt/synopsys/vcs/V-2023.12-SP2-1/etc/uvm/base/uvm_report_catcher.svh'.
Back to file '/opt/synopsys/vcs/V-2023.12-SP2-1/etc/uvm/base/uvm_base.svh'.
Parsing included file '/opt/synopsys/vcs/V-2023.12-SP2-1/etc/uvm/base/uvm_report_server.svh'.
Back to file '/opt/synopsys/vcs/V-2023.12-SP2-1/etc/uvm/base/uvm_base.svh'.
Parsing included file '/opt/synopsys/vcs/V-2023.12-SP2-1/etc/uvm/base/uvm_report_handler.svh'.
Back to file '/opt/synopsys/vcs/V-2023.12-SP2-1/etc/uvm/base/uvm_base.svh'.
Parsing included file '/opt/synopsys/vcs/V-2023.12-SP2-1/etc/uvm/base/uvm_report_object.svh'.
Back to file '/opt/synopsys/vcs/V-2023.12-SP2-1/etc/uvm/base/uvm_base.svh'.
Parsing included file '/opt/synopsys/vcs/V-2023.12-SP2-1/etc/uvm/base/uvm_transaction.svh'.
Back to file '/opt/synopsys/vcs/V-2023.12-SP2-1/etc/uvm/base/uvm_base.svh'.
Parsing included file '/opt/synopsys/vcs/V-2023.12-SP2-1/etc/uvm/base/uvm_phase.svh'.
Back to file '/opt/synopsys/vcs/V-2023.12-SP2-1/etc/uvm/base/uvm_base.svh'.
Parsing included file '/opt/synopsys/vcs/V-2023.12-SP2-1/etc/uvm/base/uvm_domain.svh'.
Back to file '/opt/synopsys/vcs/V-2023.12-SP2-1/etc/uvm/base/uvm_base.svh'.
Parsing included file '/opt/synopsys/vcs/V-2023.12-SP2-1/etc/uvm/base/uvm_bottomup_phase.svh'.
Back to file '/opt/synopsys/vcs/V-2023.12-SP2-1/etc/uvm/base/uvm_base.svh'.
Parsing included file '/opt/synopsys/vcs/V-2023.12-SP2-1/etc/uvm/base/uvm_topdown_phase.svh'.
Back to file '/opt/synopsys/vcs/V-2023.12-SP2-1/etc/uvm/base/uvm_base.svh'.
Parsing included file '/opt/synopsys/vcs/V-2023.12-SP2-1/etc/uvm/base/uvm_task_phase.svh'.
Back to file '/opt/synopsys/vcs/V-2023.12-SP2-1/etc/uvm/base/uvm_base.svh'.
Parsing included file '/opt/synopsys/vcs/V-2023.12-SP2-1/etc/uvm/base/uvm_common_phases.svh'.
Back to file '/opt/synopsys/vcs/V-2023.12-SP2-1/etc/uvm/base/uvm_base.svh'.
Parsing included file '/opt/synopsys/vcs/V-2023.12-SP2-1/etc/uvm/base/uvm_runtime_phases.svh'.
Back to file '/opt/synopsys/vcs/V-2023.12-SP2-1/etc/uvm/base/uvm_base.svh'.
Parsing included file '/opt/synopsys/vcs/V-2023.12-SP2-1/etc/uvm/base/uvm_component.svh'.
Parsing included file '/opt/synopsys/vcs/V-2023.12-SP2-1/etc/uvm/base/uvm_root.svh'.
Back to file '/opt/synopsys/vcs/V-2023.12-SP2-1/etc/uvm/base/uvm_component.svh'.
Back to file '/opt/synopsys/vcs/V-2023.12-SP2-1/etc/uvm/base/uvm_base.svh'.
Parsing included file '/opt/synopsys/vcs/V-2023.12-SP2-1/etc/uvm/base/uvm_objection.svh'.
Back to file '/opt/synopsys/vcs/V-2023.12-SP2-1/etc/uvm/base/uvm_base.svh'.
Parsing included file '/opt/synopsys/vcs/V-2023.12-SP2-1/etc/uvm/base/uvm_heartbeat.svh'.
Back to file '/opt/synopsys/vcs/V-2023.12-SP2-1/etc/uvm/base/uvm_base.svh'.
Parsing included file '/opt/synopsys/vcs/V-2023.12-SP2-1/etc/uvm/base/uvm_globals.svh'.
Back to file '/opt/synopsys/vcs/V-2023.12-SP2-1/etc/uvm/base/uvm_base.svh'.
Parsing included file '/opt/synopsys/vcs/V-2023.12-SP2-1/etc/uvm/base/uvm_cmdline_processor.svh'.
Back to file '/opt/synopsys/vcs/V-2023.12-SP2-1/etc/uvm/base/uvm_base.svh'.
Back to file '/opt/synopsys/vcs/V-2023.12-SP2-1/etc/uvm/uvm_pkg.sv'.
Parsing included file '/opt/synopsys/vcs/V-2023.12-SP2-1/etc/uvm/tlm1/uvm_tlm.svh'.
Parsing included file '/opt/synopsys/vcs/V-2023.12-SP2-1/etc/uvm/tlm1/uvm_tlm_ifs.svh'.
Back to file '/opt/synopsys/vcs/V-2023.12-SP2-1/etc/uvm/tlm1/uvm_tlm.svh'.
Parsing included file '/opt/synopsys/vcs/V-2023.12-SP2-1/etc/uvm/tlm1/uvm_sqr_ifs.svh'.
Back to file '/opt/synopsys/vcs/V-2023.12-SP2-1/etc/uvm/tlm1/uvm_tlm.svh'.
Parsing included file '/opt/synopsys/vcs/V-2023.12-SP2-1/etc/uvm/base/uvm_port_base.svh'.
Back to file '/opt/synopsys/vcs/V-2023.12-SP2-1/etc/uvm/tlm1/uvm_tlm.svh'.
Parsing included file '/opt/synopsys/vcs/V-2023.12-SP2-1/etc/uvm/tlm1/uvm_tlm_imps.svh'.
Back to file '/opt/synopsys/vcs/V-2023.12-SP2-1/etc/uvm/tlm1/uvm_tlm.svh'.
Parsing included file '/opt/synopsys/vcs/V-2023.12-SP2-1/etc/uvm/tlm1/uvm_imps.svh'.
Back to file '/opt/synopsys/vcs/V-2023.12-SP2-1/etc/uvm/tlm1/uvm_tlm.svh'.
Parsing included file '/opt/synopsys/vcs/V-2023.12-SP2-1/etc/uvm/tlm1/uvm_ports.svh'.
Back to file '/opt/synopsys/vcs/V-2023.12-SP2-1/etc/uvm/tlm1/uvm_tlm.svh'.
Parsing included file '/opt/synopsys/vcs/V-2023.12-SP2-1/etc/uvm/tlm1/uvm_exports.svh'.
Back to file '/opt/synopsys/vcs/V-2023.12-SP2-1/etc/uvm/tlm1/uvm_tlm.svh'.
Parsing included file '/opt/synopsys/vcs/V-2023.12-SP2-1/etc/uvm/tlm1/uvm_analysis_port.svh'.
Back to file '/opt/synopsys/vcs/V-2023.12-SP2-1/etc/uvm/tlm1/uvm_tlm.svh'.
Parsing included file '/opt/synopsys/vcs/V-2023.12-SP2-1/etc/uvm/tlm1/uvm_tlm_fifo_base.svh'.
Back to file '/opt/synopsys/vcs/V-2023.12-SP2-1/etc/uvm/tlm1/uvm_tlm.svh'.
Parsing included file '/opt/synopsys/vcs/V-2023.12-SP2-1/etc/uvm/tlm1/uvm_tlm_fifos.svh'.
Back to file '/opt/synopsys/vcs/V-2023.12-SP2-1/etc/uvm/tlm1/uvm_tlm.svh'.
Parsing included file '/opt/synopsys/vcs/V-2023.12-SP2-1/etc/uvm/tlm1/uvm_tlm_req_rsp.svh'.
Back to file '/opt/synopsys/vcs/V-2023.12-SP2-1/etc/uvm/tlm1/uvm_tlm.svh'.
Parsing included file '/opt/synopsys/vcs/V-2023.12-SP2-1/etc/uvm/tlm1/uvm_sqr_connections.svh'.
Back to file '/opt/synopsys/vcs/V-2023.12-SP2-1/etc/uvm/tlm1/uvm_tlm.svh'.
Back to file '/opt/synopsys/vcs/V-2023.12-SP2-1/etc/uvm/uvm_pkg.sv'.
Parsing included file '/opt/synopsys/vcs/V-2023.12-SP2-1/etc/uvm/comps/uvm_comps.svh'.
Parsing included file '/opt/synopsys/vcs/V-2023.12-SP2-1/etc/uvm/comps/uvm_pair.svh'.
Back to file '/opt/synopsys/vcs/V-2023.12-SP2-1/etc/uvm/comps/uvm_comps.svh'.
Parsing included file '/opt/synopsys/vcs/V-2023.12-SP2-1/etc/uvm/comps/uvm_policies.svh'.
Back to file '/opt/synopsys/vcs/V-2023.12-SP2-1/etc/uvm/comps/uvm_comps.svh'.
Parsing included file '/opt/synopsys/vcs/V-2023.12-SP2-1/etc/uvm/comps/uvm_in_order_comparator.svh'.
Back to file '/opt/synopsys/vcs/V-2023.12-SP2-1/etc/uvm/comps/uvm_comps.svh'.
Parsing included file '/opt/synopsys/vcs/V-2023.12-SP2-1/etc/uvm/comps/uvm_algorithmic_comparator.svh'.
Back to file '/opt/synopsys/vcs/V-2023.12-SP2-1/etc/uvm/comps/uvm_comps.svh'.
Parsing included file '/opt/synopsys/vcs/V-2023.12-SP2-1/etc/uvm/comps/uvm_random_stimulus.svh'.
Back to file '/opt/synopsys/vcs/V-2023.12-SP2-1/etc/uvm/comps/uvm_comps.svh'.
Parsing included file '/opt/synopsys/vcs/V-2023.12-SP2-1/etc/uvm/comps/uvm_subscriber.svh'.
Back to file '/opt/synopsys/vcs/V-2023.12-SP2-1/etc/uvm/comps/uvm_comps.svh'.
Parsing included file '/opt/synopsys/vcs/V-2023.12-SP2-1/etc/uvm/comps/uvm_monitor.svh'.
Back to file '/opt/synopsys/vcs/V-2023.12-SP2-1/etc/uvm/comps/uvm_comps.svh'.
Parsing included file '/opt/synopsys/vcs/V-2023.12-SP2-1/etc/uvm/comps/uvm_driver.svh'.
Back to file '/opt/synopsys/vcs/V-2023.12-SP2-1/etc/uvm/comps/uvm_comps.svh'.
Parsing included file '/opt/synopsys/vcs/V-2023.12-SP2-1/etc/uvm/comps/uvm_push_driver.svh'.
Back to file '/opt/synopsys/vcs/V-2023.12-SP2-1/etc/uvm/comps/uvm_comps.svh'.
Parsing included file '/opt/synopsys/vcs/V-2023.12-SP2-1/etc/uvm/comps/uvm_scoreboard.svh'.
Back to file '/opt/synopsys/vcs/V-2023.12-SP2-1/etc/uvm/comps/uvm_comps.svh'.
Parsing included file '/opt/synopsys/vcs/V-2023.12-SP2-1/etc/uvm/comps/uvm_agent.svh'.
Back to file '/opt/synopsys/vcs/V-2023.12-SP2-1/etc/uvm/comps/uvm_comps.svh'.
Parsing included file '/opt/synopsys/vcs/V-2023.12-SP2-1/etc/uvm/comps/uvm_env.svh'.
Back to file '/opt/synopsys/vcs/V-2023.12-SP2-1/etc/uvm/comps/uvm_comps.svh'.
Parsing included file '/opt/synopsys/vcs/V-2023.12-SP2-1/etc/uvm/comps/uvm_test.svh'.
Back to file '/opt/synopsys/vcs/V-2023.12-SP2-1/etc/uvm/comps/uvm_comps.svh'.
Back to file '/opt/synopsys/vcs/V-2023.12-SP2-1/etc/uvm/uvm_pkg.sv'.
Parsing included file '/opt/synopsys/vcs/V-2023.12-SP2-1/etc/uvm/seq/uvm_seq.svh'.
Parsing included file '/opt/synopsys/vcs/V-2023.12-SP2-1/etc/uvm/seq/uvm_sequence_item.svh'.
Back to file '/opt/synopsys/vcs/V-2023.12-SP2-1/etc/uvm/seq/uvm_seq.svh'.
Parsing included file '/opt/synopsys/vcs/V-2023.12-SP2-1/etc/uvm/seq/uvm_sequencer_base.svh'.
Back to file '/opt/synopsys/vcs/V-2023.12-SP2-1/etc/uvm/seq/uvm_seq.svh'.
Parsing included file '/opt/synopsys/vcs/V-2023.12-SP2-1/etc/uvm/seq/uvm_sequencer_analysis_fifo.svh'.
Back to file '/opt/synopsys/vcs/V-2023.12-SP2-1/etc/uvm/seq/uvm_seq.svh'.
Parsing included file '/opt/synopsys/vcs/V-2023.12-SP2-1/etc/uvm/seq/uvm_sequencer_param_base.svh'.
Back to file '/opt/synopsys/vcs/V-2023.12-SP2-1/etc/uvm/seq/uvm_seq.svh'.
Parsing included file '/opt/synopsys/vcs/V-2023.12-SP2-1/etc/uvm/seq/uvm_sequencer.svh'.
Back to file '/opt/synopsys/vcs/V-2023.12-SP2-1/etc/uvm/seq/uvm_seq.svh'.
Parsing included file '/opt/synopsys/vcs/V-2023.12-SP2-1/etc/uvm/seq/uvm_push_sequencer.svh'.
Back to file '/opt/synopsys/vcs/V-2023.12-SP2-1/etc/uvm/seq/uvm_seq.svh'.
Parsing included file '/opt/synopsys/vcs/V-2023.12-SP2-1/etc/uvm/seq/uvm_sequence_base.svh'.
Back to file '/opt/synopsys/vcs/V-2023.12-SP2-1/etc/uvm/seq/uvm_seq.svh'.
Parsing included file '/opt/synopsys/vcs/V-2023.12-SP2-1/etc/uvm/seq/uvm_sequence.svh'.
Back to file '/opt/synopsys/vcs/V-2023.12-SP2-1/etc/uvm/seq/uvm_seq.svh'.
Parsing included file '/opt/synopsys/vcs/V-2023.12-SP2-1/etc/uvm/seq/uvm_sequence_library.svh'.
Back to file '/opt/synopsys/vcs/V-2023.12-SP2-1/etc/uvm/seq/uvm_seq.svh'.
Parsing included file '/opt/synopsys/vcs/V-2023.12-SP2-1/etc/uvm/seq/uvm_sequence_builtin.svh'.
Back to file '/opt/synopsys/vcs/V-2023.12-SP2-1/etc/uvm/seq/uvm_seq.svh'.
Back to file '/opt/synopsys/vcs/V-2023.12-SP2-1/etc/uvm/uvm_pkg.sv'.
Parsing included file '/opt/synopsys/vcs/V-2023.12-SP2-1/etc/uvm/tlm2/uvm_tlm2.svh'.
Parsing included file '/opt/synopsys/vcs/V-2023.12-SP2-1/etc/uvm/tlm2/uvm_tlm2_defines.svh'.
Back to file '/opt/synopsys/vcs/V-2023.12-SP2-1/etc/uvm/tlm2/uvm_tlm2.svh'.
Parsing included file '/opt/synopsys/vcs/V-2023.12-SP2-1/etc/uvm/tlm2/uvm_tlm2_time.svh'.
Back to file '/opt/synopsys/vcs/V-2023.12-SP2-1/etc/uvm/tlm2/uvm_tlm2.svh'.
Parsing included file '/opt/synopsys/vcs/V-2023.12-SP2-1/etc/uvm/tlm2/uvm_tlm2_generic_payload.svh'.
Back to file '/opt/synopsys/vcs/V-2023.12-SP2-1/etc/uvm/tlm2/uvm_tlm2.svh'.
Parsing included file '/opt/synopsys/vcs/V-2023.12-SP2-1/etc/uvm/tlm2/uvm_tlm2_ifs.svh'.
Back to file '/opt/synopsys/vcs/V-2023.12-SP2-1/etc/uvm/tlm2/uvm_tlm2.svh'.
Parsing included file '/opt/synopsys/vcs/V-2023.12-SP2-1/etc/uvm/tlm2/uvm_tlm2_imps.svh'.
Back to file '/opt/synopsys/vcs/V-2023.12-SP2-1/etc/uvm/tlm2/uvm_tlm2.svh'.
Parsing included file '/opt/synopsys/vcs/V-2023.12-SP2-1/etc/uvm/tlm2/uvm_tlm2_ports.svh'.
Back to file '/opt/synopsys/vcs/V-2023.12-SP2-1/etc/uvm/tlm2/uvm_tlm2.svh'.
Parsing included file '/opt/synopsys/vcs/V-2023.12-SP2-1/etc/uvm/tlm2/uvm_tlm2_exports.svh'.
Back to file '/opt/synopsys/vcs/V-2023.12-SP2-1/etc/uvm/tlm2/uvm_tlm2.svh'.
Parsing included file '/opt/synopsys/vcs/V-2023.12-SP2-1/etc/uvm/tlm2/uvm_tlm2_sockets_base.svh'.
Back to file '/opt/synopsys/vcs/V-2023.12-SP2-1/etc/uvm/tlm2/uvm_tlm2.svh'.
Parsing included file '/opt/synopsys/vcs/V-2023.12-SP2-1/etc/uvm/tlm2/uvm_tlm2_sockets.svh'.
Back to file '/opt/synopsys/vcs/V-2023.12-SP2-1/etc/uvm/tlm2/uvm_tlm2.svh'.
Back to file '/opt/synopsys/vcs/V-2023.12-SP2-1/etc/uvm/uvm_pkg.sv'.
Parsing included file '/opt/synopsys/vcs/V-2023.12-SP2-1/etc/uvm/reg/uvm_reg_model.svh'.
Parsing included file '/opt/synopsys/vcs/V-2023.12-SP2-1/etc/uvm/reg/uvm_reg_item.svh'.
Back to file '/opt/synopsys/vcs/V-2023.12-SP2-1/etc/uvm/reg/uvm_reg_model.svh'.
Parsing included file '/opt/synopsys/vcs/V-2023.12-SP2-1/etc/uvm/reg/uvm_reg_adapter.svh'.
Back to file '/opt/synopsys/vcs/V-2023.12-SP2-1/etc/uvm/reg/uvm_reg_model.svh'.
Parsing included file '/opt/synopsys/vcs/V-2023.12-SP2-1/etc/uvm/reg/uvm_reg_predictor.svh'.
Back to file '/opt/synopsys/vcs/V-2023.12-SP2-1/etc/uvm/reg/uvm_reg_model.svh'.
Parsing included file '/opt/synopsys/vcs/V-2023.12-SP2-1/etc/uvm/reg/uvm_reg_sequence.svh'.
Back to file '/opt/synopsys/vcs/V-2023.12-SP2-1/etc/uvm/reg/uvm_reg_model.svh'.
Parsing included file '/opt/synopsys/vcs/V-2023.12-SP2-1/etc/uvm/reg/uvm_reg_cbs.svh'.
Back to file '/opt/synopsys/vcs/V-2023.12-SP2-1/etc/uvm/reg/uvm_reg_model.svh'.
Parsing included file '/opt/synopsys/vcs/V-2023.12-SP2-1/etc/uvm/reg/uvm_reg_backdoor.svh'.
Back to file '/opt/synopsys/vcs/V-2023.12-SP2-1/etc/uvm/reg/uvm_reg_model.svh'.
Parsing included file '/opt/synopsys/vcs/V-2023.12-SP2-1/etc/uvm/reg/uvm_reg_field.svh'.
Back to file '/opt/synopsys/vcs/V-2023.12-SP2-1/etc/uvm/reg/uvm_reg_model.svh'.
Parsing included file '/opt/synopsys/vcs/V-2023.12-SP2-1/etc/uvm/reg/uvm_vreg_field.svh'.
Back to file '/opt/synopsys/vcs/V-2023.12-SP2-1/etc/uvm/reg/uvm_reg_model.svh'.
Parsing included file '/opt/synopsys/vcs/V-2023.12-SP2-1/etc/uvm/reg/uvm_reg.svh'.
Back to file '/opt/synopsys/vcs/V-2023.12-SP2-1/etc/uvm/reg/uvm_reg_model.svh'.
Parsing included file '/opt/synopsys/vcs/V-2023.12-SP2-1/etc/uvm/reg/uvm_reg_indirect.svh'.
Back to file '/opt/synopsys/vcs/V-2023.12-SP2-1/etc/uvm/reg/uvm_reg_model.svh'.
Parsing included file '/opt/synopsys/vcs/V-2023.12-SP2-1/etc/uvm/reg/uvm_reg_fifo.svh'.
Back to file '/opt/synopsys/vcs/V-2023.12-SP2-1/etc/uvm/reg/uvm_reg_model.svh'.
Parsing included file '/opt/synopsys/vcs/V-2023.12-SP2-1/etc/uvm/reg/uvm_reg_file.svh'.
Back to file '/opt/synopsys/vcs/V-2023.12-SP2-1/etc/uvm/reg/uvm_reg_model.svh'.
Parsing included file '/opt/synopsys/vcs/V-2023.12-SP2-1/etc/uvm/reg/uvm_mem_mam.svh'.
Back to file '/opt/synopsys/vcs/V-2023.12-SP2-1/etc/uvm/reg/uvm_reg_model.svh'.
Parsing included file '/opt/synopsys/vcs/V-2023.12-SP2-1/etc/uvm/reg/uvm_vreg.svh'.
Back to file '/opt/synopsys/vcs/V-2023.12-SP2-1/etc/uvm/reg/uvm_reg_model.svh'.
Parsing included file '/opt/synopsys/vcs/V-2023.12-SP2-1/etc/uvm/reg/uvm_mem.svh'.
Back to file '/opt/synopsys/vcs/V-2023.12-SP2-1/etc/uvm/reg/uvm_reg_model.svh'.
Parsing included file '/opt/synopsys/vcs/V-2023.12-SP2-1/etc/uvm/reg/uvm_reg_map.svh'.
Back to file '/opt/synopsys/vcs/V-2023.12-SP2-1/etc/uvm/reg/uvm_reg_model.svh'.
Parsing included file '/opt/synopsys/vcs/V-2023.12-SP2-1/etc/uvm/reg/uvm_reg_block.svh'.
Back to file '/opt/synopsys/vcs/V-2023.12-SP2-1/etc/uvm/reg/uvm_reg_model.svh'.
Parsing included file '/opt/synopsys/vcs/V-2023.12-SP2-1/etc/uvm/reg/sequences/uvm_reg_hw_reset_seq.svh'.
Back to file '/opt/synopsys/vcs/V-2023.12-SP2-1/etc/uvm/reg/uvm_reg_model.svh'.
Parsing included file '/opt/synopsys/vcs/V-2023.12-SP2-1/etc/uvm/reg/sequences/uvm_reg_bit_bash_seq.svh'.
Back to file '/opt/synopsys/vcs/V-2023.12-SP2-1/etc/uvm/reg/uvm_reg_model.svh'.
Parsing included file '/opt/synopsys/vcs/V-2023.12-SP2-1/etc/uvm/reg/sequences/uvm_mem_walk_seq.svh'.
Back to file '/opt/synopsys/vcs/V-2023.12-SP2-1/etc/uvm/reg/uvm_reg_model.svh'.
Parsing included file '/opt/synopsys/vcs/V-2023.12-SP2-1/etc/uvm/reg/sequences/uvm_mem_access_seq.svh'.
Back to file '/opt/synopsys/vcs/V-2023.12-SP2-1/etc/uvm/reg/uvm_reg_model.svh'.
Parsing included file '/opt/synopsys/vcs/V-2023.12-SP2-1/etc/uvm/reg/sequences/uvm_reg_access_seq.svh'.
Back to file '/opt/synopsys/vcs/V-2023.12-SP2-1/etc/uvm/reg/uvm_reg_model.svh'.
Parsing included file '/opt/synopsys/vcs/V-2023.12-SP2-1/etc/uvm/reg/sequences/uvm_reg_mem_shared_access_seq.svh'.
Back to file '/opt/synopsys/vcs/V-2023.12-SP2-1/etc/uvm/reg/uvm_reg_model.svh'.
Parsing included file '/opt/synopsys/vcs/V-2023.12-SP2-1/etc/uvm/reg/sequences/uvm_reg_mem_built_in_seq.svh'.
Back to file '/opt/synopsys/vcs/V-2023.12-SP2-1/etc/uvm/reg/uvm_reg_model.svh'.
Parsing included file '/opt/synopsys/vcs/V-2023.12-SP2-1/etc/uvm/reg/sequences/uvm_reg_mem_hdl_paths_seq.svh'.
Back to file '/opt/synopsys/vcs/V-2023.12-SP2-1/etc/uvm/reg/uvm_reg_model.svh'.
Parsing included file '/opt/synopsys/vcs/V-2023.12-SP2-1/etc/uvm/reg/snps_uvm_reg_bank.svh'.
Back to file '/opt/synopsys/vcs/V-2023.12-SP2-1/etc/uvm/reg/uvm_reg_model.svh'.
Back to file '/opt/synopsys/vcs/V-2023.12-SP2-1/etc/uvm/uvm_pkg.sv'.
Parsing included file '/opt/synopsys/vcs/V-2023.12-SP2-1/etc/uvm/vcs/vcs_uvm_alt.sv'.
Back to file '/opt/synopsys/vcs/V-2023.12-SP2-1/etc/uvm/uvm_pkg.sv'.
Parsing design file '/opt/synopsys/vcs/V-2023.12-SP2-1/etc/uvm/vcs/uvm_custom_install_vcs_recorder.sv'
Parsing included file '/opt/synopsys/vcs/V-2023.12-SP2-1/etc/uvm/vcs/msglog.svh'.
Back to file '/opt/synopsys/vcs/V-2023.12-SP2-1/etc/uvm/vcs/uvm_custom_install_vcs_recorder.sv'.
Parsing included file '/opt/synopsys/vcs/V-2023.12-SP2-1/etc/uvm/vcs/uvm_msglog_report_server.sv'.
Back to file '/opt/synopsys/vcs/V-2023.12-SP2-1/etc/uvm/vcs/uvm_custom_install_vcs_recorder.sv'.
Parsing included file '/opt/synopsys/vcs/V-2023.12-SP2-1/etc/uvm/vcs/uvm_vcs_recorder.svh'.
Back to file '/opt/synopsys/vcs/V-2023.12-SP2-1/etc/uvm/vcs/uvm_custom_install_vcs_recorder.sv'.
Parsing included file '/opt/synopsys/vcs/V-2023.12-SP2-1/etc/uvm/vcs/uvm_vcs_record_interface.sv'.
Back to file '/opt/synopsys/vcs/V-2023.12-SP2-1/etc/uvm/vcs/uvm_custom_install_vcs_recorder.sv'.
Parsing design file '../tb/pkg/async_fifo_param_pkg.sv'
Parsing design file '../tb/interface/async_fifo_if.sv'
Parsing design file '../tb/pkg/async_fifo_pkg.sv'
Parsing included file '/opt/synopsys/vcs/V-2023.12-SP2-1/etc/uvm/uvm_macros.svh'.
Back to file '../tb/pkg/async_fifo_pkg.sv'.
Parsing included file '../tb/seq/async_fifo_wr_tr.sv'.
Back to file '../tb/pkg/async_fifo_pkg.sv'.
Parsing included file '../tb/seq/async_fifo_rd_tr.sv'.
Back to file '../tb/pkg/async_fifo_pkg.sv'.
Parsing included file '../tb/seq/async_fifo_wr_seq.sv'.
Back to file '../tb/pkg/async_fifo_pkg.sv'.
Parsing included file '../tb/seq/async_fifo_rd_seq.sv'.
Back to file '../tb/pkg/async_fifo_pkg.sv'.
Parsing included file '../tb/wr_agent/async_fifo_wr_sequencer.sv'.
Back to file '../tb/pkg/async_fifo_pkg.sv'.
Parsing included file '../tb/rd_agent/async_fifo_rd_sequencer.sv'.
Back to file '../tb/pkg/async_fifo_pkg.sv'.
Parsing included file '../tb/wr_agent/async_fifo_wr_driver.sv'.
Back to file '../tb/pkg/async_fifo_pkg.sv'.
Parsing included file '../tb/rd_agent/async_fifo_rd_driver.sv'.
Back to file '../tb/pkg/async_fifo_pkg.sv'.
Parsing included file '../tb/wr_agent/async_fifo_wr_monitor.sv'.
Back to file '../tb/pkg/async_fifo_pkg.sv'.
Parsing included file '../tb/rd_agent/async_fifo_rd_monitor.sv'.
Back to file '../tb/pkg/async_fifo_pkg.sv'.
Parsing included file '../tb/wr_agent/async_fifo_wr_agent.sv'.
Back to file '../tb/pkg/async_fifo_pkg.sv'.
Parsing included file '../tb/rd_agent/async_fifo_rd_agent.sv'.
Back to file '../tb/pkg/async_fifo_pkg.sv'.
Parsing included file '../tb/env/async_fifo_scoreboard.sv'.
Back to file '../tb/pkg/async_fifo_pkg.sv'.
Parsing included file '../tb/env/async_fifo_cov.sv'.
Back to file '../tb/pkg/async_fifo_pkg.sv'.
Parsing included file '../tb/env/async_fifo_env.sv'.
Back to file '../tb/pkg/async_fifo_pkg.sv'.
Parsing included file '../tb/tests/async_fifo_test.sv'.
Back to file '../tb/pkg/async_fifo_pkg.sv'.
Parsing design file '../rtl/dual_port_ram.sv'
Parsing design file '../rtl/async_fifo.sv'
Parsing design file '../tb/top/tb_top.sv'
Parsing included file '/opt/synopsys/vcs/V-2023.12-SP2-1/etc/uvm/uvm_macros.svh'.
Back to file '../tb/top/tb_top.sv'.
Top Level Modules:
       tb_top
TimeScale is 1 ns / 1 ps
Starting vcs inline pass...

8 modules and 0 UDP read.
recompiling package vcs_paramclassrepository
recompiling package async_fifo_param_pkg
recompiling module async_fifo
recompiling module tb_top
4 of 8 modules done
	However, due to incremental compilation, only 4 modules need to be compiled. 
make[1]: Entering directory '/home/xz974/UVM_Learning/UVM_Learning/ASYNC_FIFO/sim/csrc'
make[1]: Leaving directory '/home/xz974/UVM_Learning/UVM_Learning/ASYNC_FIFO/sim/csrc'
make[1]: Entering directory '/home/xz974/UVM_Learning/UVM_Learning/ASYNC_FIFO/sim/csrc'
rm -f _cuarc*.so _csrc*.so pre_vcsobj_*.so share_vcsobj_*.so
if [ -x ../simv ]; then chmod a-x ../simv; fi
g++  -o ../simv      -rdynamic  -Wl,-rpath='$ORIGIN'/simv.daidir -Wl,-rpath=./simv.daidir -Wl,-rpath=/opt/synopsys/vcs/V-2023.12-SP2-1/linux64/lib -L/opt/synopsys/vcs/V-2023.12-SP2-1/linux64/lib  -Wl,-rpath-link=./  /usr/lib64/libnuma.so.1 uvm_dpi.o   objs/amcQw_d.o   _258655_archive_1.so _prev_archive_1.so   SIM_l.o      rmapats_mop.o rmapats.o rmar.o rmar_nd.o  rmar_llvm_0_1.o rmar_llvm_0_0.o            -lvirsim -lerrorinf -lsnpsmalloc -lvfs    -lvcsnew -lsimprofile -luclinative /opt/synopsys/vcs/V-2023.12-SP2-1/linux64/lib/vcs_tls.o   -Wl,-whole-archive  -lvcsucli    -Wl,-no-whole-archive       ./../simv.daidir/vc_hdrs.o    /opt/synopsys/vcs/V-2023.12-SP2-1/linux64/lib/vcs_save_restore_new.o -ldl  -lc -lm -lpthread -ldl 
../simv up to date
make[1]: Leaving directory '/home/xz974/UVM_Learning/UVM_Learning/ASYNC_FIFO/sim/csrc'
CPU time: 4.874 seconds to compile + .217 seconds to elab + .329 seconds to link
cd sim && ./simv +UVM_TESTNAME=async_fifo_test -l run.log
Info: [VCS_SAVE_RESTORE_INFO] ASLR (Address Space Layout Randomization) is detected on the machine. To enable $save functionality, ASLR will be switched off and simv re-executed.
Please use '-no_save' simv switch to avoid re-execution or '-suppress=ASLR_DETECTED_INFO' to suppress this message.
Chronologic VCS simulator copyright 1991-2023
Contains Synopsys proprietary information.
Compiler version V-2023.12-SP2-1_Full64; Runtime version V-2023.12-SP2-1_Full64;  May 31 23:05 2026
----------------------------------------------------------------
UVM-1.1d.Synopsys
(C) 2007-2013 Mentor Graphics Corporation
(C) 2007-2013 Cadence Design Systems, Inc.
(C) 2006-2013 Synopsys, Inc.
(C) 2011-2013 Cypress Semiconductor Corp.
----------------------------------------------------------------

  ***********       IMPORTANT RELEASE NOTES         ************

  You are using a version of the UVM library that has been compiled
  with `UVM_NO_DEPRECATED undefined.
  See http://www.eda.org/svdb/view.php?id=3313 for more details.

  You are using a version of the UVM library that has been compiled
  with `UVM_OBJECT_MUST_HAVE_CONSTRUCTOR undefined.
  See http://www.eda.org/svdb/view.php?id=3770 for more details.

      (Specify +UVM_NO_RELNOTES to turn off this notice)

UVM_INFO @ 0: reporter [RNTST] Running test async_fifo_test...
UVM_INFO ../tb/wr_agent/async_fifo_wr_driver.sv(40) @ 150000: uvm_test_top.env.wr_agt.driver [ASYNC_FIFO_WR_DRV] WR Drive item: wr_en=1 wr_data=0x36
UVM_INFO ../tb/env/async_fifo_scoreboard.sv(49) @ 155001: uvm_test_top.env.scb [ASYNC_FIFO_SCB] Model Push: 0x36 depth=1
UVM_INFO ../tb/wr_agent/async_fifo_wr_driver.sv(40) @ 160000: uvm_test_top.env.wr_agt.driver [ASYNC_FIFO_WR_DRV] WR Drive item: wr_en=0 wr_data=0x1c
UVM_INFO ../tb/wr_agent/async_fifo_wr_driver.sv(40) @ 170000: uvm_test_top.env.wr_agt.driver [ASYNC_FIFO_WR_DRV] WR Drive item: wr_en=1 wr_data=0xe4
UVM_INFO ../tb/env/async_fifo_scoreboard.sv(49) @ 175001: uvm_test_top.env.scb [ASYNC_FIFO_SCB] Model Push: 0xe4 depth=2
UVM_INFO ../tb/rd_agent/async_fifo_rd_driver.sv(38) @ 180000: uvm_test_top.env.rd_agt.driver [ASYNC_FIFO_RD_DRV] RD Drive item: rd_en=0
UVM_INFO ../tb/wr_agent/async_fifo_wr_driver.sv(40) @ 180000: uvm_test_top.env.wr_agt.driver [ASYNC_FIFO_WR_DRV] WR Drive item: wr_en=1 wr_data=0xf7
UVM_INFO ../tb/env/async_fifo_scoreboard.sv(49) @ 185001: uvm_test_top.env.scb [ASYNC_FIFO_SCB] Model Push: 0xf7 depth=3
UVM_INFO ../tb/wr_agent/async_fifo_wr_driver.sv(40) @ 190000: uvm_test_top.env.wr_agt.driver [ASYNC_FIFO_WR_DRV] WR Drive item: wr_en=1 wr_data=0x50
UVM_INFO ../tb/env/async_fifo_scoreboard.sv(49) @ 195001: uvm_test_top.env.scb [ASYNC_FIFO_SCB] Model Push: 0x50 depth=4
UVM_INFO ../tb/rd_agent/async_fifo_rd_driver.sv(38) @ 200000: uvm_test_top.env.rd_agt.driver [ASYNC_FIFO_RD_DRV] RD Drive item: rd_en=0
UVM_INFO ../tb/wr_agent/async_fifo_wr_driver.sv(40) @ 200000: uvm_test_top.env.wr_agt.driver [ASYNC_FIFO_WR_DRV] WR Drive item: wr_en=0 wr_data=0x94
UVM_INFO ../tb/wr_agent/async_fifo_wr_driver.sv(40) @ 210000: uvm_test_top.env.wr_agt.driver [ASYNC_FIFO_WR_DRV] WR Drive item: wr_en=0 wr_data=0x3b
UVM_INFO ../tb/rd_agent/async_fifo_rd_driver.sv(38) @ 220000: uvm_test_top.env.rd_agt.driver [ASYNC_FIFO_RD_DRV] RD Drive item: rd_en=0
UVM_INFO ../tb/wr_agent/async_fifo_wr_driver.sv(40) @ 220000: uvm_test_top.env.wr_agt.driver [ASYNC_FIFO_WR_DRV] WR Drive item: wr_en=1 wr_data=0x3
UVM_INFO ../tb/env/async_fifo_scoreboard.sv(49) @ 225001: uvm_test_top.env.scb [ASYNC_FIFO_SCB] Model Push: 0x3 depth=5
UVM_INFO ../tb/wr_agent/async_fifo_wr_driver.sv(40) @ 230000: uvm_test_top.env.wr_agt.driver [ASYNC_FIFO_WR_DRV] WR Drive item: wr_en=1 wr_data=0xc6
UVM_INFO ../tb/env/async_fifo_scoreboard.sv(49) @ 235001: uvm_test_top.env.scb [ASYNC_FIFO_SCB] Model Push: 0xc6 depth=6
UVM_INFO ../tb/rd_agent/async_fifo_rd_driver.sv(38) @ 240000: uvm_test_top.env.rd_agt.driver [ASYNC_FIFO_RD_DRV] RD Drive item: rd_en=1
UVM_INFO ../tb/wr_agent/async_fifo_wr_driver.sv(40) @ 240000: uvm_test_top.env.wr_agt.driver [ASYNC_FIFO_WR_DRV] WR Drive item: wr_en=0 wr_data=0x56
UVM_INFO ../tb/wr_agent/async_fifo_wr_driver.sv(40) @ 250000: uvm_test_top.env.wr_agt.driver [ASYNC_FIFO_WR_DRV] WR Drive item: wr_en=1 wr_data=0xa1
UVM_INFO ../tb/rd_agent/async_fifo_rd_monitor.sv(69) @ 250001: uvm_test_top.env.rd_agt.monitor [ASYNC_FIFO_RD_MON] RD accepted item: rd_data=0x36
UVM_INFO ../tb/env/async_fifo_scoreboard.sv(49) @ 255001: uvm_test_top.env.scb [ASYNC_FIFO_SCB] Model Push: 0xa1 depth=6
UVM_INFO ../tb/rd_agent/async_fifo_rd_driver.sv(38) @ 260000: uvm_test_top.env.rd_agt.driver [ASYNC_FIFO_RD_DRV] RD Drive item: rd_en=0
UVM_INFO ../tb/wr_agent/async_fifo_wr_driver.sv(40) @ 260000: uvm_test_top.env.wr_agt.driver [ASYNC_FIFO_WR_DRV] WR Drive item: wr_en=0 wr_data=0x69
UVM_INFO ../tb/wr_agent/async_fifo_wr_driver.sv(40) @ 270000: uvm_test_top.env.wr_agt.driver [ASYNC_FIFO_WR_DRV] WR Drive item: wr_en=0 wr_data=0xf0
UVM_INFO ../tb/rd_agent/async_fifo_rd_driver.sv(38) @ 280000: uvm_test_top.env.rd_agt.driver [ASYNC_FIFO_RD_DRV] RD Drive item: rd_en=0
UVM_INFO ../tb/wr_agent/async_fifo_wr_driver.sv(40) @ 280000: uvm_test_top.env.wr_agt.driver [ASYNC_FIFO_WR_DRV] WR Drive item: wr_en=1 wr_data=0xb6
UVM_INFO ../tb/env/async_fifo_scoreboard.sv(49) @ 285001: uvm_test_top.env.scb [ASYNC_FIFO_SCB] Model Push: 0xb6 depth=7
UVM_INFO ../tb/wr_agent/async_fifo_wr_driver.sv(40) @ 290000: uvm_test_top.env.wr_agt.driver [ASYNC_FIFO_WR_DRV] WR Drive item: wr_en=0 wr_data=0x64
UVM_INFO ../tb/rd_agent/async_fifo_rd_driver.sv(38) @ 300000: uvm_test_top.env.rd_agt.driver [ASYNC_FIFO_RD_DRV] RD Drive item: rd_en=0
UVM_INFO ../tb/wr_agent/async_fifo_wr_driver.sv(40) @ 300000: uvm_test_top.env.wr_agt.driver [ASYNC_FIFO_WR_DRV] WR Drive item: wr_en=1 wr_data=0xb7
UVM_INFO ../tb/env/async_fifo_scoreboard.sv(49) @ 305001: uvm_test_top.env.scb [ASYNC_FIFO_SCB] Model Push: 0xb7 depth=8
UVM_INFO ../tb/wr_agent/async_fifo_wr_driver.sv(40) @ 310000: uvm_test_top.env.wr_agt.driver [ASYNC_FIFO_WR_DRV] WR Drive item: wr_en=1 wr_data=0xfb
UVM_INFO ../tb/env/async_fifo_scoreboard.sv(49) @ 315001: uvm_test_top.env.scb [ASYNC_FIFO_SCB] Model Push: 0xfb depth=9
UVM_INFO ../tb/rd_agent/async_fifo_rd_driver.sv(38) @ 320000: uvm_test_top.env.rd_agt.driver [ASYNC_FIFO_RD_DRV] RD Drive item: rd_en=0
UVM_INFO ../tb/wr_agent/async_fifo_wr_driver.sv(40) @ 320000: uvm_test_top.env.wr_agt.driver [ASYNC_FIFO_WR_DRV] WR Drive item: wr_en=0 wr_data=0x60
UVM_INFO ../tb/wr_agent/async_fifo_wr_driver.sv(40) @ 330000: uvm_test_top.env.wr_agt.driver [ASYNC_FIFO_WR_DRV] WR Drive item: wr_en=1 wr_data=0xa5
UVM_INFO ../tb/env/async_fifo_scoreboard.sv(49) @ 335001: uvm_test_top.env.scb [ASYNC_FIFO_SCB] Model Push: 0xa5 depth=10
UVM_INFO ../tb/rd_agent/async_fifo_rd_driver.sv(38) @ 340000: uvm_test_top.env.rd_agt.driver [ASYNC_FIFO_RD_DRV] RD Drive item: rd_en=0
UVM_INFO ../tb/wr_agent/async_fifo_wr_driver.sv(40) @ 340000: uvm_test_top.env.wr_agt.driver [ASYNC_FIFO_WR_DRV] WR Drive item: wr_en=0 wr_data=0x43
UVM_INFO ../tb/wr_agent/async_fifo_wr_driver.sv(40) @ 350000: uvm_test_top.env.wr_agt.driver [ASYNC_FIFO_WR_DRV] WR Drive item: wr_en=1 wr_data=0xd4
UVM_INFO ../tb/env/async_fifo_scoreboard.sv(49) @ 355001: uvm_test_top.env.scb [ASYNC_FIFO_SCB] Model Push: 0xd4 depth=11
UVM_INFO ../tb/rd_agent/async_fifo_rd_driver.sv(38) @ 360000: uvm_test_top.env.rd_agt.driver [ASYNC_FIFO_RD_DRV] RD Drive item: rd_en=1
UVM_INFO ../tb/wr_agent/async_fifo_wr_driver.sv(40) @ 360000: uvm_test_top.env.wr_agt.driver [ASYNC_FIFO_WR_DRV] WR Drive item: wr_en=1 wr_data=0x67
UVM_INFO ../tb/env/async_fifo_scoreboard.sv(49) @ 365001: uvm_test_top.env.scb [ASYNC_FIFO_SCB] Model Push: 0x67 depth=12
UVM_INFO ../tb/wr_agent/async_fifo_wr_driver.sv(40) @ 370000: uvm_test_top.env.wr_agt.driver [ASYNC_FIFO_WR_DRV] WR Drive item: wr_en=0 wr_data=0xb8
UVM_INFO ../tb/rd_agent/async_fifo_rd_monitor.sv(69) @ 370001: uvm_test_top.env.rd_agt.monitor [ASYNC_FIFO_RD_MON] RD accepted item: rd_data=0xe4
UVM_INFO ../tb/rd_agent/async_fifo_rd_driver.sv(38) @ 380000: uvm_test_top.env.rd_agt.driver [ASYNC_FIFO_RD_DRV] RD Drive item: rd_en=1
UVM_INFO ../tb/wr_agent/async_fifo_wr_driver.sv(40) @ 380000: uvm_test_top.env.wr_agt.driver [ASYNC_FIFO_WR_DRV] WR Drive item: wr_en=0 wr_data=0x57
UVM_INFO ../tb/wr_agent/async_fifo_wr_driver.sv(40) @ 390000: uvm_test_top.env.wr_agt.driver [ASYNC_FIFO_WR_DRV] WR Drive item: wr_en=1 wr_data=0xc1
UVM_INFO ../tb/rd_agent/async_fifo_rd_monitor.sv(69) @ 390001: uvm_test_top.env.rd_agt.monitor [ASYNC_FIFO_RD_MON] RD accepted item: rd_data=0xf7
UVM_INFO ../tb/env/async_fifo_scoreboard.sv(49) @ 395001: uvm_test_top.env.scb [ASYNC_FIFO_SCB] Model Push: 0xc1 depth=11
UVM_INFO ../tb/rd_agent/async_fifo_rd_driver.sv(38) @ 400000: uvm_test_top.env.rd_agt.driver [ASYNC_FIFO_RD_DRV] RD Drive item: rd_en=0
UVM_INFO ../tb/wr_agent/async_fifo_wr_driver.sv(40) @ 400000: uvm_test_top.env.wr_agt.driver [ASYNC_FIFO_WR_DRV] WR Drive item: wr_en=0 wr_data=0x1f
UVM_INFO ../tb/wr_agent/async_fifo_wr_driver.sv(40) @ 410000: uvm_test_top.env.wr_agt.driver [ASYNC_FIFO_WR_DRV] WR Drive item: wr_en=0 wr_data=0xd9
UVM_INFO ../tb/rd_agent/async_fifo_rd_driver.sv(38) @ 420000: uvm_test_top.env.rd_agt.driver [ASYNC_FIFO_RD_DRV] RD Drive item: rd_en=1
UVM_INFO ../tb/wr_agent/async_fifo_wr_driver.sv(40) @ 420000: uvm_test_top.env.wr_agt.driver [ASYNC_FIFO_WR_DRV] WR Drive item: wr_en=0 wr_data=0x5b
UVM_INFO ../tb/wr_agent/async_fifo_wr_driver.sv(40) @ 430000: uvm_test_top.env.wr_agt.driver [ASYNC_FIFO_WR_DRV] WR Drive item: wr_en=1 wr_data=0xee
UVM_INFO ../tb/rd_agent/async_fifo_rd_monitor.sv(69) @ 430001: uvm_test_top.env.rd_agt.monitor [ASYNC_FIFO_RD_MON] RD accepted item: rd_data=0x50
UVM_INFO ../tb/env/async_fifo_scoreboard.sv(49) @ 435001: uvm_test_top.env.scb [ASYNC_FIFO_SCB] Model Push: 0xee depth=11
UVM_INFO ../tb/rd_agent/async_fifo_rd_driver.sv(38) @ 440000: uvm_test_top.env.rd_agt.driver [ASYNC_FIFO_RD_DRV] RD Drive item: rd_en=1
UVM_INFO ../tb/wr_agent/async_fifo_wr_driver.sv(40) @ 440000: uvm_test_top.env.wr_agt.driver [ASYNC_FIFO_WR_DRV] WR Drive item: wr_en=0 wr_data=0x40
UVM_INFO ../tb/wr_agent/async_fifo_wr_driver.sv(40) @ 450000: uvm_test_top.env.wr_agt.driver [ASYNC_FIFO_WR_DRV] WR Drive item: wr_en=0 wr_data=0x0
UVM_INFO ../tb/rd_agent/async_fifo_rd_monitor.sv(69) @ 450001: uvm_test_top.env.rd_agt.monitor [ASYNC_FIFO_RD_MON] RD accepted item: rd_data=0x3
UVM_INFO ../tb/rd_agent/async_fifo_rd_driver.sv(38) @ 460000: uvm_test_top.env.rd_agt.driver [ASYNC_FIFO_RD_DRV] RD Drive item: rd_en=0
UVM_INFO ../tb/wr_agent/async_fifo_wr_driver.sv(40) @ 460000: uvm_test_top.env.wr_agt.driver [ASYNC_FIFO_WR_DRV] WR Drive item: wr_en=1 wr_data=0x9a
UVM_INFO ../tb/env/async_fifo_scoreboard.sv(49) @ 465001: uvm_test_top.env.scb [ASYNC_FIFO_SCB] Model Push: 0x9a depth=11
UVM_INFO ../tb/wr_agent/async_fifo_wr_driver.sv(40) @ 470000: uvm_test_top.env.wr_agt.driver [ASYNC_FIFO_WR_DRV] WR Drive item: wr_en=0 wr_data=0xfd
UVM_INFO ../tb/rd_agent/async_fifo_rd_driver.sv(38) @ 480000: uvm_test_top.env.rd_agt.driver [ASYNC_FIFO_RD_DRV] RD Drive item: rd_en=1
UVM_INFO ../tb/wr_agent/async_fifo_wr_driver.sv(40) @ 480000: uvm_test_top.env.wr_agt.driver [ASYNC_FIFO_WR_DRV] WR Drive item: wr_en=1 wr_data=0x98
UVM_INFO ../tb/env/async_fifo_scoreboard.sv(49) @ 485001: uvm_test_top.env.scb [ASYNC_FIFO_SCB] Model Push: 0x98 depth=12
UVM_INFO ../tb/wr_agent/async_fifo_wr_driver.sv(40) @ 490000: uvm_test_top.env.wr_agt.driver [ASYNC_FIFO_WR_DRV] WR Drive item: wr_en=1 wr_data=0x8b
UVM_INFO ../tb/rd_agent/async_fifo_rd_monitor.sv(69) @ 490001: uvm_test_top.env.rd_agt.monitor [ASYNC_FIFO_RD_MON] RD accepted item: rd_data=0xc6
UVM_INFO ../tb/env/async_fifo_scoreboard.sv(49) @ 495001: uvm_test_top.env.scb [ASYNC_FIFO_SCB] Model Push: 0x8b depth=12
UVM_INFO ../tb/rd_agent/async_fifo_rd_driver.sv(38) @ 500000: uvm_test_top.env.rd_agt.driver [ASYNC_FIFO_RD_DRV] RD Drive item: rd_en=1
UVM_INFO ../tb/wr_agent/async_fifo_wr_driver.sv(40) @ 500000: uvm_test_top.env.wr_agt.driver [ASYNC_FIFO_WR_DRV] WR Drive item: wr_en=0 wr_data=0x3f
UVM_INFO ../tb/wr_agent/async_fifo_wr_driver.sv(40) @ 510000: uvm_test_top.env.wr_agt.driver [ASYNC_FIFO_WR_DRV] WR Drive item: wr_en=0 wr_data=0xf3
UVM_INFO ../tb/rd_agent/async_fifo_rd_monitor.sv(69) @ 510001: uvm_test_top.env.rd_agt.monitor [ASYNC_FIFO_RD_MON] RD accepted item: rd_data=0xa1
UVM_INFO ../tb/rd_agent/async_fifo_rd_driver.sv(38) @ 520000: uvm_test_top.env.rd_agt.driver [ASYNC_FIFO_RD_DRV] RD Drive item: rd_en=1
UVM_INFO ../tb/wr_agent/async_fifo_wr_driver.sv(40) @ 520000: uvm_test_top.env.wr_agt.driver [ASYNC_FIFO_WR_DRV] WR Drive item: wr_en=0 wr_data=0xba
UVM_INFO ../tb/wr_agent/async_fifo_wr_driver.sv(40) @ 530000: uvm_test_top.env.wr_agt.driver [ASYNC_FIFO_WR_DRV] WR Drive item: wr_en=0 wr_data=0xc7
UVM_INFO ../tb/rd_agent/async_fifo_rd_monitor.sv(69) @ 530001: uvm_test_top.env.rd_agt.monitor [ASYNC_FIFO_RD_MON] RD accepted item: rd_data=0xb6
UVM_INFO ../tb/rd_agent/async_fifo_rd_driver.sv(38) @ 540000: uvm_test_top.env.rd_agt.driver [ASYNC_FIFO_RD_DRV] RD Drive item: rd_en=0
UVM_INFO ../tb/wr_agent/async_fifo_wr_driver.sv(40) @ 540000: uvm_test_top.env.wr_agt.driver [ASYNC_FIFO_WR_DRV] WR Drive item: wr_en=1 wr_data=0x3d
UVM_INFO ../tb/env/async_fifo_scoreboard.sv(49) @ 545001: uvm_test_top.env.scb [ASYNC_FIFO_SCB] Model Push: 0x3d depth=11
UVM_INFO ../tb/wr_agent/async_fifo_wr_driver.sv(40) @ 550000: uvm_test_top.env.wr_agt.driver [ASYNC_FIFO_WR_DRV] WR Drive item: wr_en=1 wr_data=0x7d
UVM_INFO ../tb/env/async_fifo_scoreboard.sv(49) @ 555001: uvm_test_top.env.scb [ASYNC_FIFO_SCB] Model Push: 0x7d depth=12
UVM_INFO ../tb/rd_agent/async_fifo_rd_driver.sv(38) @ 560000: uvm_test_top.env.rd_agt.driver [ASYNC_FIFO_RD_DRV] RD Drive item: rd_en=0
UVM_INFO ../tb/wr_agent/async_fifo_wr_driver.sv(40) @ 560000: uvm_test_top.env.wr_agt.driver [ASYNC_FIFO_WR_DRV] WR Drive item: wr_en=0 wr_data=0x41
UVM_INFO ../tb/wr_agent/async_fifo_wr_driver.sv(40) @ 570000: uvm_test_top.env.wr_agt.driver [ASYNC_FIFO_WR_DRV] WR Drive item: wr_en=1 wr_data=0xbc
UVM_INFO ../tb/env/async_fifo_scoreboard.sv(49) @ 575001: uvm_test_top.env.scb [ASYNC_FIFO_SCB] Model Push: 0xbc depth=13
UVM_INFO ../tb/rd_agent/async_fifo_rd_driver.sv(38) @ 580000: uvm_test_top.env.rd_agt.driver [ASYNC_FIFO_RD_DRV] RD Drive item: rd_en=0
UVM_INFO ../tb/wr_agent/async_fifo_wr_driver.sv(40) @ 580000: uvm_test_top.env.wr_agt.driver [ASYNC_FIFO_WR_DRV] WR Drive item: wr_en=0 wr_data=0x32
UVM_INFO ../tb/wr_agent/async_fifo_wr_driver.sv(40) @ 590000: uvm_test_top.env.wr_agt.driver [ASYNC_FIFO_WR_DRV] WR Drive item: wr_en=1 wr_data=0xa
UVM_INFO ../tb/env/async_fifo_scoreboard.sv(49) @ 595001: uvm_test_top.env.scb [ASYNC_FIFO_SCB] Model Push: 0xa depth=14
UVM_INFO ../tb/rd_agent/async_fifo_rd_driver.sv(38) @ 600000: uvm_test_top.env.rd_agt.driver [ASYNC_FIFO_RD_DRV] RD Drive item: rd_en=0
UVM_INFO ../tb/wr_agent/async_fifo_wr_driver.sv(40) @ 600000: uvm_test_top.env.wr_agt.driver [ASYNC_FIFO_WR_DRV] WR Drive item: wr_en=1 wr_data=0x69
UVM_INFO ../tb/env/async_fifo_scoreboard.sv(49) @ 605001: uvm_test_top.env.scb [ASYNC_FIFO_SCB] Model Push: 0x69 depth=15
UVM_INFO ../tb/wr_agent/async_fifo_wr_driver.sv(40) @ 610000: uvm_test_top.env.wr_agt.driver [ASYNC_FIFO_WR_DRV] WR Drive item: wr_en=1 wr_data=0xfb
UVM_INFO ../tb/env/async_fifo_scoreboard.sv(49) @ 615001: uvm_test_top.env.scb [ASYNC_FIFO_SCB] Model Push: 0xfb depth=16
UVM_INFO ../tb/rd_agent/async_fifo_rd_driver.sv(38) @ 620000: uvm_test_top.env.rd_agt.driver [ASYNC_FIFO_RD_DRV] RD Drive item: rd_en=1
UVM_INFO ../tb/wr_agent/async_fifo_wr_driver.sv(40) @ 620000: uvm_test_top.env.wr_agt.driver [ASYNC_FIFO_WR_DRV] WR Drive item: wr_en=0 wr_data=0xf6
UVM_INFO ../tb/wr_agent/async_fifo_wr_driver.sv(40) @ 630000: uvm_test_top.env.wr_agt.driver [ASYNC_FIFO_WR_DRV] WR Drive item: wr_en=0 wr_data=0xe1
UVM_INFO ../tb/rd_agent/async_fifo_rd_monitor.sv(69) @ 630001: uvm_test_top.env.rd_agt.monitor [ASYNC_FIFO_RD_MON] RD accepted item: rd_data=0xb7
UVM_INFO ../tb/rd_agent/async_fifo_rd_driver.sv(38) @ 640000: uvm_test_top.env.rd_agt.driver [ASYNC_FIFO_RD_DRV] RD Drive item: rd_en=0
UVM_INFO ../tb/wr_agent/async_fifo_wr_driver.sv(40) @ 640000: uvm_test_top.env.wr_agt.driver [ASYNC_FIFO_WR_DRV] WR Drive item: wr_en=0 wr_data=0xc2
UVM_INFO ../tb/wr_agent/async_fifo_wr_driver.sv(40) @ 650000: uvm_test_top.env.wr_agt.driver [ASYNC_FIFO_WR_DRV] WR Drive item: wr_en=0 wr_data=0x9a
UVM_INFO ../tb/rd_agent/async_fifo_rd_driver.sv(38) @ 660000: uvm_test_top.env.rd_agt.driver [ASYNC_FIFO_RD_DRV] RD Drive item: rd_en=0
UVM_INFO ../tb/wr_agent/async_fifo_wr_driver.sv(40) @ 660000: uvm_test_top.env.wr_agt.driver [ASYNC_FIFO_WR_DRV] WR Drive item: wr_en=1 wr_data=0x79
UVM_INFO ../tb/env/async_fifo_scoreboard.sv(49) @ 665001: uvm_test_top.env.scb [ASYNC_FIFO_SCB] Model Push: 0x79 depth=16
UVM_INFO ../tb/wr_agent/async_fifo_wr_driver.sv(40) @ 670000: uvm_test_top.env.wr_agt.driver [ASYNC_FIFO_WR_DRV] WR Drive item: wr_en=1 wr_data=0x92
UVM_INFO ../tb/env/async_fifo_scoreboard.sv(55) @ 675001: uvm_test_top.env.scb [ASYNC_FIFO_SCB] Write ignored because write side was full before edge
UVM_INFO ../tb/rd_agent/async_fifo_rd_driver.sv(38) @ 680000: uvm_test_top.env.rd_agt.driver [ASYNC_FIFO_RD_DRV] RD Drive item: rd_en=0
UVM_INFO ../tb/wr_agent/async_fifo_wr_driver.sv(40) @ 680000: uvm_test_top.env.wr_agt.driver [ASYNC_FIFO_WR_DRV] WR Drive item: wr_en=1 wr_data=0x88
UVM_INFO ../tb/env/async_fifo_scoreboard.sv(55) @ 685001: uvm_test_top.env.scb [ASYNC_FIFO_SCB] Write ignored because write side was full before edge
UVM_INFO ../tb/wr_agent/async_fifo_wr_driver.sv(40) @ 690000: uvm_test_top.env.wr_agt.driver [ASYNC_FIFO_WR_DRV] WR Drive item: wr_en=0 wr_data=0x3a
UVM_INFO ../tb/rd_agent/async_fifo_rd_driver.sv(38) @ 700000: uvm_test_top.env.rd_agt.driver [ASYNC_FIFO_RD_DRV] RD Drive item: rd_en=1
UVM_INFO ../tb/wr_agent/async_fifo_wr_driver.sv(40) @ 700000: uvm_test_top.env.wr_agt.driver [ASYNC_FIFO_WR_DRV] WR Drive item: wr_en=1 wr_data=0x38
UVM_INFO ../tb/env/async_fifo_scoreboard.sv(55) @ 705001: uvm_test_top.env.scb [ASYNC_FIFO_SCB] Write ignored because write side was full before edge
UVM_INFO ../tb/wr_agent/async_fifo_wr_driver.sv(40) @ 710000: uvm_test_top.env.wr_agt.driver [ASYNC_FIFO_WR_DRV] WR Drive item: wr_en=0 wr_data=0x50
UVM_INFO ../tb/rd_agent/async_fifo_rd_monitor.sv(69) @ 710001: uvm_test_top.env.rd_agt.monitor [ASYNC_FIFO_RD_MON] RD accepted item: rd_data=0xfb
UVM_INFO ../tb/rd_agent/async_fifo_rd_driver.sv(38) @ 720000: uvm_test_top.env.rd_agt.driver [ASYNC_FIFO_RD_DRV] RD Drive item: rd_en=0
UVM_INFO ../tb/wr_agent/async_fifo_wr_driver.sv(40) @ 720000: uvm_test_top.env.wr_agt.driver [ASYNC_FIFO_WR_DRV] WR Drive item: wr_en=1 wr_data=0x46
UVM_INFO ../tb/env/async_fifo_scoreboard.sv(55) @ 725001: uvm_test_top.env.scb [ASYNC_FIFO_SCB] Write ignored because write side was full before edge
UVM_INFO ../tb/wr_agent/async_fifo_wr_driver.sv(40) @ 730000: uvm_test_top.env.wr_agt.driver [ASYNC_FIFO_WR_DRV] WR Drive item: wr_en=1 wr_data=0x84
UVM_INFO ../tb/env/async_fifo_scoreboard.sv(55) @ 735001: uvm_test_top.env.scb [ASYNC_FIFO_SCB] Write ignored because write side was full before edge
UVM_INFO ../tb/rd_agent/async_fifo_rd_driver.sv(38) @ 740000: uvm_test_top.env.rd_agt.driver [ASYNC_FIFO_RD_DRV] RD Drive item: rd_en=1
UVM_INFO ../tb/wr_agent/async_fifo_wr_driver.sv(40) @ 740000: uvm_test_top.env.wr_agt.driver [ASYNC_FIFO_WR_DRV] WR Drive item: wr_en=0 wr_data=0x5b
UVM_INFO ../tb/wr_agent/async_fifo_wr_driver.sv(40) @ 750000: uvm_test_top.env.wr_agt.driver [ASYNC_FIFO_WR_DRV] WR Drive item: wr_en=0 wr_data=0x91
UVM_INFO ../tb/rd_agent/async_fifo_rd_monitor.sv(69) @ 750001: uvm_test_top.env.rd_agt.monitor [ASYNC_FIFO_RD_MON] RD accepted item: rd_data=0xa5
UVM_INFO ../tb/rd_agent/async_fifo_rd_driver.sv(38) @ 760000: uvm_test_top.env.rd_agt.driver [ASYNC_FIFO_RD_DRV] RD Drive item: rd_en=0
UVM_INFO ../tb/wr_agent/async_fifo_wr_driver.sv(40) @ 760000: uvm_test_top.env.wr_agt.driver [ASYNC_FIFO_WR_DRV] WR Drive item: wr_en=1 wr_data=0x85
UVM_INFO ../tb/env/async_fifo_scoreboard.sv(49) @ 765001: uvm_test_top.env.scb [ASYNC_FIFO_SCB] Model Push: 0x85 depth=15
UVM_INFO ../tb/wr_agent/async_fifo_wr_driver.sv(40) @ 770000: uvm_test_top.env.wr_agt.driver [ASYNC_FIFO_WR_DRV] WR Drive item: wr_en=0 wr_data=0x66
UVM_INFO ../tb/rd_agent/async_fifo_rd_driver.sv(38) @ 780000: uvm_test_top.env.rd_agt.driver [ASYNC_FIFO_RD_DRV] RD Drive item: rd_en=1
UVM_INFO ../tb/wr_agent/async_fifo_wr_driver.sv(40) @ 780000: uvm_test_top.env.wr_agt.driver [ASYNC_FIFO_WR_DRV] WR Drive item: wr_en=1 wr_data=0x68
UVM_INFO ../tb/env/async_fifo_scoreboard.sv(49) @ 785001: uvm_test_top.env.scb [ASYNC_FIFO_SCB] Model Push: 0x68 depth=16
UVM_INFO ../tb/wr_agent/async_fifo_wr_driver.sv(40) @ 790000: uvm_test_top.env.wr_agt.driver [ASYNC_FIFO_WR_DRV] WR Drive item: wr_en=1 wr_data=0x2b
UVM_INFO ../tb/rd_agent/async_fifo_rd_monitor.sv(69) @ 790001: uvm_test_top.env.rd_agt.monitor [ASYNC_FIFO_RD_MON] RD accepted item: rd_data=0xd4
UVM_INFO ../tb/env/async_fifo_scoreboard.sv(55) @ 795001: uvm_test_top.env.scb [ASYNC_FIFO_SCB] Write ignored because write side was full before edge
UVM_INFO ../tb/rd_agent/async_fifo_rd_driver.sv(38) @ 800000: uvm_test_top.env.rd_agt.driver [ASYNC_FIFO_RD_DRV] RD Drive item: rd_en=1
UVM_INFO ../tb/wr_agent/async_fifo_wr_driver.sv(40) @ 800000: uvm_test_top.env.wr_agt.driver [ASYNC_FIFO_WR_DRV] WR Drive item: wr_en=0 wr_data=0x7e
UVM_INFO ../tb/wr_agent/async_fifo_wr_driver.sv(40) @ 810000: uvm_test_top.env.wr_agt.driver [ASYNC_FIFO_WR_DRV] WR Drive item: wr_en=0 wr_data=0x29
UVM_INFO ../tb/rd_agent/async_fifo_rd_monitor.sv(69) @ 810001: uvm_test_top.env.rd_agt.monitor [ASYNC_FIFO_RD_MON] RD accepted item: rd_data=0x67
UVM_INFO ../tb/rd_agent/async_fifo_rd_driver.sv(38) @ 820000: uvm_test_top.env.rd_agt.driver [ASYNC_FIFO_RD_DRV] RD Drive item: rd_en=1
UVM_INFO ../tb/wr_agent/async_fifo_wr_driver.sv(40) @ 820000: uvm_test_top.env.wr_agt.driver [ASYNC_FIFO_WR_DRV] WR Drive item: wr_en=0 wr_data=0x42
UVM_INFO ../tb/wr_agent/async_fifo_wr_driver.sv(40) @ 830000: uvm_test_top.env.wr_agt.driver [ASYNC_FIFO_WR_DRV] WR Drive item: wr_en=0 wr_data=0x67
UVM_INFO ../tb/rd_agent/async_fifo_rd_monitor.sv(69) @ 830001: uvm_test_top.env.rd_agt.monitor [ASYNC_FIFO_RD_MON] RD accepted item: rd_data=0xc1
UVM_INFO ../tb/rd_agent/async_fifo_rd_driver.sv(38) @ 840000: uvm_test_top.env.rd_agt.driver [ASYNC_FIFO_RD_DRV] RD Drive item: rd_en=1
UVM_INFO ../tb/wr_agent/async_fifo_wr_driver.sv(40) @ 840000: uvm_test_top.env.wr_agt.driver [ASYNC_FIFO_WR_DRV] WR Drive item: wr_en=0 wr_data=0xa1
UVM_INFO ../tb/wr_agent/async_fifo_wr_driver.sv(40) @ 850000: uvm_test_top.env.wr_agt.driver [ASYNC_FIFO_WR_DRV] WR Drive item: wr_en=0 wr_data=0xcc
UVM_INFO ../tb/rd_agent/async_fifo_rd_monitor.sv(69) @ 850001: uvm_test_top.env.rd_agt.monitor [ASYNC_FIFO_RD_MON] RD accepted item: rd_data=0xee
UVM_INFO ../tb/rd_agent/async_fifo_rd_driver.sv(38) @ 860000: uvm_test_top.env.rd_agt.driver [ASYNC_FIFO_RD_DRV] RD Drive item: rd_en=1
UVM_INFO ../tb/wr_agent/async_fifo_wr_driver.sv(40) @ 860000: uvm_test_top.env.wr_agt.driver [ASYNC_FIFO_WR_DRV] WR Drive item: wr_en=1 wr_data=0x3a
UVM_INFO ../tb/env/async_fifo_scoreboard.sv(49) @ 865001: uvm_test_top.env.scb [ASYNC_FIFO_SCB] Model Push: 0x3a depth=13
UVM_INFO ../tb/wr_agent/async_fifo_wr_driver.sv(40) @ 870000: uvm_test_top.env.wr_agt.driver [ASYNC_FIFO_WR_DRV] WR Drive item: wr_en=0 wr_data=0x14
UVM_INFO ../tb/rd_agent/async_fifo_rd_monitor.sv(69) @ 870001: uvm_test_top.env.rd_agt.monitor [ASYNC_FIFO_RD_MON] RD accepted item: rd_data=0x9a
UVM_INFO ../tb/rd_agent/async_fifo_rd_driver.sv(38) @ 880000: uvm_test_top.env.rd_agt.driver [ASYNC_FIFO_RD_DRV] RD Drive item: rd_en=0
UVM_INFO ../tb/wr_agent/async_fifo_wr_driver.sv(40) @ 880000: uvm_test_top.env.wr_agt.driver [ASYNC_FIFO_WR_DRV] WR Drive item: wr_en=0 wr_data=0xc5
UVM_INFO ../tb/wr_agent/async_fifo_wr_driver.sv(40) @ 890000: uvm_test_top.env.wr_agt.driver [ASYNC_FIFO_WR_DRV] WR Drive item: wr_en=0 wr_data=0x33
UVM_INFO ../tb/rd_agent/async_fifo_rd_driver.sv(38) @ 900000: uvm_test_top.env.rd_agt.driver [ASYNC_FIFO_RD_DRV] RD Drive item: rd_en=1
UVM_INFO ../tb/wr_agent/async_fifo_wr_driver.sv(40) @ 900000: uvm_test_top.env.wr_agt.driver [ASYNC_FIFO_WR_DRV] WR Drive item: wr_en=1 wr_data=0x84
UVM_INFO ../tb/env/async_fifo_scoreboard.sv(49) @ 905001: uvm_test_top.env.scb [ASYNC_FIFO_SCB] Model Push: 0x84 depth=13
UVM_INFO ../tb/wr_agent/async_fifo_wr_driver.sv(40) @ 910000: uvm_test_top.env.wr_agt.driver [ASYNC_FIFO_WR_DRV] WR Drive item: wr_en=0 wr_data=0x5c
UVM_INFO ../tb/rd_agent/async_fifo_rd_monitor.sv(69) @ 910001: uvm_test_top.env.rd_agt.monitor [ASYNC_FIFO_RD_MON] RD accepted item: rd_data=0x98
UVM_INFO ../tb/rd_agent/async_fifo_rd_driver.sv(38) @ 920000: uvm_test_top.env.rd_agt.driver [ASYNC_FIFO_RD_DRV] RD Drive item: rd_en=0
UVM_INFO ../tb/wr_agent/async_fifo_wr_driver.sv(40) @ 920000: uvm_test_top.env.wr_agt.driver [ASYNC_FIFO_WR_DRV] WR Drive item: wr_en=0 wr_data=0x19
UVM_INFO ../tb/wr_agent/async_fifo_wr_driver.sv(40) @ 930000: uvm_test_top.env.wr_agt.driver [ASYNC_FIFO_WR_DRV] WR Drive item: wr_en=0 wr_data=0x40
UVM_INFO ../tb/rd_agent/async_fifo_rd_driver.sv(38) @ 940000: uvm_test_top.env.rd_agt.driver [ASYNC_FIFO_RD_DRV] RD Drive item: rd_en=1
UVM_INFO ../tb/wr_agent/async_fifo_wr_driver.sv(40) @ 940000: uvm_test_top.env.wr_agt.driver [ASYNC_FIFO_WR_DRV] WR Drive item: wr_en=1 wr_data=0x44
UVM_INFO ../tb/env/async_fifo_scoreboard.sv(49) @ 945001: uvm_test_top.env.scb [ASYNC_FIFO_SCB] Model Push: 0x44 depth=13
UVM_INFO ../tb/wr_agent/async_fifo_wr_driver.sv(40) @ 950000: uvm_test_top.env.wr_agt.driver [ASYNC_FIFO_WR_DRV] WR Drive item: wr_en=0 wr_data=0xca
UVM_INFO ../tb/rd_agent/async_fifo_rd_monitor.sv(69) @ 950001: uvm_test_top.env.rd_agt.monitor [ASYNC_FIFO_RD_MON] RD accepted item: rd_data=0x8b
UVM_INFO ../tb/rd_agent/async_fifo_rd_driver.sv(38) @ 960000: uvm_test_top.env.rd_agt.driver [ASYNC_FIFO_RD_DRV] RD Drive item: rd_en=0
UVM_INFO ../tb/wr_agent/async_fifo_wr_driver.sv(40) @ 960000: uvm_test_top.env.wr_agt.driver [ASYNC_FIFO_WR_DRV] WR Drive item: wr_en=0 wr_data=0x2d
UVM_INFO ../tb/wr_agent/async_fifo_wr_driver.sv(40) @ 970000: uvm_test_top.env.wr_agt.driver [ASYNC_FIFO_WR_DRV] WR Drive item: wr_en=0 wr_data=0x0
UVM_INFO ../tb/rd_agent/async_fifo_rd_driver.sv(38) @ 980000: uvm_test_top.env.rd_agt.driver [ASYNC_FIFO_RD_DRV] RD Drive item: rd_en=1
UVM_INFO ../tb/wr_agent/async_fifo_wr_driver.sv(40) @ 980000: uvm_test_top.env.wr_agt.driver [ASYNC_FIFO_WR_DRV] WR Drive item: wr_en=0 wr_data=0x1d
UVM_INFO ../tb/wr_agent/async_fifo_wr_driver.sv(40) @ 990000: uvm_test_top.env.wr_agt.driver [ASYNC_FIFO_WR_DRV] WR Drive item: wr_en=0 wr_data=0x9c
UVM_INFO ../tb/rd_agent/async_fifo_rd_monitor.sv(69) @ 990001: uvm_test_top.env.rd_agt.monitor [ASYNC_FIFO_RD_MON] RD accepted item: rd_data=0x3d
UVM_INFO ../tb/rd_agent/async_fifo_rd_driver.sv(38) @ 1000000: uvm_test_top.env.rd_agt.driver [ASYNC_FIFO_RD_DRV] RD Drive item: rd_en=0
UVM_INFO ../tb/wr_agent/async_fifo_wr_driver.sv(40) @ 1000000: uvm_test_top.env.wr_agt.driver [ASYNC_FIFO_WR_DRV] WR Drive item: wr_en=0 wr_data=0x3
UVM_INFO ../tb/wr_agent/async_fifo_wr_driver.sv(40) @ 1010000: uvm_test_top.env.wr_agt.driver [ASYNC_FIFO_WR_DRV] WR Drive item: wr_en=0 wr_data=0xb4
UVM_INFO ../tb/rd_agent/async_fifo_rd_driver.sv(38) @ 1020000: uvm_test_top.env.rd_agt.driver [ASYNC_FIFO_RD_DRV] RD Drive item: rd_en=1
UVM_INFO ../tb/wr_agent/async_fifo_wr_driver.sv(40) @ 1020000: uvm_test_top.env.wr_agt.driver [ASYNC_FIFO_WR_DRV] WR Drive item: wr_en=1 wr_data=0x7e
UVM_INFO ../tb/env/async_fifo_scoreboard.sv(49) @ 1025001: uvm_test_top.env.scb [ASYNC_FIFO_SCB] Model Push: 0x7e depth=12
UVM_INFO ../tb/wr_agent/async_fifo_wr_driver.sv(40) @ 1030000: uvm_test_top.env.wr_agt.driver [ASYNC_FIFO_WR_DRV] WR Drive item: wr_en=0 wr_data=0xf6
UVM_INFO ../tb/rd_agent/async_fifo_rd_monitor.sv(69) @ 1030001: uvm_test_top.env.rd_agt.monitor [ASYNC_FIFO_RD_MON] RD accepted item: rd_data=0x7d
UVM_INFO ../tb/rd_agent/async_fifo_rd_driver.sv(38) @ 1040000: uvm_test_top.env.rd_agt.driver [ASYNC_FIFO_RD_DRV] RD Drive item: rd_en=0
UVM_INFO ../tb/wr_agent/async_fifo_wr_driver.sv(40) @ 1040000: uvm_test_top.env.wr_agt.driver [ASYNC_FIFO_WR_DRV] WR Drive item: wr_en=0 wr_data=0xd4
UVM_INFO ../tb/wr_agent/async_fifo_wr_driver.sv(40) @ 1050000: uvm_test_top.env.wr_agt.driver [ASYNC_FIFO_WR_DRV] WR Drive item: wr_en=0 wr_data=0xee
UVM_INFO ../tb/rd_agent/async_fifo_rd_driver.sv(38) @ 1060000: uvm_test_top.env.rd_agt.driver [ASYNC_FIFO_RD_DRV] RD Drive item: rd_en=1
UVM_INFO ../tb/wr_agent/async_fifo_wr_driver.sv(40) @ 1060000: uvm_test_top.env.wr_agt.driver [ASYNC_FIFO_WR_DRV] WR Drive item: wr_en=1 wr_data=0x42
UVM_INFO ../tb/env/async_fifo_scoreboard.sv(49) @ 1065001: uvm_test_top.env.scb [ASYNC_FIFO_SCB] Model Push: 0x42 depth=12
UVM_INFO ../tb/wr_agent/async_fifo_wr_driver.sv(40) @ 1070000: uvm_test_top.env.wr_agt.driver [ASYNC_FIFO_WR_DRV] WR Drive item: wr_en=0 wr_data=0x6c
UVM_INFO ../tb/rd_agent/async_fifo_rd_monitor.sv(69) @ 1070001: uvm_test_top.env.rd_agt.monitor [ASYNC_FIFO_RD_MON] RD accepted item: rd_data=0xbc
UVM_INFO ../tb/rd_agent/async_fifo_rd_driver.sv(38) @ 1080000: uvm_test_top.env.rd_agt.driver [ASYNC_FIFO_RD_DRV] RD Drive item: rd_en=0
UVM_INFO ../tb/wr_agent/async_fifo_wr_driver.sv(40) @ 1080000: uvm_test_top.env.wr_agt.driver [ASYNC_FIFO_WR_DRV] WR Drive item: wr_en=0 wr_data=0xb7
UVM_INFO ../tb/wr_agent/async_fifo_wr_driver.sv(40) @ 1090000: uvm_test_top.env.wr_agt.driver [ASYNC_FIFO_WR_DRV] WR Drive item: wr_en=1 wr_data=0x8e
UVM_INFO ../tb/env/async_fifo_scoreboard.sv(49) @ 1095001: uvm_test_top.env.scb [ASYNC_FIFO_SCB] Model Push: 0x8e depth=12
UVM_INFO ../tb/rd_agent/async_fifo_rd_driver.sv(38) @ 1100000: uvm_test_top.env.rd_agt.driver [ASYNC_FIFO_RD_DRV] RD Drive item: rd_en=0
UVM_INFO ../tb/wr_agent/async_fifo_wr_driver.sv(40) @ 1100000: uvm_test_top.env.wr_agt.driver [ASYNC_FIFO_WR_DRV] WR Drive item: wr_en=0 wr_data=0x2a
UVM_INFO ../tb/wr_agent/async_fifo_wr_driver.sv(40) @ 1110000: uvm_test_top.env.wr_agt.driver [ASYNC_FIFO_WR_DRV] WR Drive item: wr_en=1 wr_data=0xf2
UVM_INFO ../tb/env/async_fifo_scoreboard.sv(49) @ 1115001: uvm_test_top.env.scb [ASYNC_FIFO_SCB] Model Push: 0xf2 depth=13
UVM_INFO ../tb/rd_agent/async_fifo_rd_driver.sv(38) @ 1120000: uvm_test_top.env.rd_agt.driver [ASYNC_FIFO_RD_DRV] RD Drive item: rd_en=0
UVM_INFO ../tb/wr_agent/async_fifo_wr_driver.sv(40) @ 1120000: uvm_test_top.env.wr_agt.driver [ASYNC_FIFO_WR_DRV] WR Drive item: wr_en=0 wr_data=0xa1
UVM_INFO ../tb/wr_agent/async_fifo_wr_driver.sv(40) @ 1130000: uvm_test_top.env.wr_agt.driver [ASYNC_FIFO_WR_DRV] WR Drive item: wr_en=0 wr_data=0x6
UVM_INFO ../tb/rd_agent/async_fifo_rd_driver.sv(38) @ 1140000: uvm_test_top.env.rd_agt.driver [ASYNC_FIFO_RD_DRV] RD Drive item: rd_en=0
UVM_INFO ../tb/wr_agent/async_fifo_wr_driver.sv(40) @ 1140000: uvm_test_top.env.wr_agt.driver [ASYNC_FIFO_WR_DRV] WR Drive item: wr_en=1 wr_data=0x6b
UVM_INFO ../tb/env/async_fifo_scoreboard.sv(49) @ 1145001: uvm_test_top.env.scb [ASYNC_FIFO_SCB] Model Push: 0x6b depth=14
UVM_INFO ../tb/wr_agent/async_fifo_wr_driver.sv(40) @ 1150000: uvm_test_top.env.wr_agt.driver [ASYNC_FIFO_WR_DRV] WR Drive item: wr_en=1 wr_data=0xf0
UVM_INFO ../tb/env/async_fifo_scoreboard.sv(49) @ 1155001: uvm_test_top.env.scb [ASYNC_FIFO_SCB] Model Push: 0xf0 depth=15
UVM_INFO ../tb/rd_agent/async_fifo_rd_driver.sv(38) @ 1160000: uvm_test_top.env.rd_agt.driver [ASYNC_FIFO_RD_DRV] RD Drive item: rd_en=1
UVM_INFO ../tb/wr_agent/async_fifo_wr_driver.sv(40) @ 1160000: uvm_test_top.env.wr_agt.driver [ASYNC_FIFO_WR_DRV] WR Drive item: wr_en=1 wr_data=0x93
UVM_INFO ../tb/env/async_fifo_scoreboard.sv(49) @ 1165001: uvm_test_top.env.scb [ASYNC_FIFO_SCB] Model Push: 0x93 depth=16
UVM_INFO ../tb/wr_agent/async_fifo_wr_driver.sv(40) @ 1170000: uvm_test_top.env.wr_agt.driver [ASYNC_FIFO_WR_DRV] WR Drive item: wr_en=1 wr_data=0xd2
UVM_INFO ../tb/rd_agent/async_fifo_rd_monitor.sv(69) @ 1170001: uvm_test_top.env.rd_agt.monitor [ASYNC_FIFO_RD_MON] RD accepted item: rd_data=0xa
UVM_INFO ../tb/env/async_fifo_scoreboard.sv(55) @ 1175001: uvm_test_top.env.scb [ASYNC_FIFO_SCB] Write ignored because write side was full before edge
UVM_INFO ../tb/rd_agent/async_fifo_rd_driver.sv(38) @ 1180000: uvm_test_top.env.rd_agt.driver [ASYNC_FIFO_RD_DRV] RD Drive item: rd_en=1
UVM_INFO ../tb/wr_agent/async_fifo_wr_driver.sv(40) @ 1180000: uvm_test_top.env.wr_agt.driver [ASYNC_FIFO_WR_DRV] WR Drive item: wr_en=1 wr_data=0xf0
UVM_INFO ../tb/env/async_fifo_scoreboard.sv(55) @ 1185001: uvm_test_top.env.scb [ASYNC_FIFO_SCB] Write ignored because write side was full before edge
UVM_INFO ../tb/wr_agent/async_fifo_wr_driver.sv(40) @ 1190000: uvm_test_top.env.wr_agt.driver [ASYNC_FIFO_WR_DRV] WR Drive item: wr_en=1 wr_data=0x97
UVM_INFO ../tb/rd_agent/async_fifo_rd_monitor.sv(69) @ 1190001: uvm_test_top.env.rd_agt.monitor [ASYNC_FIFO_RD_MON] RD accepted item: rd_data=0x69
UVM_INFO ../tb/env/async_fifo_scoreboard.sv(55) @ 1195001: uvm_test_top.env.scb [ASYNC_FIFO_SCB] Write ignored because write side was full before edge
UVM_INFO ../tb/rd_agent/async_fifo_rd_driver.sv(38) @ 1200000: uvm_test_top.env.rd_agt.driver [ASYNC_FIFO_RD_DRV] RD Drive item: rd_en=1
UVM_INFO ../tb/wr_agent/async_fifo_wr_driver.sv(40) @ 1200000: uvm_test_top.env.wr_agt.driver [ASYNC_FIFO_WR_DRV] WR Drive item: wr_en=1 wr_data=0x8f
UVM_INFO ../tb/env/async_fifo_scoreboard.sv(49) @ 1205001: uvm_test_top.env.scb [ASYNC_FIFO_SCB] Model Push: 0x8f depth=15
UVM_INFO ../tb/wr_agent/async_fifo_wr_driver.sv(40) @ 1210000: uvm_test_top.env.wr_agt.driver [ASYNC_FIFO_WR_DRV] WR Drive item: wr_en=1 wr_data=0x21
UVM_INFO ../tb/rd_agent/async_fifo_rd_monitor.sv(69) @ 1210001: uvm_test_top.env.rd_agt.monitor [ASYNC_FIFO_RD_MON] RD accepted item: rd_data=0xfb
UVM_INFO ../tb/env/async_fifo_scoreboard.sv(55) @ 1215001: uvm_test_top.env.scb [ASYNC_FIFO_SCB] Write ignored because write side was full before edge
UVM_INFO ../tb/rd_agent/async_fifo_rd_driver.sv(38) @ 1220000: uvm_test_top.env.rd_agt.driver [ASYNC_FIFO_RD_DRV] RD Drive item: rd_en=1
UVM_INFO ../tb/wr_agent/async_fifo_wr_driver.sv(40) @ 1220000: uvm_test_top.env.wr_agt.driver [ASYNC_FIFO_WR_DRV] WR Drive item: wr_en=1 wr_data=0x2a
UVM_INFO ../tb/env/async_fifo_scoreboard.sv(49) @ 1225001: uvm_test_top.env.scb [ASYNC_FIFO_SCB] Model Push: 0x2a depth=15
UVM_INFO ../tb/wr_agent/async_fifo_wr_driver.sv(40) @ 1230000: uvm_test_top.env.wr_agt.driver [ASYNC_FIFO_WR_DRV] WR Drive item: wr_en=1 wr_data=0x38
UVM_INFO ../tb/rd_agent/async_fifo_rd_monitor.sv(69) @ 1230001: uvm_test_top.env.rd_agt.monitor [ASYNC_FIFO_RD_MON] RD accepted item: rd_data=0x79
UVM_INFO ../tb/env/async_fifo_scoreboard.sv(55) @ 1235001: uvm_test_top.env.scb [ASYNC_FIFO_SCB] Write ignored because write side was full before edge
UVM_INFO ../tb/rd_agent/async_fifo_rd_driver.sv(38) @ 1240000: uvm_test_top.env.rd_agt.driver [ASYNC_FIFO_RD_DRV] RD Drive item: rd_en=1
UVM_INFO ../tb/wr_agent/async_fifo_wr_driver.sv(40) @ 1240000: uvm_test_top.env.wr_agt.driver [ASYNC_FIFO_WR_DRV] WR Drive item: wr_en=1 wr_data=0x32
UVM_INFO ../tb/env/async_fifo_scoreboard.sv(49) @ 1245001: uvm_test_top.env.scb [ASYNC_FIFO_SCB] Model Push: 0x32 depth=15
UVM_INFO ../tb/wr_agent/async_fifo_wr_driver.sv(40) @ 1250000: uvm_test_top.env.wr_agt.driver [ASYNC_FIFO_WR_DRV] WR Drive item: wr_en=1 wr_data=0x5
UVM_INFO ../tb/rd_agent/async_fifo_rd_monitor.sv(69) @ 1250001: uvm_test_top.env.rd_agt.monitor [ASYNC_FIFO_RD_MON] RD accepted item: rd_data=0x85
UVM_INFO ../tb/env/async_fifo_scoreboard.sv(55) @ 1255001: uvm_test_top.env.scb [ASYNC_FIFO_SCB] Write ignored because write side was full before edge
UVM_INFO ../tb/rd_agent/async_fifo_rd_driver.sv(38) @ 1260000: uvm_test_top.env.rd_agt.driver [ASYNC_FIFO_RD_DRV] RD Drive item: rd_en=1
UVM_INFO ../tb/wr_agent/async_fifo_wr_driver.sv(40) @ 1260000: uvm_test_top.env.wr_agt.driver [ASYNC_FIFO_WR_DRV] WR Drive item: wr_en=1 wr_data=0x47
UVM_INFO ../tb/env/async_fifo_scoreboard.sv(49) @ 1265001: uvm_test_top.env.scb [ASYNC_FIFO_SCB] Model Push: 0x47 depth=15
UVM_INFO ../tb/wr_agent/async_fifo_wr_driver.sv(40) @ 1270000: uvm_test_top.env.wr_agt.driver [ASYNC_FIFO_WR_DRV] WR Drive item: wr_en=1 wr_data=0x6
UVM_INFO ../tb/rd_agent/async_fifo_rd_monitor.sv(69) @ 1270001: uvm_test_top.env.rd_agt.monitor [ASYNC_FIFO_RD_MON] RD accepted item: rd_data=0x68
UVM_INFO ../tb/env/async_fifo_scoreboard.sv(55) @ 1275001: uvm_test_top.env.scb [ASYNC_FIFO_SCB] Write ignored because write side was full before edge
UVM_INFO ../tb/rd_agent/async_fifo_rd_driver.sv(38) @ 1280000: uvm_test_top.env.rd_agt.driver [ASYNC_FIFO_RD_DRV] RD Drive item: rd_en=1
UVM_INFO ../tb/wr_agent/async_fifo_wr_driver.sv(40) @ 1280000: uvm_test_top.env.wr_agt.driver [ASYNC_FIFO_WR_DRV] WR Drive item: wr_en=1 wr_data=0xd7
UVM_INFO ../tb/env/async_fifo_scoreboard.sv(49) @ 1285001: uvm_test_top.env.scb [ASYNC_FIFO_SCB] Model Push: 0xd7 depth=15
UVM_INFO ../tb/wr_agent/async_fifo_wr_driver.sv(40) @ 1290000: uvm_test_top.env.wr_agt.driver [ASYNC_FIFO_WR_DRV] WR Drive item: wr_en=1 wr_data=0x94
UVM_INFO ../tb/rd_agent/async_fifo_rd_monitor.sv(69) @ 1290001: uvm_test_top.env.rd_agt.monitor [ASYNC_FIFO_RD_MON] RD accepted item: rd_data=0x3a
UVM_INFO ../tb/env/async_fifo_scoreboard.sv(55) @ 1295001: uvm_test_top.env.scb [ASYNC_FIFO_SCB] Write ignored because write side was full before edge
UVM_INFO ../tb/rd_agent/async_fifo_rd_driver.sv(38) @ 1300000: uvm_test_top.env.rd_agt.driver [ASYNC_FIFO_RD_DRV] RD Drive item: rd_en=0
UVM_INFO ../tb/wr_agent/async_fifo_wr_driver.sv(40) @ 1300000: uvm_test_top.env.wr_agt.driver [ASYNC_FIFO_WR_DRV] WR Drive item: wr_en=1 wr_data=0xac
UVM_INFO ../tb/env/async_fifo_scoreboard.sv(49) @ 1305001: uvm_test_top.env.scb [ASYNC_FIFO_SCB] Model Push: 0xac depth=15
UVM_INFO ../tb/wr_agent/async_fifo_wr_driver.sv(40) @ 1310000: uvm_test_top.env.wr_agt.driver [ASYNC_FIFO_WR_DRV] WR Drive item: wr_en=1 wr_data=0x31
UVM_INFO ../tb/env/async_fifo_scoreboard.sv(55) @ 1315001: uvm_test_top.env.scb [ASYNC_FIFO_SCB] Write ignored because write side was full before edge
UVM_INFO ../tb/rd_agent/async_fifo_rd_driver.sv(38) @ 1320000: uvm_test_top.env.rd_agt.driver [ASYNC_FIFO_RD_DRV] RD Drive item: rd_en=1
UVM_INFO ../tb/wr_agent/async_fifo_wr_driver.sv(40) @ 1320000: uvm_test_top.env.wr_agt.driver [ASYNC_FIFO_WR_DRV] WR Drive item: wr_en=1 wr_data=0x37
UVM_INFO ../tb/env/async_fifo_scoreboard.sv(49) @ 1325001: uvm_test_top.env.scb [ASYNC_FIFO_SCB] Model Push: 0x37 depth=16
UVM_INFO ../tb/wr_agent/async_fifo_wr_driver.sv(40) @ 1330000: uvm_test_top.env.wr_agt.driver [ASYNC_FIFO_WR_DRV] WR Drive item: wr_en=1 wr_data=0xe1
UVM_INFO ../tb/rd_agent/async_fifo_rd_monitor.sv(69) @ 1330001: uvm_test_top.env.rd_agt.monitor [ASYNC_FIFO_RD_MON] RD accepted item: rd_data=0x84
UVM_INFO ../tb/env/async_fifo_scoreboard.sv(55) @ 1335001: uvm_test_top.env.scb [ASYNC_FIFO_SCB] Write ignored because write side was full before edge
UVM_INFO ../tb/rd_agent/async_fifo_rd_driver.sv(38) @ 1340000: uvm_test_top.env.rd_agt.driver [ASYNC_FIFO_RD_DRV] RD Drive item: rd_en=1
UVM_INFO ../tb/wr_agent/async_fifo_wr_driver.sv(40) @ 1340000: uvm_test_top.env.wr_agt.driver [ASYNC_FIFO_WR_DRV] WR Drive item: wr_en=1 wr_data=0x9
UVM_INFO ../tb/env/async_fifo_scoreboard.sv(55) @ 1345001: uvm_test_top.env.scb [ASYNC_FIFO_SCB] Write ignored because write side was full before edge
UVM_INFO ../tb/wr_agent/async_fifo_wr_driver.sv(40) @ 1350000: uvm_test_top.env.wr_agt.driver [ASYNC_FIFO_WR_DRV] WR Drive item: wr_en=1 wr_data=0xef
UVM_INFO ../tb/rd_agent/async_fifo_rd_monitor.sv(69) @ 1350001: uvm_test_top.env.rd_agt.monitor [ASYNC_FIFO_RD_MON] RD accepted item: rd_data=0x44
UVM_INFO ../tb/env/async_fifo_scoreboard.sv(55) @ 1355001: uvm_test_top.env.scb [ASYNC_FIFO_SCB] Write ignored because write side was full before edge
UVM_INFO ../tb/rd_agent/async_fifo_rd_driver.sv(38) @ 1360000: uvm_test_top.env.rd_agt.driver [ASYNC_FIFO_RD_DRV] RD Drive item: rd_en=1
UVM_INFO ../tb/wr_agent/async_fifo_wr_driver.sv(40) @ 1360000: uvm_test_top.env.wr_agt.driver [ASYNC_FIFO_WR_DRV] WR Drive item: wr_en=1 wr_data=0xe6
UVM_INFO ../tb/env/async_fifo_scoreboard.sv(49) @ 1365001: uvm_test_top.env.scb [ASYNC_FIFO_SCB] Model Push: 0xe6 depth=15
UVM_INFO ../tb/wr_agent/async_fifo_wr_driver.sv(40) @ 1370000: uvm_test_top.env.wr_agt.driver [ASYNC_FIFO_WR_DRV] WR Drive item: wr_en=1 wr_data=0x4a
UVM_INFO ../tb/rd_agent/async_fifo_rd_monitor.sv(69) @ 1370001: uvm_test_top.env.rd_agt.monitor [ASYNC_FIFO_RD_MON] RD accepted item: rd_data=0x7e
UVM_INFO ../tb/env/async_fifo_scoreboard.sv(55) @ 1375001: uvm_test_top.env.scb [ASYNC_FIFO_SCB] Write ignored because write side was full before edge
UVM_INFO ../tb/rd_agent/async_fifo_rd_driver.sv(38) @ 1380000: uvm_test_top.env.rd_agt.driver [ASYNC_FIFO_RD_DRV] RD Drive item: rd_en=1
UVM_INFO ../tb/wr_agent/async_fifo_wr_driver.sv(40) @ 1380000: uvm_test_top.env.wr_agt.driver [ASYNC_FIFO_WR_DRV] WR Drive item: wr_en=1 wr_data=0x5e
UVM_INFO ../tb/env/async_fifo_scoreboard.sv(49) @ 1385001: uvm_test_top.env.scb [ASYNC_FIFO_SCB] Model Push: 0x5e depth=15
UVM_INFO ../tb/wr_agent/async_fifo_wr_driver.sv(40) @ 1390000: uvm_test_top.env.wr_agt.driver [ASYNC_FIFO_WR_DRV] WR Drive item: wr_en=1 wr_data=0xac
UVM_INFO ../tb/rd_agent/async_fifo_rd_monitor.sv(69) @ 1390001: uvm_test_top.env.rd_agt.monitor [ASYNC_FIFO_RD_MON] RD accepted item: rd_data=0x42
UVM_INFO ../tb/env/async_fifo_scoreboard.sv(55) @ 1395001: uvm_test_top.env.scb [ASYNC_FIFO_SCB] Write ignored because write side was full before edge
UVM_INFO ../tb/rd_agent/async_fifo_rd_driver.sv(38) @ 1400000: uvm_test_top.env.rd_agt.driver [ASYNC_FIFO_RD_DRV] RD Drive item: rd_en=0
UVM_INFO ../tb/wr_agent/async_fifo_wr_driver.sv(40) @ 1400000: uvm_test_top.env.wr_agt.driver [ASYNC_FIFO_WR_DRV] WR Drive item: wr_en=1 wr_data=0x67
UVM_INFO ../tb/env/async_fifo_scoreboard.sv(49) @ 1405001: uvm_test_top.env.scb [ASYNC_FIFO_SCB] Model Push: 0x67 depth=15
UVM_INFO ../tb/wr_agent/async_fifo_wr_driver.sv(40) @ 1410000: uvm_test_top.env.wr_agt.driver [ASYNC_FIFO_WR_DRV] WR Drive item: wr_en=1 wr_data=0xa
UVM_INFO ../tb/env/async_fifo_scoreboard.sv(55) @ 1415001: uvm_test_top.env.scb [ASYNC_FIFO_SCB] Write ignored because write side was full before edge
UVM_INFO ../tb/rd_agent/async_fifo_rd_driver.sv(38) @ 1420000: uvm_test_top.env.rd_agt.driver [ASYNC_FIFO_RD_DRV] RD Drive item: rd_en=0
UVM_INFO ../tb/wr_agent/async_fifo_wr_driver.sv(40) @ 1420000: uvm_test_top.env.wr_agt.driver [ASYNC_FIFO_WR_DRV] WR Drive item: wr_en=1 wr_data=0x50
UVM_INFO ../tb/env/async_fifo_scoreboard.sv(49) @ 1425001: uvm_test_top.env.scb [ASYNC_FIFO_SCB] Model Push: 0x50 depth=16
UVM_INFO ../tb/wr_agent/async_fifo_wr_driver.sv(40) @ 1430000: uvm_test_top.env.wr_agt.driver [ASYNC_FIFO_WR_DRV] WR Drive item: wr_en=1 wr_data=0xcd
UVM_INFO ../tb/env/async_fifo_scoreboard.sv(55) @ 1435001: uvm_test_top.env.scb [ASYNC_FIFO_SCB] Write ignored because write side was full before edge
UVM_INFO ../tb/rd_agent/async_fifo_rd_driver.sv(38) @ 1440000: uvm_test_top.env.rd_agt.driver [ASYNC_FIFO_RD_DRV] RD Drive item: rd_en=1
UVM_INFO ../tb/wr_agent/async_fifo_wr_driver.sv(40) @ 1440000: uvm_test_top.env.wr_agt.driver [ASYNC_FIFO_WR_DRV] WR Drive item: wr_en=1 wr_data=0x5a
UVM_INFO ../tb/env/async_fifo_scoreboard.sv(55) @ 1445001: uvm_test_top.env.scb [ASYNC_FIFO_SCB] Write ignored because write side was full before edge
UVM_INFO ../tb/wr_agent/async_fifo_wr_driver.sv(40) @ 1450000: uvm_test_top.env.wr_agt.driver [ASYNC_FIFO_WR_DRV] WR Drive item: wr_en=1 wr_data=0x66
UVM_INFO ../tb/rd_agent/async_fifo_rd_monitor.sv(69) @ 1450001: uvm_test_top.env.rd_agt.monitor [ASYNC_FIFO_RD_MON] RD accepted item: rd_data=0x8e
UVM_INFO ../tb/env/async_fifo_scoreboard.sv(55) @ 1455001: uvm_test_top.env.scb [ASYNC_FIFO_SCB] Write ignored because write side was full before edge
UVM_INFO ../tb/rd_agent/async_fifo_rd_driver.sv(38) @ 1460000: uvm_test_top.env.rd_agt.driver [ASYNC_FIFO_RD_DRV] RD Drive item: rd_en=0
UVM_INFO ../tb/wr_agent/async_fifo_wr_driver.sv(40) @ 1460000: uvm_test_top.env.wr_agt.driver [ASYNC_FIFO_WR_DRV] WR Drive item: wr_en=1 wr_data=0x93
UVM_INFO ../tb/env/async_fifo_scoreboard.sv(55) @ 1465001: uvm_test_top.env.scb [ASYNC_FIFO_SCB] Write ignored because write side was full before edge
UVM_INFO ../tb/wr_agent/async_fifo_wr_driver.sv(40) @ 1470000: uvm_test_top.env.wr_agt.driver [ASYNC_FIFO_WR_DRV] WR Drive item: wr_en=1 wr_data=0xdc
UVM_INFO ../tb/env/async_fifo_scoreboard.sv(55) @ 1475001: uvm_test_top.env.scb [ASYNC_FIFO_SCB] Write ignored because write side was full before edge
UVM_INFO ../tb/rd_agent/async_fifo_rd_driver.sv(38) @ 1480000: uvm_test_top.env.rd_agt.driver [ASYNC_FIFO_RD_DRV] RD Drive item: rd_en=0
UVM_INFO ../tb/wr_agent/async_fifo_wr_driver.sv(40) @ 1480000: uvm_test_top.env.wr_agt.driver [ASYNC_FIFO_WR_DRV] WR Drive item: wr_en=1 wr_data=0x95
UVM_INFO ../tb/env/async_fifo_scoreboard.sv(49) @ 1485001: uvm_test_top.env.scb [ASYNC_FIFO_SCB] Model Push: 0x95 depth=16
UVM_INFO ../tb/wr_agent/async_fifo_wr_driver.sv(40) @ 1490000: uvm_test_top.env.wr_agt.driver [ASYNC_FIFO_WR_DRV] WR Drive item: wr_en=1 wr_data=0x2a
UVM_INFO ../tb/env/async_fifo_scoreboard.sv(55) @ 1495001: uvm_test_top.env.scb [ASYNC_FIFO_SCB] Write ignored because write side was full before edge
UVM_INFO ../tb/rd_agent/async_fifo_rd_driver.sv(38) @ 1500000: uvm_test_top.env.rd_agt.driver [ASYNC_FIFO_RD_DRV] RD Drive item: rd_en=0
UVM_INFO ../tb/wr_agent/async_fifo_wr_driver.sv(40) @ 1500000: uvm_test_top.env.wr_agt.driver [ASYNC_FIFO_WR_DRV] WR Drive item: wr_en=1 wr_data=0x3f
UVM_INFO ../tb/env/async_fifo_scoreboard.sv(55) @ 1505001: uvm_test_top.env.scb [ASYNC_FIFO_SCB] Write ignored because write side was full before edge
UVM_INFO ../tb/wr_agent/async_fifo_wr_driver.sv(40) @ 1510000: uvm_test_top.env.wr_agt.driver [ASYNC_FIFO_WR_DRV] WR Drive item: wr_en=1 wr_data=0x85
UVM_INFO ../tb/env/async_fifo_scoreboard.sv(55) @ 1515001: uvm_test_top.env.scb [ASYNC_FIFO_SCB] Write ignored because write side was full before edge
UVM_INFO ../tb/rd_agent/async_fifo_rd_driver.sv(38) @ 1520000: uvm_test_top.env.rd_agt.driver [ASYNC_FIFO_RD_DRV] RD Drive item: rd_en=1
UVM_INFO ../tb/wr_agent/async_fifo_wr_driver.sv(40) @ 1520000: uvm_test_top.env.wr_agt.driver [ASYNC_FIFO_WR_DRV] WR Drive item: wr_en=1 wr_data=0x4a
UVM_INFO ../tb/env/async_fifo_scoreboard.sv(55) @ 1525001: uvm_test_top.env.scb [ASYNC_FIFO_SCB] Write ignored because write side was full before edge
UVM_INFO ../tb/wr_agent/async_fifo_wr_driver.sv(40) @ 1530000: uvm_test_top.env.wr_agt.driver [ASYNC_FIFO_WR_DRV] WR Drive item: wr_en=1 wr_data=0x84
UVM_INFO ../tb/rd_agent/async_fifo_rd_monitor.sv(69) @ 1530001: uvm_test_top.env.rd_agt.monitor [ASYNC_FIFO_RD_MON] RD accepted item: rd_data=0xf2
UVM_INFO ../tb/env/async_fifo_scoreboard.sv(55) @ 1535001: uvm_test_top.env.scb [ASYNC_FIFO_SCB] Write ignored because write side was full before edge
UVM_INFO ../tb/rd_agent/async_fifo_rd_driver.sv(38) @ 1540000: uvm_test_top.env.rd_agt.driver [ASYNC_FIFO_RD_DRV] RD Drive item: rd_en=1
UVM_INFO ../tb/wr_agent/async_fifo_wr_driver.sv(40) @ 1540000: uvm_test_top.env.wr_agt.driver [ASYNC_FIFO_WR_DRV] WR Drive item: wr_en=1 wr_data=0xbf
UVM_INFO ../tb/env/async_fifo_scoreboard.sv(55) @ 1545001: uvm_test_top.env.scb [ASYNC_FIFO_SCB] Write ignored because write side was full before edge
UVM_INFO ../tb/wr_agent/async_fifo_wr_driver.sv(40) @ 1550000: uvm_test_top.env.wr_agt.driver [ASYNC_FIFO_WR_DRV] WR Drive item: wr_en=1 wr_data=0x24
UVM_INFO ../tb/rd_agent/async_fifo_rd_monitor.sv(69) @ 1550001: uvm_test_top.env.rd_agt.monitor [ASYNC_FIFO_RD_MON] RD accepted item: rd_data=0x6b
UVM_INFO ../tb/env/async_fifo_scoreboard.sv(55) @ 1555001: uvm_test_top.env.scb [ASYNC_FIFO_SCB] Write ignored because write side was full before edge
UVM_INFO ../tb/rd_agent/async_fifo_rd_driver.sv(38) @ 1560000: uvm_test_top.env.rd_agt.driver [ASYNC_FIFO_RD_DRV] RD Drive item: rd_en=1
UVM_INFO ../tb/wr_agent/async_fifo_wr_driver.sv(40) @ 1560000: uvm_test_top.env.wr_agt.driver [ASYNC_FIFO_WR_DRV] WR Drive item: wr_en=1 wr_data=0x51
UVM_INFO ../tb/env/async_fifo_scoreboard.sv(49) @ 1565001: uvm_test_top.env.scb [ASYNC_FIFO_SCB] Model Push: 0x51 depth=15
UVM_INFO ../tb/wr_agent/async_fifo_wr_driver.sv(40) @ 1570000: uvm_test_top.env.wr_agt.driver [ASYNC_FIFO_WR_DRV] WR Drive item: wr_en=1 wr_data=0x57
UVM_INFO ../tb/rd_agent/async_fifo_rd_monitor.sv(69) @ 1570001: uvm_test_top.env.rd_agt.monitor [ASYNC_FIFO_RD_MON] RD accepted item: rd_data=0xf0
UVM_INFO ../tb/env/async_fifo_scoreboard.sv(55) @ 1575001: uvm_test_top.env.scb [ASYNC_FIFO_SCB] Write ignored because write side was full before edge
UVM_INFO ../tb/rd_agent/async_fifo_rd_driver.sv(38) @ 1580000: uvm_test_top.env.rd_agt.driver [ASYNC_FIFO_RD_DRV] RD Drive item: rd_en=1
UVM_INFO ../tb/wr_agent/async_fifo_wr_driver.sv(40) @ 1580000: uvm_test_top.env.wr_agt.driver [ASYNC_FIFO_WR_DRV] WR Drive item: wr_en=1 wr_data=0x2c
UVM_INFO ../tb/env/async_fifo_scoreboard.sv(49) @ 1585001: uvm_test_top.env.scb [ASYNC_FIFO_SCB] Model Push: 0x2c depth=15
UVM_INFO ../tb/wr_agent/async_fifo_wr_driver.sv(40) @ 1590000: uvm_test_top.env.wr_agt.driver [ASYNC_FIFO_WR_DRV] WR Drive item: wr_en=1 wr_data=0xa7
UVM_INFO ../tb/rd_agent/async_fifo_rd_monitor.sv(69) @ 1590001: uvm_test_top.env.rd_agt.monitor [ASYNC_FIFO_RD_MON] RD accepted item: rd_data=0x93
UVM_INFO ../tb/env/async_fifo_scoreboard.sv(55) @ 1595001: uvm_test_top.env.scb [ASYNC_FIFO_SCB] Write ignored because write side was full before edge
UVM_INFO ../tb/rd_agent/async_fifo_rd_driver.sv(38) @ 1600000: uvm_test_top.env.rd_agt.driver [ASYNC_FIFO_RD_DRV] RD Drive item: rd_en=0
UVM_INFO ../tb/wr_agent/async_fifo_wr_driver.sv(40) @ 1600000: uvm_test_top.env.wr_agt.driver [ASYNC_FIFO_WR_DRV] WR Drive item: wr_en=1 wr_data=0x5e
UVM_INFO ../tb/env/async_fifo_scoreboard.sv(49) @ 1605001: uvm_test_top.env.scb [ASYNC_FIFO_SCB] Model Push: 0x5e depth=15
UVM_INFO ../tb/wr_agent/async_fifo_wr_driver.sv(40) @ 1610000: uvm_test_top.env.wr_agt.driver [ASYNC_FIFO_WR_DRV] WR Drive item: wr_en=1 wr_data=0x70
UVM_INFO ../tb/env/async_fifo_scoreboard.sv(55) @ 1615001: uvm_test_top.env.scb [ASYNC_FIFO_SCB] Write ignored because write side was full before edge
UVM_INFO ../tb/rd_agent/async_fifo_rd_driver.sv(38) @ 1620000: uvm_test_top.env.rd_agt.driver [ASYNC_FIFO_RD_DRV] RD Drive item: rd_en=1
UVM_INFO ../tb/wr_agent/async_fifo_wr_driver.sv(40) @ 1620000: uvm_test_top.env.wr_agt.driver [ASYNC_FIFO_WR_DRV] WR Drive item: wr_en=1 wr_data=0xcf
UVM_INFO ../tb/env/async_fifo_scoreboard.sv(49) @ 1625001: uvm_test_top.env.scb [ASYNC_FIFO_SCB] Model Push: 0xcf depth=16
UVM_INFO ../tb/wr_agent/async_fifo_wr_driver.sv(40) @ 1630000: uvm_test_top.env.wr_agt.driver [ASYNC_FIFO_WR_DRV] WR Drive item: wr_en=1 wr_data=0x65
UVM_INFO ../tb/rd_agent/async_fifo_rd_monitor.sv(69) @ 1630001: uvm_test_top.env.rd_agt.monitor [ASYNC_FIFO_RD_MON] RD accepted item: rd_data=0x8f
UVM_INFO ../tb/env/async_fifo_scoreboard.sv(55) @ 1635001: uvm_test_top.env.scb [ASYNC_FIFO_SCB] Write ignored because write side was full before edge
UVM_INFO ../tb/rd_agent/async_fifo_rd_driver.sv(38) @ 1640000: uvm_test_top.env.rd_agt.driver [ASYNC_FIFO_RD_DRV] RD Drive item: rd_en=0
UVM_INFO ../tb/wr_agent/async_fifo_wr_driver.sv(40) @ 1640000: uvm_test_top.env.wr_agt.driver [ASYNC_FIFO_WR_DRV] WR Drive item: wr_en=1 wr_data=0x19
UVM_INFO ../tb/env/async_fifo_scoreboard.sv(55) @ 1645001: uvm_test_top.env.scb [ASYNC_FIFO_SCB] Write ignored because write side was full before edge
UVM_INFO ../tb/wr_agent/async_fifo_wr_driver.sv(40) @ 1650000: uvm_test_top.env.wr_agt.driver [ASYNC_FIFO_WR_DRV] WR Drive item: wr_en=1 wr_data=0x9c
UVM_INFO ../tb/env/async_fifo_scoreboard.sv(55) @ 1655001: uvm_test_top.env.scb [ASYNC_FIFO_SCB] Write ignored because write side was full before edge
UVM_INFO ../tb/rd_agent/async_fifo_rd_driver.sv(38) @ 1660000: uvm_test_top.env.rd_agt.driver [ASYNC_FIFO_RD_DRV] RD Drive item: rd_en=1
UVM_INFO ../tb/wr_agent/async_fifo_wr_driver.sv(40) @ 1660000: uvm_test_top.env.wr_agt.driver [ASYNC_FIFO_WR_DRV] WR Drive item: wr_en=1 wr_data=0xe3
UVM_INFO ../tb/env/async_fifo_scoreboard.sv(49) @ 1665001: uvm_test_top.env.scb [ASYNC_FIFO_SCB] Model Push: 0xe3 depth=16
UVM_INFO ../tb/wr_agent/async_fifo_wr_driver.sv(40) @ 1670000: uvm_test_top.env.wr_agt.driver [ASYNC_FIFO_WR_DRV] WR Drive item: wr_en=0 wr_data=0xe4
UVM_INFO ../tb/rd_agent/async_fifo_rd_monitor.sv(69) @ 1670001: uvm_test_top.env.rd_agt.monitor [ASYNC_FIFO_RD_MON] RD accepted item: rd_data=0x2a
UVM_INFO ../tb/rd_agent/async_fifo_rd_driver.sv(38) @ 1680000: uvm_test_top.env.rd_agt.driver [ASYNC_FIFO_RD_DRV] RD Drive item: rd_en=0
UVM_INFO ../tb/wr_agent/async_fifo_wr_driver.sv(40) @ 1680000: uvm_test_top.env.wr_agt.driver [ASYNC_FIFO_WR_DRV] WR Drive item: wr_en=0 wr_data=0xcd
UVM_INFO ../tb/wr_agent/async_fifo_wr_driver.sv(40) @ 1690000: uvm_test_top.env.wr_agt.driver [ASYNC_FIFO_WR_DRV] WR Drive item: wr_en=1 wr_data=0xad
UVM_INFO ../tb/env/async_fifo_scoreboard.sv(55) @ 1695001: uvm_test_top.env.scb [ASYNC_FIFO_SCB] Write ignored because write side was full before edge
UVM_INFO ../tb/rd_agent/async_fifo_rd_driver.sv(38) @ 1700000: uvm_test_top.env.rd_agt.driver [ASYNC_FIFO_RD_DRV] RD Drive item: rd_en=1
UVM_INFO ../tb/wr_agent/async_fifo_wr_driver.sv(40) @ 1700000: uvm_test_top.env.wr_agt.driver [ASYNC_FIFO_WR_DRV] WR Drive item: wr_en=1 wr_data=0x24
UVM_INFO ../tb/env/async_fifo_scoreboard.sv(49) @ 1705001: uvm_test_top.env.scb [ASYNC_FIFO_SCB] Model Push: 0x24 depth=16
UVM_INFO ../tb/wr_agent/async_fifo_wr_driver.sv(40) @ 1710000: uvm_test_top.env.wr_agt.driver [ASYNC_FIFO_WR_DRV] WR Drive item: wr_en=1 wr_data=0xc1
UVM_INFO ../tb/rd_agent/async_fifo_rd_monitor.sv(69) @ 1710001: uvm_test_top.env.rd_agt.monitor [ASYNC_FIFO_RD_MON] RD accepted item: rd_data=0x32
UVM_INFO ../tb/env/async_fifo_scoreboard.sv(55) @ 1715001: uvm_test_top.env.scb [ASYNC_FIFO_SCB] Write ignored because write side was full before edge
UVM_INFO ../tb/rd_agent/async_fifo_rd_driver.sv(38) @ 1720000: uvm_test_top.env.rd_agt.driver [ASYNC_FIFO_RD_DRV] RD Drive item: rd_en=0
UVM_INFO ../tb/wr_agent/async_fifo_wr_driver.sv(40) @ 1720000: uvm_test_top.env.wr_agt.driver [ASYNC_FIFO_WR_DRV] WR Drive item: wr_en=0 wr_data=0xfa
UVM_INFO ../tb/wr_agent/async_fifo_wr_driver.sv(40) @ 1730000: uvm_test_top.env.wr_agt.driver [ASYNC_FIFO_WR_DRV] WR Drive item: wr_en=1 wr_data=0xe1
UVM_INFO ../tb/env/async_fifo_scoreboard.sv(55) @ 1735001: uvm_test_top.env.scb [ASYNC_FIFO_SCB] Write ignored because write side was full before edge
UVM_INFO ../tb/rd_agent/async_fifo_rd_driver.sv(38) @ 1740000: uvm_test_top.env.rd_agt.driver [ASYNC_FIFO_RD_DRV] RD Drive item: rd_en=0
UVM_INFO ../tb/wr_agent/async_fifo_wr_driver.sv(40) @ 1740000: uvm_test_top.env.wr_agt.driver [ASYNC_FIFO_WR_DRV] WR Drive item: wr_en=0 wr_data=0xbd
UVM_INFO ../tb/wr_agent/async_fifo_wr_driver.sv(40) @ 1750000: uvm_test_top.env.wr_agt.driver [ASYNC_FIFO_WR_DRV] WR Drive item: wr_en=1 wr_data=0x8f
UVM_INFO ../tb/env/async_fifo_scoreboard.sv(49) @ 1755001: uvm_test_top.env.scb [ASYNC_FIFO_SCB] Model Push: 0x8f depth=16
UVM_INFO ../tb/rd_agent/async_fifo_rd_driver.sv(38) @ 1760000: uvm_test_top.env.rd_agt.driver [ASYNC_FIFO_RD_DRV] RD Drive item: rd_en=0
UVM_INFO ../tb/wr_agent/async_fifo_wr_driver.sv(40) @ 1760000: uvm_test_top.env.wr_agt.driver [ASYNC_FIFO_WR_DRV] WR Drive item: wr_en=1 wr_data=0x64
UVM_INFO ../tb/env/async_fifo_scoreboard.sv(55) @ 1765001: uvm_test_top.env.scb [ASYNC_FIFO_SCB] Write ignored because write side was full before edge
UVM_INFO ../tb/wr_agent/async_fifo_wr_driver.sv(40) @ 1770000: uvm_test_top.env.wr_agt.driver [ASYNC_FIFO_WR_DRV] WR Drive item: wr_en=0 wr_data=0x99
UVM_INFO ../tb/rd_agent/async_fifo_rd_driver.sv(38) @ 1780000: uvm_test_top.env.rd_agt.driver [ASYNC_FIFO_RD_DRV] RD Drive item: rd_en=1
UVM_INFO ../tb/wr_agent/async_fifo_wr_driver.sv(40) @ 1780000: uvm_test_top.env.wr_agt.driver [ASYNC_FIFO_WR_DRV] WR Drive item: wr_en=1 wr_data=0x5
UVM_INFO ../tb/env/async_fifo_scoreboard.sv(55) @ 1785001: uvm_test_top.env.scb [ASYNC_FIFO_SCB] Write ignored because write side was full before edge
UVM_INFO ../tb/wr_agent/async_fifo_wr_driver.sv(40) @ 1790000: uvm_test_top.env.wr_agt.driver [ASYNC_FIFO_WR_DRV] WR Drive item: wr_en=1 wr_data=0x69
UVM_INFO ../tb/rd_agent/async_fifo_rd_monitor.sv(69) @ 1790001: uvm_test_top.env.rd_agt.monitor [ASYNC_FIFO_RD_MON] RD accepted item: rd_data=0x47
UVM_INFO ../tb/env/async_fifo_scoreboard.sv(55) @ 1795001: uvm_test_top.env.scb [ASYNC_FIFO_SCB] Write ignored because write side was full before edge
UVM_INFO ../tb/rd_agent/async_fifo_rd_driver.sv(38) @ 1800000: uvm_test_top.env.rd_agt.driver [ASYNC_FIFO_RD_DRV] RD Drive item: rd_en=1
UVM_INFO ../tb/wr_agent/async_fifo_wr_driver.sv(40) @ 1800000: uvm_test_top.env.wr_agt.driver [ASYNC_FIFO_WR_DRV] WR Drive item: wr_en=1 wr_data=0x7b
UVM_INFO ../tb/env/async_fifo_scoreboard.sv(55) @ 1805001: uvm_test_top.env.scb [ASYNC_FIFO_SCB] Write ignored because write side was full before edge
UVM_INFO ../tb/wr_agent/async_fifo_wr_driver.sv(40) @ 1810000: uvm_test_top.env.wr_agt.driver [ASYNC_FIFO_WR_DRV] WR Drive item: wr_en=1 wr_data=0x42
UVM_INFO ../tb/rd_agent/async_fifo_rd_monitor.sv(69) @ 1810001: uvm_test_top.env.rd_agt.monitor [ASYNC_FIFO_RD_MON] RD accepted item: rd_data=0xd7
UVM_INFO ../tb/env/async_fifo_scoreboard.sv(55) @ 1815001: uvm_test_top.env.scb [ASYNC_FIFO_SCB] Write ignored because write side was full before edge
UVM_INFO ../tb/rd_agent/async_fifo_rd_driver.sv(38) @ 1820000: uvm_test_top.env.rd_agt.driver [ASYNC_FIFO_RD_DRV] RD Drive item: rd_en=0
UVM_INFO ../tb/wr_agent/async_fifo_wr_driver.sv(40) @ 1820000: uvm_test_top.env.wr_agt.driver [ASYNC_FIFO_WR_DRV] WR Drive item: wr_en=0 wr_data=0xb4
UVM_INFO ../tb/wr_agent/async_fifo_wr_driver.sv(40) @ 1830000: uvm_test_top.env.wr_agt.driver [ASYNC_FIFO_WR_DRV] WR Drive item: wr_en=1 wr_data=0x25
UVM_INFO ../tb/env/async_fifo_scoreboard.sv(49) @ 1835001: uvm_test_top.env.scb [ASYNC_FIFO_SCB] Model Push: 0x25 depth=15
UVM_INFO ../tb/rd_agent/async_fifo_rd_driver.sv(38) @ 1840000: uvm_test_top.env.rd_agt.driver [ASYNC_FIFO_RD_DRV] RD Drive item: rd_en=1
UVM_INFO ../tb/wr_agent/async_fifo_wr_driver.sv(40) @ 1840000: uvm_test_top.env.wr_agt.driver [ASYNC_FIFO_WR_DRV] WR Drive item: wr_en=0 wr_data=0xb6
UVM_INFO ../tb/wr_agent/async_fifo_wr_driver.sv(40) @ 1850000: uvm_test_top.env.wr_agt.driver [ASYNC_FIFO_WR_DRV] WR Drive item: wr_en=1 wr_data=0xf0
UVM_INFO ../tb/rd_agent/async_fifo_rd_monitor.sv(69) @ 1850001: uvm_test_top.env.rd_agt.monitor [ASYNC_FIFO_RD_MON] RD accepted item: rd_data=0xac
UVM_INFO ../tb/env/async_fifo_scoreboard.sv(49) @ 1855001: uvm_test_top.env.scb [ASYNC_FIFO_SCB] Model Push: 0xf0 depth=15
UVM_INFO ../tb/rd_agent/async_fifo_rd_driver.sv(38) @ 1860000: uvm_test_top.env.rd_agt.driver [ASYNC_FIFO_RD_DRV] RD Drive item: rd_en=0
UVM_INFO ../tb/wr_agent/async_fifo_wr_driver.sv(40) @ 1860000: uvm_test_top.env.wr_agt.driver [ASYNC_FIFO_WR_DRV] WR Drive item: wr_en=1 wr_data=0xff
UVM_INFO ../tb/env/async_fifo_scoreboard.sv(55) @ 1865001: uvm_test_top.env.scb [ASYNC_FIFO_SCB] Write ignored because write side was full before edge
UVM_INFO ../tb/wr_agent/async_fifo_wr_driver.sv(40) @ 1870000: uvm_test_top.env.wr_agt.driver [ASYNC_FIFO_WR_DRV] WR Drive item: wr_en=0 wr_data=0x96
UVM_INFO ../tb/rd_agent/async_fifo_rd_driver.sv(38) @ 1880000: uvm_test_top.env.rd_agt.driver [ASYNC_FIFO_RD_DRV] RD Drive item: rd_en=1
UVM_INFO ../tb/wr_agent/async_fifo_wr_driver.sv(40) @ 1880000: uvm_test_top.env.wr_agt.driver [ASYNC_FIFO_WR_DRV] WR Drive item: wr_en=0 wr_data=0x32
UVM_INFO ../tb/wr_agent/async_fifo_wr_driver.sv(40) @ 1890000: uvm_test_top.env.wr_agt.driver [ASYNC_FIFO_WR_DRV] WR Drive item: wr_en=0 wr_data=0x97
UVM_INFO ../tb/rd_agent/async_fifo_rd_monitor.sv(69) @ 1890001: uvm_test_top.env.rd_agt.monitor [ASYNC_FIFO_RD_MON] RD accepted item: rd_data=0x37
UVM_INFO ../tb/rd_agent/async_fifo_rd_driver.sv(38) @ 1900000: uvm_test_top.env.rd_agt.driver [ASYNC_FIFO_RD_DRV] RD Drive item: rd_en=1
UVM_INFO ../tb/wr_agent/async_fifo_wr_driver.sv(40) @ 1900000: uvm_test_top.env.wr_agt.driver [ASYNC_FIFO_WR_DRV] WR Drive item: wr_en=1 wr_data=0x43
UVM_INFO ../tb/env/async_fifo_scoreboard.sv(49) @ 1905001: uvm_test_top.env.scb [ASYNC_FIFO_SCB] Model Push: 0x43 depth=15
UVM_INFO ../tb/wr_agent/async_fifo_wr_driver.sv(40) @ 1910000: uvm_test_top.env.wr_agt.driver [ASYNC_FIFO_WR_DRV] WR Drive item: wr_en=0 wr_data=0xae
UVM_INFO ../tb/rd_agent/async_fifo_rd_monitor.sv(69) @ 1910001: uvm_test_top.env.rd_agt.monitor [ASYNC_FIFO_RD_MON] RD accepted item: rd_data=0xe6
UVM_INFO ../tb/rd_agent/async_fifo_rd_driver.sv(38) @ 1920000: uvm_test_top.env.rd_agt.driver [ASYNC_FIFO_RD_DRV] RD Drive item: rd_en=0
UVM_INFO ../tb/wr_agent/async_fifo_wr_driver.sv(40) @ 1920000: uvm_test_top.env.wr_agt.driver [ASYNC_FIFO_WR_DRV] WR Drive item: wr_en=0 wr_data=0xd3
UVM_INFO ../tb/wr_agent/async_fifo_wr_driver.sv(40) @ 1930000: uvm_test_top.env.wr_agt.driver [ASYNC_FIFO_WR_DRV] WR Drive item: wr_en=1 wr_data=0x37
UVM_INFO ../tb/env/async_fifo_scoreboard.sv(49) @ 1935001: uvm_test_top.env.scb [ASYNC_FIFO_SCB] Model Push: 0x37 depth=15
UVM_INFO ../tb/rd_agent/async_fifo_rd_driver.sv(38) @ 1940000: uvm_test_top.env.rd_agt.driver [ASYNC_FIFO_RD_DRV] RD Drive item: rd_en=1
UVM_INFO ../tb/wr_agent/async_fifo_wr_driver.sv(40) @ 1940000: uvm_test_top.env.wr_agt.driver [ASYNC_FIFO_WR_DRV] WR Drive item: wr_en=0 wr_data=0x24
UVM_INFO ../tb/wr_agent/async_fifo_wr_driver.sv(40) @ 1950000: uvm_test_top.env.wr_agt.driver [ASYNC_FIFO_WR_DRV] WR Drive item: wr_en=0 wr_data=0x48
UVM_INFO ../tb/rd_agent/async_fifo_rd_monitor.sv(69) @ 1950001: uvm_test_top.env.rd_agt.monitor [ASYNC_FIFO_RD_MON] RD accepted item: rd_data=0x5e
UVM_INFO ../tb/rd_agent/async_fifo_rd_driver.sv(38) @ 1960000: uvm_test_top.env.rd_agt.driver [ASYNC_FIFO_RD_DRV] RD Drive item: rd_en=0
UVM_INFO ../tb/wr_agent/async_fifo_wr_driver.sv(40) @ 1960000: uvm_test_top.env.wr_agt.driver [ASYNC_FIFO_WR_DRV] WR Drive item: wr_en=1 wr_data=0x3
UVM_INFO ../tb/env/async_fifo_scoreboard.sv(49) @ 1965001: uvm_test_top.env.scb [ASYNC_FIFO_SCB] Model Push: 0x3 depth=15
UVM_INFO ../tb/wr_agent/async_fifo_wr_driver.sv(40) @ 1970000: uvm_test_top.env.wr_agt.driver [ASYNC_FIFO_WR_DRV] WR Drive item: wr_en=1 wr_data=0xd4
UVM_INFO ../tb/env/async_fifo_scoreboard.sv(55) @ 1975001: uvm_test_top.env.scb [ASYNC_FIFO_SCB] Write ignored because write side was full before edge
UVM_INFO ../tb/rd_agent/async_fifo_rd_driver.sv(38) @ 1980000: uvm_test_top.env.rd_agt.driver [ASYNC_FIFO_RD_DRV] RD Drive item: rd_en=0
UVM_INFO ../tb/wr_agent/async_fifo_wr_driver.sv(40) @ 1980000: uvm_test_top.env.wr_agt.driver [ASYNC_FIFO_WR_DRV] WR Drive item: wr_en=0 wr_data=0xd9
UVM_INFO ../tb/wr_agent/async_fifo_wr_driver.sv(40) @ 1990000: uvm_test_top.env.wr_agt.driver [ASYNC_FIFO_WR_DRV] WR Drive item: wr_en=1 wr_data=0x51
UVM_INFO ../tb/env/async_fifo_scoreboard.sv(49) @ 1995001: uvm_test_top.env.scb [ASYNC_FIFO_SCB] Model Push: 0x51 depth=16
UVM_INFO ../tb/rd_agent/async_fifo_rd_driver.sv(38) @ 2000000: uvm_test_top.env.rd_agt.driver [ASYNC_FIFO_RD_DRV] RD Drive item: rd_en=1
UVM_INFO ../tb/wr_agent/async_fifo_wr_driver.sv(40) @ 2000000: uvm_test_top.env.wr_agt.driver [ASYNC_FIFO_WR_DRV] WR Drive item: wr_en=0 wr_data=0xd5
UVM_INFO ../tb/wr_agent/async_fifo_wr_driver.sv(40) @ 2010000: uvm_test_top.env.wr_agt.driver [ASYNC_FIFO_WR_DRV] WR Drive item: wr_en=1 wr_data=0x17
UVM_INFO ../tb/rd_agent/async_fifo_rd_monitor.sv(69) @ 2010001: uvm_test_top.env.rd_agt.monitor [ASYNC_FIFO_RD_MON] RD accepted item: rd_data=0x67
UVM_INFO ../tb/env/async_fifo_scoreboard.sv(55) @ 2015001: uvm_test_top.env.scb [ASYNC_FIFO_SCB] Write ignored because write side was full before edge
UVM_INFO ../tb/rd_agent/async_fifo_rd_driver.sv(38) @ 2020000: uvm_test_top.env.rd_agt.driver [ASYNC_FIFO_RD_DRV] RD Drive item: rd_en=0
UVM_INFO ../tb/wr_agent/async_fifo_wr_driver.sv(40) @ 2020000: uvm_test_top.env.wr_agt.driver [ASYNC_FIFO_WR_DRV] WR Drive item: wr_en=1 wr_data=0x18
UVM_INFO ../tb/env/async_fifo_scoreboard.sv(55) @ 2025001: uvm_test_top.env.scb [ASYNC_FIFO_SCB] Write ignored because write side was full before edge
UVM_INFO ../tb/wr_agent/async_fifo_wr_driver.sv(40) @ 2030000: uvm_test_top.env.wr_agt.driver [ASYNC_FIFO_WR_DRV] WR Drive item: wr_en=0 wr_data=0xef
UVM_INFO ../tb/rd_agent/async_fifo_rd_driver.sv(38) @ 2040000: uvm_test_top.env.rd_agt.driver [ASYNC_FIFO_RD_DRV] RD Drive item: rd_en=0
UVM_INFO ../tb/wr_agent/async_fifo_wr_driver.sv(40) @ 2040000: uvm_test_top.env.wr_agt.driver [ASYNC_FIFO_WR_DRV] WR Drive item: wr_en=0 wr_data=0x16
UVM_INFO ../tb/wr_agent/async_fifo_wr_driver.sv(40) @ 2050000: uvm_test_top.env.wr_agt.driver [ASYNC_FIFO_WR_DRV] WR Drive item: wr_en=0 wr_data=0xff
UVM_INFO ../tb/rd_agent/async_fifo_rd_driver.sv(38) @ 2060000: uvm_test_top.env.rd_agt.driver [ASYNC_FIFO_RD_DRV] RD Drive item: rd_en=0
UVM_INFO ../tb/wr_agent/async_fifo_wr_driver.sv(40) @ 2060000: uvm_test_top.env.wr_agt.driver [ASYNC_FIFO_WR_DRV] WR Drive item: wr_en=0 wr_data=0xab
UVM_INFO ../tb/wr_agent/async_fifo_wr_driver.sv(40) @ 2070000: uvm_test_top.env.wr_agt.driver [ASYNC_FIFO_WR_DRV] WR Drive item: wr_en=0 wr_data=0x8e
UVM_INFO ../tb/rd_agent/async_fifo_rd_driver.sv(38) @ 2080000: uvm_test_top.env.rd_agt.driver [ASYNC_FIFO_RD_DRV] RD Drive item: rd_en=0
UVM_INFO ../tb/wr_agent/async_fifo_wr_driver.sv(40) @ 2080000: uvm_test_top.env.wr_agt.driver [ASYNC_FIFO_WR_DRV] WR Drive item: wr_en=0 wr_data=0x77
UVM_INFO ../tb/wr_agent/async_fifo_wr_driver.sv(40) @ 2090000: uvm_test_top.env.wr_agt.driver [ASYNC_FIFO_WR_DRV] WR Drive item: wr_en=0 wr_data=0xdc
UVM_INFO ../tb/rd_agent/async_fifo_rd_driver.sv(38) @ 2100000: uvm_test_top.env.rd_agt.driver [ASYNC_FIFO_RD_DRV] RD Drive item: rd_en=1
UVM_INFO ../tb/wr_agent/async_fifo_wr_driver.sv(40) @ 2100000: uvm_test_top.env.wr_agt.driver [ASYNC_FIFO_WR_DRV] WR Drive item: wr_en=0 wr_data=0xb4
UVM_INFO ../tb/wr_agent/async_fifo_wr_driver.sv(40) @ 2110000: uvm_test_top.env.wr_agt.driver [ASYNC_FIFO_WR_DRV] WR Drive item: wr_en=0 wr_data=0xc6
UVM_INFO ../tb/rd_agent/async_fifo_rd_monitor.sv(69) @ 2110001: uvm_test_top.env.rd_agt.monitor [ASYNC_FIFO_RD_MON] RD accepted item: rd_data=0x50
UVM_INFO ../tb/rd_agent/async_fifo_rd_driver.sv(38) @ 2120000: uvm_test_top.env.rd_agt.driver [ASYNC_FIFO_RD_DRV] RD Drive item: rd_en=0
UVM_INFO ../tb/wr_agent/async_fifo_wr_driver.sv(40) @ 2120000: uvm_test_top.env.wr_agt.driver [ASYNC_FIFO_WR_DRV] WR Drive item: wr_en=0 wr_data=0xf7
UVM_INFO ../tb/wr_agent/async_fifo_wr_driver.sv(40) @ 2130000: uvm_test_top.env.wr_agt.driver [ASYNC_FIFO_WR_DRV] WR Drive item: wr_en=1 wr_data=0xac
UVM_INFO ../tb/env/async_fifo_scoreboard.sv(49) @ 2135001: uvm_test_top.env.scb [ASYNC_FIFO_SCB] Model Push: 0xac depth=15
UVM_INFO ../tb/rd_agent/async_fifo_rd_driver.sv(38) @ 2140000: uvm_test_top.env.rd_agt.driver [ASYNC_FIFO_RD_DRV] RD Drive item: rd_en=0
UVM_INFO ../tb/wr_agent/async_fifo_wr_driver.sv(40) @ 2140000: uvm_test_top.env.wr_agt.driver [ASYNC_FIFO_WR_DRV] WR Drive item: wr_en=1 wr_data=0xac
UVM_INFO ../tb/env/async_fifo_scoreboard.sv(49) @ 2145001: uvm_test_top.env.scb [ASYNC_FIFO_SCB] Model Push: 0xac depth=16
UVM_INFO ../tb/wr_agent/async_fifo_wr_driver.sv(40) @ 2150000: uvm_test_top.env.wr_agt.driver [ASYNC_FIFO_WR_DRV] WR Drive item: wr_en=1 wr_data=0x34
UVM_INFO ../tb/env/async_fifo_scoreboard.sv(55) @ 2155001: uvm_test_top.env.scb [ASYNC_FIFO_SCB] Write ignored because write side was full before edge
UVM_INFO ../tb/rd_agent/async_fifo_rd_driver.sv(38) @ 2160000: uvm_test_top.env.rd_agt.driver [ASYNC_FIFO_RD_DRV] RD Drive item: rd_en=0
UVM_INFO ../tb/wr_agent/async_fifo_wr_driver.sv(40) @ 2160000: uvm_test_top.env.wr_agt.driver [ASYNC_FIFO_WR_DRV] WR Drive item: wr_en=1 wr_data=0x91
UVM_INFO ../tb/env/async_fifo_scoreboard.sv(55) @ 2165001: uvm_test_top.env.scb [ASYNC_FIFO_SCB] Write ignored because write side was full before edge
UVM_INFO ../tb/wr_agent/async_fifo_wr_driver.sv(40) @ 2170000: uvm_test_top.env.wr_agt.driver [ASYNC_FIFO_WR_DRV] WR Drive item: wr_en=0 wr_data=0xc8
UVM_INFO ../tb/rd_agent/async_fifo_rd_driver.sv(38) @ 2180000: uvm_test_top.env.rd_agt.driver [ASYNC_FIFO_RD_DRV] RD Drive item: rd_en=1
UVM_INFO ../tb/wr_agent/async_fifo_wr_driver.sv(40) @ 2180000: uvm_test_top.env.wr_agt.driver [ASYNC_FIFO_WR_DRV] WR Drive item: wr_en=1 wr_data=0xb1
UVM_INFO ../tb/env/async_fifo_scoreboard.sv(55) @ 2185001: uvm_test_top.env.scb [ASYNC_FIFO_SCB] Write ignored because write side was full before edge
UVM_INFO ../tb/wr_agent/async_fifo_wr_driver.sv(40) @ 2190000: uvm_test_top.env.wr_agt.driver [ASYNC_FIFO_WR_DRV] WR Drive item: wr_en=1 wr_data=0xec
UVM_INFO ../tb/rd_agent/async_fifo_rd_monitor.sv(69) @ 2190001: uvm_test_top.env.rd_agt.monitor [ASYNC_FIFO_RD_MON] RD accepted item: rd_data=0x95
UVM_INFO ../tb/env/async_fifo_scoreboard.sv(55) @ 2195001: uvm_test_top.env.scb [ASYNC_FIFO_SCB] Write ignored because write side was full before edge
UVM_INFO ../tb/rd_agent/async_fifo_rd_driver.sv(38) @ 2200000: uvm_test_top.env.rd_agt.driver [ASYNC_FIFO_RD_DRV] RD Drive item: rd_en=1
UVM_INFO ../tb/wr_agent/async_fifo_wr_driver.sv(40) @ 2200000: uvm_test_top.env.wr_agt.driver [ASYNC_FIFO_WR_DRV] WR Drive item: wr_en=1 wr_data=0xe5
UVM_INFO ../tb/env/async_fifo_scoreboard.sv(55) @ 2205001: uvm_test_top.env.scb [ASYNC_FIFO_SCB] Write ignored because write side was full before edge
UVM_INFO ../tb/wr_agent/async_fifo_wr_driver.sv(40) @ 2210000: uvm_test_top.env.wr_agt.driver [ASYNC_FIFO_WR_DRV] WR Drive item: wr_en=0 wr_data=0x57
UVM_INFO ../tb/rd_agent/async_fifo_rd_monitor.sv(69) @ 2210001: uvm_test_top.env.rd_agt.monitor [ASYNC_FIFO_RD_MON] RD accepted item: rd_data=0x51
UVM_INFO ../tb/rd_agent/async_fifo_rd_driver.sv(38) @ 2220000: uvm_test_top.env.rd_agt.driver [ASYNC_FIFO_RD_DRV] RD Drive item: rd_en=1
UVM_INFO ../tb/wr_agent/async_fifo_wr_driver.sv(40) @ 2220000: uvm_test_top.env.wr_agt.driver [ASYNC_FIFO_WR_DRV] WR Drive item: wr_en=1 wr_data=0xe1
UVM_INFO ../tb/env/async_fifo_scoreboard.sv(49) @ 2225001: uvm_test_top.env.scb [ASYNC_FIFO_SCB] Model Push: 0xe1 depth=15
UVM_INFO ../tb/wr_agent/async_fifo_wr_driver.sv(40) @ 2230000: uvm_test_top.env.wr_agt.driver [ASYNC_FIFO_WR_DRV] WR Drive item: wr_en=1 wr_data=0x4b
UVM_INFO ../tb/rd_agent/async_fifo_rd_monitor.sv(69) @ 2230001: uvm_test_top.env.rd_agt.monitor [ASYNC_FIFO_RD_MON] RD accepted item: rd_data=0x2c
UVM_INFO ../tb/env/async_fifo_scoreboard.sv(55) @ 2235001: uvm_test_top.env.scb [ASYNC_FIFO_SCB] Write ignored because write side was full before edge
UVM_INFO ../tb/rd_agent/async_fifo_rd_driver.sv(38) @ 2240000: uvm_test_top.env.rd_agt.driver [ASYNC_FIFO_RD_DRV] RD Drive item: rd_en=1
UVM_INFO ../tb/wr_agent/async_fifo_wr_driver.sv(40) @ 2240000: uvm_test_top.env.wr_agt.driver [ASYNC_FIFO_WR_DRV] WR Drive item: wr_en=1 wr_data=0xfc
UVM_INFO ../tb/env/async_fifo_scoreboard.sv(49) @ 2245001: uvm_test_top.env.scb [ASYNC_FIFO_SCB] Model Push: 0xfc depth=15
UVM_INFO ../tb/wr_agent/async_fifo_wr_driver.sv(40) @ 2250000: uvm_test_top.env.wr_agt.driver [ASYNC_FIFO_WR_DRV] WR Drive item: wr_en=1 wr_data=0x74
UVM_INFO ../tb/rd_agent/async_fifo_rd_monitor.sv(69) @ 2250001: uvm_test_top.env.rd_agt.monitor [ASYNC_FIFO_RD_MON] RD accepted item: rd_data=0x5e
UVM_INFO ../tb/env/async_fifo_scoreboard.sv(55) @ 2255001: uvm_test_top.env.scb [ASYNC_FIFO_SCB] Write ignored because write side was full before edge
UVM_INFO ../tb/rd_agent/async_fifo_rd_driver.sv(38) @ 2260000: uvm_test_top.env.rd_agt.driver [ASYNC_FIFO_RD_DRV] RD Drive item: rd_en=1
UVM_INFO ../tb/wr_agent/async_fifo_wr_driver.sv(40) @ 2260000: uvm_test_top.env.wr_agt.driver [ASYNC_FIFO_WR_DRV] WR Drive item: wr_en=1 wr_data=0xce
UVM_INFO ../tb/env/async_fifo_scoreboard.sv(49) @ 2265001: uvm_test_top.env.scb [ASYNC_FIFO_SCB] Model Push: 0xce depth=15
UVM_INFO ../tb/wr_agent/async_fifo_wr_driver.sv(40) @ 2270000: uvm_test_top.env.wr_agt.driver [ASYNC_FIFO_WR_DRV] WR Drive item: wr_en=0 wr_data=0xaa
UVM_INFO ../tb/rd_agent/async_fifo_rd_monitor.sv(69) @ 2270001: uvm_test_top.env.rd_agt.monitor [ASYNC_FIFO_RD_MON] RD accepted item: rd_data=0xcf
UVM_INFO ../tb/rd_agent/async_fifo_rd_driver.sv(38) @ 2280000: uvm_test_top.env.rd_agt.driver [ASYNC_FIFO_RD_DRV] RD Drive item: rd_en=1
UVM_INFO ../tb/wr_agent/async_fifo_wr_driver.sv(40) @ 2280000: uvm_test_top.env.wr_agt.driver [ASYNC_FIFO_WR_DRV] WR Drive item: wr_en=0 wr_data=0x8b
UVM_INFO ../tb/wr_agent/async_fifo_wr_driver.sv(40) @ 2290000: uvm_test_top.env.wr_agt.driver [ASYNC_FIFO_WR_DRV] WR Drive item: wr_en=0 wr_data=0x5b
UVM_INFO ../tb/rd_agent/async_fifo_rd_monitor.sv(69) @ 2290001: uvm_test_top.env.rd_agt.monitor [ASYNC_FIFO_RD_MON] RD accepted item: rd_data=0xe3
UVM_INFO ../tb/rd_agent/async_fifo_rd_driver.sv(38) @ 2300000: uvm_test_top.env.rd_agt.driver [ASYNC_FIFO_RD_DRV] RD Drive item: rd_en=1
UVM_INFO ../tb/wr_agent/async_fifo_wr_driver.sv(40) @ 2300000: uvm_test_top.env.wr_agt.driver [ASYNC_FIFO_WR_DRV] WR Drive item: wr_en=0 wr_data=0x7f
UVM_INFO ../tb/wr_agent/async_fifo_wr_driver.sv(40) @ 2310000: uvm_test_top.env.wr_agt.driver [ASYNC_FIFO_WR_DRV] WR Drive item: wr_en=0 wr_data=0xda
UVM_INFO ../tb/rd_agent/async_fifo_rd_monitor.sv(69) @ 2310001: uvm_test_top.env.rd_agt.monitor [ASYNC_FIFO_RD_MON] RD accepted item: rd_data=0x24
UVM_INFO ../tb/rd_agent/async_fifo_rd_driver.sv(38) @ 2320000: uvm_test_top.env.rd_agt.driver [ASYNC_FIFO_RD_DRV] RD Drive item: rd_en=1
UVM_INFO ../tb/wr_agent/async_fifo_wr_driver.sv(40) @ 2320000: uvm_test_top.env.wr_agt.driver [ASYNC_FIFO_WR_DRV] WR Drive item: wr_en=1 wr_data=0x34
UVM_INFO ../tb/env/async_fifo_scoreboard.sv(49) @ 2325001: uvm_test_top.env.scb [ASYNC_FIFO_SCB] Model Push: 0x34 depth=13
UVM_INFO ../tb/wr_agent/async_fifo_wr_driver.sv(40) @ 2330000: uvm_test_top.env.wr_agt.driver [ASYNC_FIFO_WR_DRV] WR Drive item: wr_en=1 wr_data=0x7b
UVM_INFO ../tb/rd_agent/async_fifo_rd_monitor.sv(69) @ 2330001: uvm_test_top.env.rd_agt.monitor [ASYNC_FIFO_RD_MON] RD accepted item: rd_data=0x8f
UVM_INFO ../tb/env/async_fifo_scoreboard.sv(49) @ 2335001: uvm_test_top.env.scb [ASYNC_FIFO_SCB] Model Push: 0x7b depth=13
UVM_INFO ../tb/rd_agent/async_fifo_rd_driver.sv(38) @ 2340000: uvm_test_top.env.rd_agt.driver [ASYNC_FIFO_RD_DRV] RD Drive item: rd_en=1
UVM_INFO ../tb/wr_agent/async_fifo_wr_driver.sv(40) @ 2340000: uvm_test_top.env.wr_agt.driver [ASYNC_FIFO_WR_DRV] WR Drive item: wr_en=0 wr_data=0x8f
UVM_INFO ../tb/wr_agent/async_fifo_wr_driver.sv(40) @ 2350000: uvm_test_top.env.wr_agt.driver [ASYNC_FIFO_WR_DRV] WR Drive item: wr_en=0 wr_data=0xb2
UVM_INFO ../tb/rd_agent/async_fifo_rd_monitor.sv(69) @ 2350001: uvm_test_top.env.rd_agt.monitor [ASYNC_FIFO_RD_MON] RD accepted item: rd_data=0x25
UVM_INFO ../tb/rd_agent/async_fifo_rd_driver.sv(38) @ 2360000: uvm_test_top.env.rd_agt.driver [ASYNC_FIFO_RD_DRV] RD Drive item: rd_en=1
UVM_INFO ../tb/wr_agent/async_fifo_wr_driver.sv(40) @ 2360000: uvm_test_top.env.wr_agt.driver [ASYNC_FIFO_WR_DRV] WR Drive item: wr_en=1 wr_data=0x7f
UVM_INFO ../tb/env/async_fifo_scoreboard.sv(49) @ 2365001: uvm_test_top.env.scb [ASYNC_FIFO_SCB] Model Push: 0x7f depth=13
UVM_INFO ../tb/wr_agent/async_fifo_wr_driver.sv(40) @ 2370000: uvm_test_top.env.wr_agt.driver [ASYNC_FIFO_WR_DRV] WR Drive item: wr_en=1 wr_data=0x52
UVM_INFO ../tb/rd_agent/async_fifo_rd_monitor.sv(69) @ 2370001: uvm_test_top.env.rd_agt.monitor [ASYNC_FIFO_RD_MON] RD accepted item: rd_data=0xf0
UVM_INFO ../tb/env/async_fifo_scoreboard.sv(49) @ 2375001: uvm_test_top.env.scb [ASYNC_FIFO_SCB] Model Push: 0x52 depth=13
UVM_INFO ../tb/rd_agent/async_fifo_rd_driver.sv(38) @ 2380000: uvm_test_top.env.rd_agt.driver [ASYNC_FIFO_RD_DRV] RD Drive item: rd_en=1
UVM_INFO ../tb/wr_agent/async_fifo_wr_driver.sv(40) @ 2380000: uvm_test_top.env.wr_agt.driver [ASYNC_FIFO_WR_DRV] WR Drive item: wr_en=1 wr_data=0x35
UVM_INFO ../tb/env/async_fifo_scoreboard.sv(49) @ 2385001: uvm_test_top.env.scb [ASYNC_FIFO_SCB] Model Push: 0x35 depth=14
UVM_INFO ../tb/wr_agent/async_fifo_wr_driver.sv(40) @ 2390000: uvm_test_top.env.wr_agt.driver [ASYNC_FIFO_WR_DRV] WR Drive item: wr_en=0 wr_data=0x97
UVM_INFO ../tb/rd_agent/async_fifo_rd_monitor.sv(69) @ 2390001: uvm_test_top.env.rd_agt.monitor [ASYNC_FIFO_RD_MON] RD accepted item: rd_data=0x43
UVM_INFO ../tb/rd_agent/async_fifo_rd_driver.sv(38) @ 2400000: uvm_test_top.env.rd_agt.driver [ASYNC_FIFO_RD_DRV] RD Drive item: rd_en=1
UVM_INFO ../tb/wr_agent/async_fifo_wr_driver.sv(40) @ 2400000: uvm_test_top.env.wr_agt.driver [ASYNC_FIFO_WR_DRV] WR Drive item: wr_en=0 wr_data=0x91
UVM_INFO ../tb/wr_agent/async_fifo_wr_driver.sv(40) @ 2410000: uvm_test_top.env.wr_agt.driver [ASYNC_FIFO_WR_DRV] WR Drive item: wr_en=1 wr_data=0x2c
UVM_INFO ../tb/rd_agent/async_fifo_rd_monitor.sv(69) @ 2410001: uvm_test_top.env.rd_agt.monitor [ASYNC_FIFO_RD_MON] RD accepted item: rd_data=0x37
UVM_INFO ../tb/env/async_fifo_scoreboard.sv(49) @ 2415001: uvm_test_top.env.scb [ASYNC_FIFO_SCB] Model Push: 0x2c depth=13
UVM_INFO ../tb/rd_agent/async_fifo_rd_driver.sv(38) @ 2420000: uvm_test_top.env.rd_agt.driver [ASYNC_FIFO_RD_DRV] RD Drive item: rd_en=1
UVM_INFO ../tb/wr_agent/async_fifo_wr_driver.sv(40) @ 2420000: uvm_test_top.env.wr_agt.driver [ASYNC_FIFO_WR_DRV] WR Drive item: wr_en=0 wr_data=0x3e
UVM_INFO ../tb/wr_agent/async_fifo_wr_driver.sv(40) @ 2430000: uvm_test_top.env.wr_agt.driver [ASYNC_FIFO_WR_DRV] WR Drive item: wr_en=0 wr_data=0x76
UVM_INFO ../tb/rd_agent/async_fifo_rd_monitor.sv(69) @ 2430001: uvm_test_top.env.rd_agt.monitor [ASYNC_FIFO_RD_MON] RD accepted item: rd_data=0x3
UVM_INFO ../tb/rd_agent/async_fifo_rd_driver.sv(38) @ 2440000: uvm_test_top.env.rd_agt.driver [ASYNC_FIFO_RD_DRV] RD Drive item: rd_en=1
UVM_INFO ../tb/wr_agent/async_fifo_wr_driver.sv(40) @ 2440000: uvm_test_top.env.wr_agt.driver [ASYNC_FIFO_WR_DRV] WR Drive item: wr_en=1 wr_data=0xe
UVM_INFO ../tb/env/async_fifo_scoreboard.sv(49) @ 2445001: uvm_test_top.env.scb [ASYNC_FIFO_SCB] Model Push: 0xe depth=13
UVM_INFO ../tb/wr_agent/async_fifo_wr_driver.sv(40) @ 2450000: uvm_test_top.env.wr_agt.driver [ASYNC_FIFO_WR_DRV] WR Drive item: wr_en=0 wr_data=0xee
UVM_INFO ../tb/rd_agent/async_fifo_rd_monitor.sv(69) @ 2450001: uvm_test_top.env.rd_agt.monitor [ASYNC_FIFO_RD_MON] RD accepted item: rd_data=0x51
UVM_INFO ../tb/rd_agent/async_fifo_rd_driver.sv(38) @ 2460000: uvm_test_top.env.rd_agt.driver [ASYNC_FIFO_RD_DRV] RD Drive item: rd_en=1
UVM_INFO ../tb/wr_agent/async_fifo_wr_driver.sv(40) @ 2460000: uvm_test_top.env.wr_agt.driver [ASYNC_FIFO_WR_DRV] WR Drive item: wr_en=1 wr_data=0x26
UVM_INFO ../tb/env/async_fifo_scoreboard.sv(49) @ 2465001: uvm_test_top.env.scb [ASYNC_FIFO_SCB] Model Push: 0x26 depth=13
UVM_INFO ../tb/wr_agent/async_fifo_wr_driver.sv(40) @ 2470000: uvm_test_top.env.wr_agt.driver [ASYNC_FIFO_WR_DRV] WR Drive item: wr_en=0 wr_data=0xc3
UVM_INFO ../tb/rd_agent/async_fifo_rd_monitor.sv(69) @ 2470001: uvm_test_top.env.rd_agt.monitor [ASYNC_FIFO_RD_MON] RD accepted item: rd_data=0xac
UVM_INFO ../tb/rd_agent/async_fifo_rd_driver.sv(38) @ 2480000: uvm_test_top.env.rd_agt.driver [ASYNC_FIFO_RD_DRV] RD Drive item: rd_en=1
UVM_INFO ../tb/wr_agent/async_fifo_wr_driver.sv(40) @ 2480000: uvm_test_top.env.wr_agt.driver [ASYNC_FIFO_WR_DRV] WR Drive item: wr_en=1 wr_data=0x5
UVM_INFO ../tb/env/async_fifo_scoreboard.sv(49) @ 2485001: uvm_test_top.env.scb [ASYNC_FIFO_SCB] Model Push: 0x5 depth=13
UVM_INFO ../tb/wr_agent/async_fifo_wr_driver.sv(40) @ 2490000: uvm_test_top.env.wr_agt.driver [ASYNC_FIFO_WR_DRV] WR Drive item: wr_en=0 wr_data=0xad
UVM_INFO ../tb/rd_agent/async_fifo_rd_monitor.sv(69) @ 2490001: uvm_test_top.env.rd_agt.monitor [ASYNC_FIFO_RD_MON] RD accepted item: rd_data=0xac
UVM_INFO ../tb/rd_agent/async_fifo_rd_driver.sv(38) @ 2500000: uvm_test_top.env.rd_agt.driver [ASYNC_FIFO_RD_DRV] RD Drive item: rd_en=1
UVM_INFO ../tb/wr_agent/async_fifo_wr_driver.sv(40) @ 2500000: uvm_test_top.env.wr_agt.driver [ASYNC_FIFO_WR_DRV] WR Drive item: wr_en=0 wr_data=0x85
UVM_INFO ../tb/wr_agent/async_fifo_wr_driver.sv(40) @ 2510000: uvm_test_top.env.wr_agt.driver [ASYNC_FIFO_WR_DRV] WR Drive item: wr_en=1 wr_data=0x39
UVM_INFO ../tb/rd_agent/async_fifo_rd_monitor.sv(69) @ 2510001: uvm_test_top.env.rd_agt.monitor [ASYNC_FIFO_RD_MON] RD accepted item: rd_data=0xe1
UVM_INFO ../tb/env/async_fifo_scoreboard.sv(49) @ 2515001: uvm_test_top.env.scb [ASYNC_FIFO_SCB] Model Push: 0x39 depth=12
UVM_INFO ../tb/rd_agent/async_fifo_rd_driver.sv(38) @ 2520000: uvm_test_top.env.rd_agt.driver [ASYNC_FIFO_RD_DRV] RD Drive item: rd_en=1
UVM_INFO ../tb/wr_agent/async_fifo_wr_driver.sv(40) @ 2520000: uvm_test_top.env.wr_agt.driver [ASYNC_FIFO_WR_DRV] WR Drive item: wr_en=1 wr_data=0x70
UVM_INFO ../tb/env/async_fifo_scoreboard.sv(49) @ 2525001: uvm_test_top.env.scb [ASYNC_FIFO_SCB] Model Push: 0x70 depth=13
UVM_INFO ../tb/wr_agent/async_fifo_wr_driver.sv(40) @ 2530000: uvm_test_top.env.wr_agt.driver [ASYNC_FIFO_WR_DRV] WR Drive item: wr_en=0 wr_data=0xfb
UVM_INFO ../tb/rd_agent/async_fifo_rd_monitor.sv(69) @ 2530001: uvm_test_top.env.rd_agt.monitor [ASYNC_FIFO_RD_MON] RD accepted item: rd_data=0xfc
UVM_INFO ../tb/rd_agent/async_fifo_rd_driver.sv(38) @ 2540000: uvm_test_top.env.rd_agt.driver [ASYNC_FIFO_RD_DRV] RD Drive item: rd_en=1
UVM_INFO ../tb/wr_agent/async_fifo_wr_driver.sv(40) @ 2540000: uvm_test_top.env.wr_agt.driver [ASYNC_FIFO_WR_DRV] WR Drive item: wr_en=1 wr_data=0x80
UVM_INFO ../tb/env/async_fifo_scoreboard.sv(49) @ 2545001: uvm_test_top.env.scb [ASYNC_FIFO_SCB] Model Push: 0x80 depth=13
UVM_INFO ../tb/wr_agent/async_fifo_wr_driver.sv(40) @ 2550000: uvm_test_top.env.wr_agt.driver [ASYNC_FIFO_WR_DRV] WR Drive item: wr_en=1 wr_data=0x22
UVM_INFO ../tb/rd_agent/async_fifo_rd_monitor.sv(69) @ 2550001: uvm_test_top.env.rd_agt.monitor [ASYNC_FIFO_RD_MON] RD accepted item: rd_data=0xce
UVM_INFO ../tb/env/async_fifo_scoreboard.sv(49) @ 2555001: uvm_test_top.env.scb [ASYNC_FIFO_SCB] Model Push: 0x22 depth=13
UVM_INFO ../tb/rd_agent/async_fifo_rd_driver.sv(38) @ 2560000: uvm_test_top.env.rd_agt.driver [ASYNC_FIFO_RD_DRV] RD Drive item: rd_en=1
UVM_INFO ../tb/wr_agent/async_fifo_wr_driver.sv(40) @ 2560000: uvm_test_top.env.wr_agt.driver [ASYNC_FIFO_WR_DRV] WR Drive item: wr_en=0 wr_data=0xad
UVM_INFO ../tb/wr_agent/async_fifo_wr_driver.sv(40) @ 2570000: uvm_test_top.env.wr_agt.driver [ASYNC_FIFO_WR_DRV] WR Drive item: wr_en=0 wr_data=0x72
UVM_INFO ../tb/rd_agent/async_fifo_rd_monitor.sv(69) @ 2570001: uvm_test_top.env.rd_agt.monitor [ASYNC_FIFO_RD_MON] RD accepted item: rd_data=0x34
UVM_INFO ../tb/rd_agent/async_fifo_rd_driver.sv(38) @ 2580000: uvm_test_top.env.rd_agt.driver [ASYNC_FIFO_RD_DRV] RD Drive item: rd_en=1
UVM_INFO ../tb/wr_agent/async_fifo_wr_driver.sv(40) @ 2580000: uvm_test_top.env.wr_agt.driver [ASYNC_FIFO_WR_DRV] WR Drive item: wr_en=0 wr_data=0xd5
UVM_INFO ../tb/wr_agent/async_fifo_wr_driver.sv(40) @ 2590000: uvm_test_top.env.wr_agt.driver [ASYNC_FIFO_WR_DRV] WR Drive item: wr_en=1 wr_data=0xba
UVM_INFO ../tb/rd_agent/async_fifo_rd_monitor.sv(69) @ 2590001: uvm_test_top.env.rd_agt.monitor [ASYNC_FIFO_RD_MON] RD accepted item: rd_data=0x7b
UVM_INFO ../tb/env/async_fifo_scoreboard.sv(49) @ 2595001: uvm_test_top.env.scb [ASYNC_FIFO_SCB] Model Push: 0xba depth=12
UVM_INFO ../tb/rd_agent/async_fifo_rd_driver.sv(38) @ 2600000: uvm_test_top.env.rd_agt.driver [ASYNC_FIFO_RD_DRV] RD Drive item: rd_en=1
UVM_INFO ../tb/wr_agent/async_fifo_wr_driver.sv(40) @ 2600000: uvm_test_top.env.wr_agt.driver [ASYNC_FIFO_WR_DRV] WR Drive item: wr_en=1 wr_data=0x20
UVM_INFO ../tb/env/async_fifo_scoreboard.sv(49) @ 2605001: uvm_test_top.env.scb [ASYNC_FIFO_SCB] Model Push: 0x20 depth=13
UVM_INFO ../tb/wr_agent/async_fifo_wr_driver.sv(40) @ 2610000: uvm_test_top.env.wr_agt.driver [ASYNC_FIFO_WR_DRV] WR Drive item: wr_en=0 wr_data=0x61
UVM_INFO ../tb/rd_agent/async_fifo_rd_monitor.sv(69) @ 2610001: uvm_test_top.env.rd_agt.monitor [ASYNC_FIFO_RD_MON] RD accepted item: rd_data=0x7f
UVM_INFO ../tb/rd_agent/async_fifo_rd_driver.sv(38) @ 2620000: uvm_test_top.env.rd_agt.driver [ASYNC_FIFO_RD_DRV] RD Drive item: rd_en=1
UVM_INFO ../tb/wr_agent/async_fifo_wr_driver.sv(40) @ 2620000: uvm_test_top.env.wr_agt.driver [ASYNC_FIFO_WR_DRV] WR Drive item: wr_en=1 wr_data=0xd6
UVM_INFO ../tb/env/async_fifo_scoreboard.sv(49) @ 2625001: uvm_test_top.env.scb [ASYNC_FIFO_SCB] Model Push: 0xd6 depth=13
UVM_INFO ../tb/wr_agent/async_fifo_wr_driver.sv(40) @ 2630000: uvm_test_top.env.wr_agt.driver [ASYNC_FIFO_WR_DRV] WR Drive item: wr_en=1 wr_data=0x6e
UVM_INFO ../tb/rd_agent/async_fifo_rd_monitor.sv(69) @ 2630001: uvm_test_top.env.rd_agt.monitor [ASYNC_FIFO_RD_MON] RD accepted item: rd_data=0x52
UVM_INFO ../tb/env/async_fifo_scoreboard.sv(49) @ 2635001: uvm_test_top.env.scb [ASYNC_FIFO_SCB] Model Push: 0x6e depth=13
UVM_INFO ../tb/rd_agent/async_fifo_rd_driver.sv(38) @ 2640000: uvm_test_top.env.rd_agt.driver [ASYNC_FIFO_RD_DRV] RD Drive item: rd_en=1
UVM_INFO ../tb/wr_agent/async_fifo_wr_driver.sv(40) @ 2640000: uvm_test_top.env.wr_agt.driver [ASYNC_FIFO_WR_DRV] WR Drive item: wr_en=0 wr_data=0x5c
UVM_INFO ../tb/wr_agent/async_fifo_wr_driver.sv(40) @ 2650000: uvm_test_top.env.wr_agt.driver [ASYNC_FIFO_WR_DRV] WR Drive item: wr_en=1 wr_data=0xeb
UVM_INFO ../tb/rd_agent/async_fifo_rd_monitor.sv(69) @ 2650001: uvm_test_top.env.rd_agt.monitor [ASYNC_FIFO_RD_MON] RD accepted item: rd_data=0x35
UVM_INFO ../tb/env/async_fifo_scoreboard.sv(49) @ 2655001: uvm_test_top.env.scb [ASYNC_FIFO_SCB] Model Push: 0xeb depth=13
UVM_INFO ../tb/rd_agent/async_fifo_rd_driver.sv(38) @ 2660000: uvm_test_top.env.rd_agt.driver [ASYNC_FIFO_RD_DRV] RD Drive item: rd_en=1
UVM_INFO ../tb/wr_agent/async_fifo_wr_driver.sv(40) @ 2660000: uvm_test_top.env.wr_agt.driver [ASYNC_FIFO_WR_DRV] WR Drive item: wr_en=0 wr_data=0x97
UVM_INFO ../tb/wr_agent/async_fifo_wr_driver.sv(40) @ 2670000: uvm_test_top.env.wr_agt.driver [ASYNC_FIFO_WR_DRV] WR Drive item: wr_en=0 wr_data=0x0
UVM_INFO ../tb/rd_agent/async_fifo_rd_monitor.sv(69) @ 2670001: uvm_test_top.env.rd_agt.monitor [ASYNC_FIFO_RD_MON] RD accepted item: rd_data=0x2c
UVM_INFO ../tb/rd_agent/async_fifo_rd_driver.sv(38) @ 2680000: uvm_test_top.env.rd_agt.driver [ASYNC_FIFO_RD_DRV] RD Drive item: rd_en=1
UVM_INFO ../tb/wr_agent/async_fifo_wr_driver.sv(40) @ 2680000: uvm_test_top.env.wr_agt.driver [ASYNC_FIFO_WR_DRV] WR Drive item: wr_en=0 wr_data=0x0
UVM_INFO ../tb/wr_agent/async_fifo_wr_driver.sv(40) @ 2690000: uvm_test_top.env.wr_agt.driver [ASYNC_FIFO_WR_DRV] WR Drive item: wr_en=0 wr_data=0x0
UVM_INFO ../tb/rd_agent/async_fifo_rd_monitor.sv(69) @ 2690001: uvm_test_top.env.rd_agt.monitor [ASYNC_FIFO_RD_MON] RD accepted item: rd_data=0xe
UVM_INFO ../tb/rd_agent/async_fifo_rd_driver.sv(38) @ 2700000: uvm_test_top.env.rd_agt.driver [ASYNC_FIFO_RD_DRV] RD Drive item: rd_en=1
UVM_INFO ../tb/wr_agent/async_fifo_wr_driver.sv(40) @ 2700000: uvm_test_top.env.wr_agt.driver [ASYNC_FIFO_WR_DRV] WR Drive item: wr_en=0 wr_data=0x0
UVM_INFO ../tb/wr_agent/async_fifo_wr_driver.sv(40) @ 2710000: uvm_test_top.env.wr_agt.driver [ASYNC_FIFO_WR_DRV] WR Drive item: wr_en=0 wr_data=0x0
UVM_INFO ../tb/rd_agent/async_fifo_rd_monitor.sv(69) @ 2710001: uvm_test_top.env.rd_agt.monitor [ASYNC_FIFO_RD_MON] RD accepted item: rd_data=0x26
UVM_INFO ../tb/rd_agent/async_fifo_rd_driver.sv(38) @ 2720000: uvm_test_top.env.rd_agt.driver [ASYNC_FIFO_RD_DRV] RD Drive item: rd_en=1
UVM_INFO ../tb/wr_agent/async_fifo_wr_driver.sv(40) @ 2720000: uvm_test_top.env.wr_agt.driver [ASYNC_FIFO_WR_DRV] WR Drive item: wr_en=0 wr_data=0x0
UVM_INFO ../tb/wr_agent/async_fifo_wr_driver.sv(40) @ 2730000: uvm_test_top.env.wr_agt.driver [ASYNC_FIFO_WR_DRV] WR Drive item: wr_en=0 wr_data=0x0
UVM_INFO ../tb/rd_agent/async_fifo_rd_monitor.sv(69) @ 2730001: uvm_test_top.env.rd_agt.monitor [ASYNC_FIFO_RD_MON] RD accepted item: rd_data=0x5
UVM_INFO ../tb/rd_agent/async_fifo_rd_driver.sv(38) @ 2740000: uvm_test_top.env.rd_agt.driver [ASYNC_FIFO_RD_DRV] RD Drive item: rd_en=1
UVM_INFO ../tb/wr_agent/async_fifo_wr_driver.sv(40) @ 2740000: uvm_test_top.env.wr_agt.driver [ASYNC_FIFO_WR_DRV] WR Drive item: wr_en=0 wr_data=0x0
UVM_INFO ../tb/wr_agent/async_fifo_wr_driver.sv(40) @ 2750000: uvm_test_top.env.wr_agt.driver [ASYNC_FIFO_WR_DRV] WR Drive item: wr_en=0 wr_data=0x0
UVM_INFO ../tb/rd_agent/async_fifo_rd_monitor.sv(69) @ 2750001: uvm_test_top.env.rd_agt.monitor [ASYNC_FIFO_RD_MON] RD accepted item: rd_data=0x39
UVM_INFO ../tb/rd_agent/async_fifo_rd_driver.sv(38) @ 2760000: uvm_test_top.env.rd_agt.driver [ASYNC_FIFO_RD_DRV] RD Drive item: rd_en=1
UVM_INFO ../tb/wr_agent/async_fifo_wr_driver.sv(40) @ 2760000: uvm_test_top.env.wr_agt.driver [ASYNC_FIFO_WR_DRV] WR Drive item: wr_en=0 wr_data=0x0
UVM_INFO ../tb/wr_agent/async_fifo_wr_driver.sv(40) @ 2770000: uvm_test_top.env.wr_agt.driver [ASYNC_FIFO_WR_DRV] WR Drive item: wr_en=0 wr_data=0x0
UVM_INFO ../tb/rd_agent/async_fifo_rd_monitor.sv(69) @ 2770001: uvm_test_top.env.rd_agt.monitor [ASYNC_FIFO_RD_MON] RD accepted item: rd_data=0x70
UVM_INFO ../tb/rd_agent/async_fifo_rd_driver.sv(38) @ 2780000: uvm_test_top.env.rd_agt.driver [ASYNC_FIFO_RD_DRV] RD Drive item: rd_en=1
UVM_INFO ../tb/wr_agent/async_fifo_wr_driver.sv(40) @ 2780000: uvm_test_top.env.wr_agt.driver [ASYNC_FIFO_WR_DRV] WR Drive item: wr_en=0 wr_data=0x0
UVM_INFO ../tb/wr_agent/async_fifo_wr_driver.sv(40) @ 2790000: uvm_test_top.env.wr_agt.driver [ASYNC_FIFO_WR_DRV] WR Drive item: wr_en=0 wr_data=0x0
UVM_INFO ../tb/rd_agent/async_fifo_rd_monitor.sv(69) @ 2790001: uvm_test_top.env.rd_agt.monitor [ASYNC_FIFO_RD_MON] RD accepted item: rd_data=0x80
UVM_INFO ../tb/rd_agent/async_fifo_rd_driver.sv(38) @ 2800000: uvm_test_top.env.rd_agt.driver [ASYNC_FIFO_RD_DRV] RD Drive item: rd_en=1
UVM_INFO ../tb/wr_agent/async_fifo_wr_driver.sv(40) @ 2800000: uvm_test_top.env.wr_agt.driver [ASYNC_FIFO_WR_DRV] WR Drive item: wr_en=0 wr_data=0x0
UVM_INFO ../tb/wr_agent/async_fifo_wr_driver.sv(40) @ 2810000: uvm_test_top.env.wr_agt.driver [ASYNC_FIFO_WR_DRV] WR Drive item: wr_en=0 wr_data=0x0
UVM_INFO ../tb/rd_agent/async_fifo_rd_monitor.sv(69) @ 2810001: uvm_test_top.env.rd_agt.monitor [ASYNC_FIFO_RD_MON] RD accepted item: rd_data=0x22
UVM_INFO ../tb/rd_agent/async_fifo_rd_driver.sv(38) @ 2820000: uvm_test_top.env.rd_agt.driver [ASYNC_FIFO_RD_DRV] RD Drive item: rd_en=1
UVM_INFO ../tb/wr_agent/async_fifo_wr_driver.sv(40) @ 2820000: uvm_test_top.env.wr_agt.driver [ASYNC_FIFO_WR_DRV] WR Drive item: wr_en=0 wr_data=0x0
UVM_INFO ../tb/wr_agent/async_fifo_wr_driver.sv(40) @ 2830000: uvm_test_top.env.wr_agt.driver [ASYNC_FIFO_WR_DRV] WR Drive item: wr_en=0 wr_data=0x0
UVM_INFO ../tb/rd_agent/async_fifo_rd_monitor.sv(69) @ 2830001: uvm_test_top.env.rd_agt.monitor [ASYNC_FIFO_RD_MON] RD accepted item: rd_data=0xba
UVM_INFO ../tb/rd_agent/async_fifo_rd_driver.sv(38) @ 2840000: uvm_test_top.env.rd_agt.driver [ASYNC_FIFO_RD_DRV] RD Drive item: rd_en=1
UVM_INFO ../tb/wr_agent/async_fifo_wr_driver.sv(40) @ 2840000: uvm_test_top.env.wr_agt.driver [ASYNC_FIFO_WR_DRV] WR Drive item: wr_en=0 wr_data=0x0
UVM_INFO ../tb/wr_agent/async_fifo_wr_driver.sv(40) @ 2850000: uvm_test_top.env.wr_agt.driver [ASYNC_FIFO_WR_DRV] WR Drive item: wr_en=0 wr_data=0x0
UVM_INFO ../tb/rd_agent/async_fifo_rd_monitor.sv(69) @ 2850001: uvm_test_top.env.rd_agt.monitor [ASYNC_FIFO_RD_MON] RD accepted item: rd_data=0x20
UVM_INFO ../tb/rd_agent/async_fifo_rd_driver.sv(38) @ 2860000: uvm_test_top.env.rd_agt.driver [ASYNC_FIFO_RD_DRV] RD Drive item: rd_en=1
UVM_INFO ../tb/wr_agent/async_fifo_wr_driver.sv(40) @ 2860000: uvm_test_top.env.wr_agt.driver [ASYNC_FIFO_WR_DRV] WR Drive item: wr_en=0 wr_data=0x0
UVM_INFO ../tb/wr_agent/async_fifo_wr_driver.sv(40) @ 2870000: uvm_test_top.env.wr_agt.driver [ASYNC_FIFO_WR_DRV] WR Drive item: wr_en=0 wr_data=0x0
UVM_INFO ../tb/rd_agent/async_fifo_rd_monitor.sv(69) @ 2870001: uvm_test_top.env.rd_agt.monitor [ASYNC_FIFO_RD_MON] RD accepted item: rd_data=0xd6
UVM_INFO ../tb/rd_agent/async_fifo_rd_driver.sv(38) @ 2880000: uvm_test_top.env.rd_agt.driver [ASYNC_FIFO_RD_DRV] RD Drive item: rd_en=1
UVM_INFO ../tb/wr_agent/async_fifo_wr_driver.sv(40) @ 2880000: uvm_test_top.env.wr_agt.driver [ASYNC_FIFO_WR_DRV] WR Drive item: wr_en=0 wr_data=0x0
UVM_INFO ../tb/wr_agent/async_fifo_wr_driver.sv(40) @ 2890000: uvm_test_top.env.wr_agt.driver [ASYNC_FIFO_WR_DRV] WR Drive item: wr_en=0 wr_data=0x0
UVM_INFO ../tb/rd_agent/async_fifo_rd_monitor.sv(69) @ 2890001: uvm_test_top.env.rd_agt.monitor [ASYNC_FIFO_RD_MON] RD accepted item: rd_data=0x6e
UVM_INFO ../tb/rd_agent/async_fifo_rd_driver.sv(38) @ 2900000: uvm_test_top.env.rd_agt.driver [ASYNC_FIFO_RD_DRV] RD Drive item: rd_en=1
UVM_INFO ../tb/wr_agent/async_fifo_wr_driver.sv(40) @ 2900000: uvm_test_top.env.wr_agt.driver [ASYNC_FIFO_WR_DRV] WR Drive item: wr_en=0 wr_data=0x0
UVM_INFO ../tb/wr_agent/async_fifo_wr_driver.sv(40) @ 2910000: uvm_test_top.env.wr_agt.driver [ASYNC_FIFO_WR_DRV] WR Drive item: wr_en=0 wr_data=0x0
UVM_INFO ../tb/rd_agent/async_fifo_rd_monitor.sv(69) @ 2910001: uvm_test_top.env.rd_agt.monitor [ASYNC_FIFO_RD_MON] RD accepted item: rd_data=0xeb
UVM_INFO ../tb/rd_agent/async_fifo_rd_driver.sv(38) @ 2920000: uvm_test_top.env.rd_agt.driver [ASYNC_FIFO_RD_DRV] RD Drive item: rd_en=1
UVM_INFO ../tb/wr_agent/async_fifo_wr_driver.sv(40) @ 2920000: uvm_test_top.env.wr_agt.driver [ASYNC_FIFO_WR_DRV] WR Drive item: wr_en=0 wr_data=0x0
UVM_INFO ../tb/wr_agent/async_fifo_wr_driver.sv(40) @ 2930000: uvm_test_top.env.wr_agt.driver [ASYNC_FIFO_WR_DRV] WR Drive item: wr_en=0 wr_data=0x0
UVM_INFO ../tb/rd_agent/async_fifo_rd_driver.sv(38) @ 2940000: uvm_test_top.env.rd_agt.driver [ASYNC_FIFO_RD_DRV] RD Drive item: rd_en=1
UVM_INFO ../tb/wr_agent/async_fifo_wr_driver.sv(40) @ 2940000: uvm_test_top.env.wr_agt.driver [ASYNC_FIFO_WR_DRV] WR Drive item: wr_en=0 wr_data=0x0
UVM_INFO ../tb/wr_agent/async_fifo_wr_driver.sv(40) @ 2950000: uvm_test_top.env.wr_agt.driver [ASYNC_FIFO_WR_DRV] WR Drive item: wr_en=0 wr_data=0x0
UVM_INFO ../tb/rd_agent/async_fifo_rd_driver.sv(38) @ 2960000: uvm_test_top.env.rd_agt.driver [ASYNC_FIFO_RD_DRV] RD Drive item: rd_en=1
UVM_INFO ../tb/wr_agent/async_fifo_wr_driver.sv(40) @ 2960000: uvm_test_top.env.wr_agt.driver [ASYNC_FIFO_WR_DRV] WR Drive item: wr_en=0 wr_data=0x0
UVM_INFO ../tb/wr_agent/async_fifo_wr_driver.sv(40) @ 2970000: uvm_test_top.env.wr_agt.driver [ASYNC_FIFO_WR_DRV] WR Drive item: wr_en=0 wr_data=0x0
UVM_INFO ../tb/rd_agent/async_fifo_rd_driver.sv(38) @ 2980000: uvm_test_top.env.rd_agt.driver [ASYNC_FIFO_RD_DRV] RD Drive item: rd_en=1
UVM_INFO ../tb/wr_agent/async_fifo_wr_driver.sv(40) @ 2980000: uvm_test_top.env.wr_agt.driver [ASYNC_FIFO_WR_DRV] WR Drive item: wr_en=0 wr_data=0x0
UVM_INFO ../tb/wr_agent/async_fifo_wr_driver.sv(40) @ 2990000: uvm_test_top.env.wr_agt.driver [ASYNC_FIFO_WR_DRV] WR Drive item: wr_en=0 wr_data=0x0
UVM_INFO ../tb/rd_agent/async_fifo_rd_driver.sv(38) @ 3000000: uvm_test_top.env.rd_agt.driver [ASYNC_FIFO_RD_DRV] RD Drive item: rd_en=1
UVM_INFO ../tb/wr_agent/async_fifo_wr_driver.sv(40) @ 3000000: uvm_test_top.env.wr_agt.driver [ASYNC_FIFO_WR_DRV] WR Drive item: wr_en=0 wr_data=0x0
UVM_INFO ../tb/wr_agent/async_fifo_wr_driver.sv(40) @ 3010000: uvm_test_top.env.wr_agt.driver [ASYNC_FIFO_WR_DRV] WR Drive item: wr_en=0 wr_data=0x0
UVM_INFO ../tb/rd_agent/async_fifo_rd_driver.sv(38) @ 3020000: uvm_test_top.env.rd_agt.driver [ASYNC_FIFO_RD_DRV] RD Drive item: rd_en=1
UVM_INFO ../tb/wr_agent/async_fifo_wr_driver.sv(40) @ 3020000: uvm_test_top.env.wr_agt.driver [ASYNC_FIFO_WR_DRV] WR Drive item: wr_en=0 wr_data=0x0
UVM_INFO ../tb/wr_agent/async_fifo_wr_driver.sv(40) @ 3030000: uvm_test_top.env.wr_agt.driver [ASYNC_FIFO_WR_DRV] WR Drive item: wr_en=0 wr_data=0x0
UVM_INFO ../tb/rd_agent/async_fifo_rd_driver.sv(38) @ 3040000: uvm_test_top.env.rd_agt.driver [ASYNC_FIFO_RD_DRV] RD Drive item: rd_en=1
UVM_INFO ../tb/wr_agent/async_fifo_wr_driver.sv(40) @ 3040000: uvm_test_top.env.wr_agt.driver [ASYNC_FIFO_WR_DRV] WR Drive item: wr_en=0 wr_data=0x0
UVM_INFO ../tb/wr_agent/async_fifo_wr_driver.sv(40) @ 3050000: uvm_test_top.env.wr_agt.driver [ASYNC_FIFO_WR_DRV] WR Drive item: wr_en=0 wr_data=0x0
UVM_INFO ../tb/rd_agent/async_fifo_rd_driver.sv(38) @ 3060000: uvm_test_top.env.rd_agt.driver [ASYNC_FIFO_RD_DRV] RD Drive item: rd_en=1
UVM_INFO ../tb/wr_agent/async_fifo_wr_driver.sv(40) @ 3060000: uvm_test_top.env.wr_agt.driver [ASYNC_FIFO_WR_DRV] WR Drive item: wr_en=0 wr_data=0x0
UVM_INFO ../tb/wr_agent/async_fifo_wr_driver.sv(40) @ 3070000: uvm_test_top.env.wr_agt.driver [ASYNC_FIFO_WR_DRV] WR Drive item: wr_en=0 wr_data=0x0
UVM_INFO ../tb/rd_agent/async_fifo_rd_driver.sv(38) @ 3080000: uvm_test_top.env.rd_agt.driver [ASYNC_FIFO_RD_DRV] RD Drive item: rd_en=1
UVM_INFO ../tb/wr_agent/async_fifo_wr_driver.sv(40) @ 3080000: uvm_test_top.env.wr_agt.driver [ASYNC_FIFO_WR_DRV] WR Drive item: wr_en=0 wr_data=0x0
UVM_INFO ../tb/wr_agent/async_fifo_wr_driver.sv(40) @ 3090000: uvm_test_top.env.wr_agt.driver [ASYNC_FIFO_WR_DRV] WR Drive item: wr_en=0 wr_data=0x0
UVM_INFO ../tb/rd_agent/async_fifo_rd_driver.sv(38) @ 3100000: uvm_test_top.env.rd_agt.driver [ASYNC_FIFO_RD_DRV] RD Drive item: rd_en=1
UVM_INFO ../tb/wr_agent/async_fifo_wr_driver.sv(40) @ 3100000: uvm_test_top.env.wr_agt.driver [ASYNC_FIFO_WR_DRV] WR Drive item: wr_en=0 wr_data=0x0
UVM_INFO ../tb/wr_agent/async_fifo_wr_driver.sv(40) @ 3110000: uvm_test_top.env.wr_agt.driver [ASYNC_FIFO_WR_DRV] WR Drive item: wr_en=0 wr_data=0x0
UVM_INFO ../tb/rd_agent/async_fifo_rd_driver.sv(38) @ 3120000: uvm_test_top.env.rd_agt.driver [ASYNC_FIFO_RD_DRV] RD Drive item: rd_en=1
UVM_INFO ../tb/wr_agent/async_fifo_wr_driver.sv(40) @ 3120000: uvm_test_top.env.wr_agt.driver [ASYNC_FIFO_WR_DRV] WR Drive item: wr_en=0 wr_data=0x0
UVM_INFO ../tb/wr_agent/async_fifo_wr_driver.sv(40) @ 3130000: uvm_test_top.env.wr_agt.driver [ASYNC_FIFO_WR_DRV] WR Drive item: wr_en=0 wr_data=0x0
UVM_INFO ../tb/rd_agent/async_fifo_rd_driver.sv(38) @ 3140000: uvm_test_top.env.rd_agt.driver [ASYNC_FIFO_RD_DRV] RD Drive item: rd_en=1
UVM_INFO ../tb/wr_agent/async_fifo_wr_driver.sv(40) @ 3140000: uvm_test_top.env.wr_agt.driver [ASYNC_FIFO_WR_DRV] WR Drive item: wr_en=0 wr_data=0x0
UVM_INFO ../tb/wr_agent/async_fifo_wr_driver.sv(40) @ 3150000: uvm_test_top.env.wr_agt.driver [ASYNC_FIFO_WR_DRV] WR Drive item: wr_en=1 wr_data=0x62
UVM_INFO ../tb/env/async_fifo_scoreboard.sv(49) @ 3155001: uvm_test_top.env.scb [ASYNC_FIFO_SCB] Model Push: 0x62 depth=1
UVM_INFO ../tb/rd_agent/async_fifo_rd_driver.sv(38) @ 3160000: uvm_test_top.env.rd_agt.driver [ASYNC_FIFO_RD_DRV] RD Drive item: rd_en=1
UVM_INFO ../tb/wr_agent/async_fifo_wr_driver.sv(40) @ 3160000: uvm_test_top.env.wr_agt.driver [ASYNC_FIFO_WR_DRV] WR Drive item: wr_en=1 wr_data=0x22
UVM_INFO ../tb/env/async_fifo_scoreboard.sv(49) @ 3165001: uvm_test_top.env.scb [ASYNC_FIFO_SCB] Model Push: 0x22 depth=2
UVM_INFO ../tb/wr_agent/async_fifo_wr_driver.sv(40) @ 3170000: uvm_test_top.env.wr_agt.driver [ASYNC_FIFO_WR_DRV] WR Drive item: wr_en=1 wr_data=0x1a
UVM_INFO ../tb/env/async_fifo_scoreboard.sv(49) @ 3175001: uvm_test_top.env.scb [ASYNC_FIFO_SCB] Model Push: 0x1a depth=3
UVM_INFO ../tb/rd_agent/async_fifo_rd_driver.sv(38) @ 3180000: uvm_test_top.env.rd_agt.driver [ASYNC_FIFO_RD_DRV] RD Drive item: rd_en=1
UVM_INFO ../tb/wr_agent/async_fifo_wr_driver.sv(40) @ 3180000: uvm_test_top.env.wr_agt.driver [ASYNC_FIFO_WR_DRV] WR Drive item: wr_en=1 wr_data=0x36
UVM_INFO ../tb/env/async_fifo_scoreboard.sv(49) @ 3185001: uvm_test_top.env.scb [ASYNC_FIFO_SCB] Model Push: 0x36 depth=4
UVM_INFO ../tb/wr_agent/async_fifo_wr_driver.sv(40) @ 3190000: uvm_test_top.env.wr_agt.driver [ASYNC_FIFO_WR_DRV] WR Drive item: wr_en=1 wr_data=0xa6
UVM_INFO ../tb/env/async_fifo_scoreboard.sv(49) @ 3195001: uvm_test_top.env.scb [ASYNC_FIFO_SCB] Model Push: 0xa6 depth=5
UVM_INFO ../tb/rd_agent/async_fifo_rd_driver.sv(38) @ 3200000: uvm_test_top.env.rd_agt.driver [ASYNC_FIFO_RD_DRV] RD Drive item: rd_en=1
UVM_INFO ../tb/wr_agent/async_fifo_wr_driver.sv(40) @ 3200000: uvm_test_top.env.wr_agt.driver [ASYNC_FIFO_WR_DRV] WR Drive item: wr_en=1 wr_data=0xe8
UVM_INFO ../tb/env/async_fifo_scoreboard.sv(49) @ 3205001: uvm_test_top.env.scb [ASYNC_FIFO_SCB] Model Push: 0xe8 depth=6
UVM_INFO ../tb/wr_agent/async_fifo_wr_driver.sv(40) @ 3210000: uvm_test_top.env.wr_agt.driver [ASYNC_FIFO_WR_DRV] WR Drive item: wr_en=1 wr_data=0xbb
UVM_INFO ../tb/env/async_fifo_scoreboard.sv(49) @ 3215001: uvm_test_top.env.scb [ASYNC_FIFO_SCB] Model Push: 0xbb depth=7
UVM_INFO ../tb/rd_agent/async_fifo_rd_driver.sv(38) @ 3220000: uvm_test_top.env.rd_agt.driver [ASYNC_FIFO_RD_DRV] RD Drive item: rd_en=0
UVM_INFO ../tb/wr_agent/async_fifo_wr_driver.sv(40) @ 3220000: uvm_test_top.env.wr_agt.driver [ASYNC_FIFO_WR_DRV] WR Drive item: wr_en=1 wr_data=0x36
UVM_INFO ../tb/env/async_fifo_scoreboard.sv(49) @ 3225001: uvm_test_top.env.scb [ASYNC_FIFO_SCB] Model Push: 0x36 depth=8
UVM_INFO ../tb/wr_agent/async_fifo_wr_driver.sv(40) @ 3230000: uvm_test_top.env.wr_agt.driver [ASYNC_FIFO_WR_DRV] WR Drive item: wr_en=1 wr_data=0xa6
UVM_INFO ../tb/env/async_fifo_scoreboard.sv(49) @ 3235001: uvm_test_top.env.scb [ASYNC_FIFO_SCB] Model Push: 0xa6 depth=9
UVM_INFO ../tb/rd_agent/async_fifo_rd_driver.sv(38) @ 3240000: uvm_test_top.env.rd_agt.driver [ASYNC_FIFO_RD_DRV] RD Drive item: rd_en=0
UVM_INFO ../tb/wr_agent/async_fifo_wr_driver.sv(40) @ 3240000: uvm_test_top.env.wr_agt.driver [ASYNC_FIFO_WR_DRV] WR Drive item: wr_en=1 wr_data=0x40
UVM_INFO ../tb/env/async_fifo_scoreboard.sv(49) @ 3245001: uvm_test_top.env.scb [ASYNC_FIFO_SCB] Model Push: 0x40 depth=10
UVM_INFO ../tb/wr_agent/async_fifo_wr_driver.sv(40) @ 3250000: uvm_test_top.env.wr_agt.driver [ASYNC_FIFO_WR_DRV] WR Drive item: wr_en=1 wr_data=0xc4
UVM_INFO ../tb/env/async_fifo_scoreboard.sv(49) @ 3255001: uvm_test_top.env.scb [ASYNC_FIFO_SCB] Model Push: 0xc4 depth=11
UVM_INFO ../tb/rd_agent/async_fifo_rd_driver.sv(38) @ 3260000: uvm_test_top.env.rd_agt.driver [ASYNC_FIFO_RD_DRV] RD Drive item: rd_en=0
UVM_INFO ../tb/wr_agent/async_fifo_wr_driver.sv(40) @ 3260000: uvm_test_top.env.wr_agt.driver [ASYNC_FIFO_WR_DRV] WR Drive item: wr_en=1 wr_data=0xa2
UVM_INFO ../tb/env/async_fifo_scoreboard.sv(49) @ 3265001: uvm_test_top.env.scb [ASYNC_FIFO_SCB] Model Push: 0xa2 depth=12
UVM_INFO ../tb/wr_agent/async_fifo_wr_driver.sv(40) @ 3270000: uvm_test_top.env.wr_agt.driver [ASYNC_FIFO_WR_DRV] WR Drive item: wr_en=1 wr_data=0x42
UVM_INFO ../tb/env/async_fifo_scoreboard.sv(49) @ 3275001: uvm_test_top.env.scb [ASYNC_FIFO_SCB] Model Push: 0x42 depth=13
UVM_INFO ../tb/rd_agent/async_fifo_rd_driver.sv(38) @ 3280000: uvm_test_top.env.rd_agt.driver [ASYNC_FIFO_RD_DRV] RD Drive item: rd_en=1
UVM_INFO ../tb/wr_agent/async_fifo_wr_driver.sv(40) @ 3280000: uvm_test_top.env.wr_agt.driver [ASYNC_FIFO_WR_DRV] WR Drive item: wr_en=1 wr_data=0xaf
UVM_INFO ../tb/env/async_fifo_scoreboard.sv(49) @ 3285001: uvm_test_top.env.scb [ASYNC_FIFO_SCB] Model Push: 0xaf depth=14
UVM_INFO ../tb/wr_agent/async_fifo_wr_driver.sv(40) @ 3290000: uvm_test_top.env.wr_agt.driver [ASYNC_FIFO_WR_DRV] WR Drive item: wr_en=1 wr_data=0x4a
UVM_INFO ../tb/rd_agent/async_fifo_rd_monitor.sv(69) @ 3290001: uvm_test_top.env.rd_agt.monitor [ASYNC_FIFO_RD_MON] RD accepted item: rd_data=0x62
UVM_INFO ../tb/env/async_fifo_scoreboard.sv(49) @ 3295001: uvm_test_top.env.scb [ASYNC_FIFO_SCB] Model Push: 0x4a depth=14
UVM_INFO ../tb/rd_agent/async_fifo_rd_driver.sv(38) @ 3300000: uvm_test_top.env.rd_agt.driver [ASYNC_FIFO_RD_DRV] RD Drive item: rd_en=1
UVM_INFO ../tb/wr_agent/async_fifo_wr_driver.sv(40) @ 3300000: uvm_test_top.env.wr_agt.driver [ASYNC_FIFO_WR_DRV] WR Drive item: wr_en=1 wr_data=0xf0
UVM_INFO ../tb/env/async_fifo_scoreboard.sv(49) @ 3305001: uvm_test_top.env.scb [ASYNC_FIFO_SCB] Model Push: 0xf0 depth=15
UVM_INFO ../tb/wr_agent/async_fifo_wr_driver.sv(40) @ 3310000: uvm_test_top.env.wr_agt.driver [ASYNC_FIFO_WR_DRV] WR Drive item: wr_en=1 wr_data=0xd8
UVM_INFO ../tb/rd_agent/async_fifo_rd_monitor.sv(69) @ 3310001: uvm_test_top.env.rd_agt.monitor [ASYNC_FIFO_RD_MON] RD accepted item: rd_data=0x22
UVM_INFO ../tb/env/async_fifo_scoreboard.sv(55) @ 3315001: uvm_test_top.env.scb [ASYNC_FIFO_SCB] Write ignored because write side was full before edge
UVM_INFO ../tb/rd_agent/async_fifo_rd_driver.sv(38) @ 3320000: uvm_test_top.env.rd_agt.driver [ASYNC_FIFO_RD_DRV] RD Drive item: rd_en=1
UVM_INFO ../tb/wr_agent/async_fifo_wr_driver.sv(40) @ 3320000: uvm_test_top.env.wr_agt.driver [ASYNC_FIFO_WR_DRV] WR Drive item: wr_en=1 wr_data=0x2d
UVM_INFO ../tb/env/async_fifo_scoreboard.sv(49) @ 3325001: uvm_test_top.env.scb [ASYNC_FIFO_SCB] Model Push: 0x2d depth=15
UVM_INFO ../tb/wr_agent/async_fifo_wr_driver.sv(40) @ 3330000: uvm_test_top.env.wr_agt.driver [ASYNC_FIFO_WR_DRV] WR Drive item: wr_en=1 wr_data=0xf5
UVM_INFO ../tb/rd_agent/async_fifo_rd_monitor.sv(69) @ 3330001: uvm_test_top.env.rd_agt.monitor [ASYNC_FIFO_RD_MON] RD accepted item: rd_data=0x1a
UVM_INFO ../tb/env/async_fifo_scoreboard.sv(55) @ 3335001: uvm_test_top.env.scb [ASYNC_FIFO_SCB] Write ignored because write side was full before edge
UVM_INFO ../tb/rd_agent/async_fifo_rd_driver.sv(38) @ 3340000: uvm_test_top.env.rd_agt.driver [ASYNC_FIFO_RD_DRV] RD Drive item: rd_en=1
UVM_INFO ../tb/wr_agent/async_fifo_wr_driver.sv(40) @ 3340000: uvm_test_top.env.wr_agt.driver [ASYNC_FIFO_WR_DRV] WR Drive item: wr_en=1 wr_data=0xc1
UVM_INFO ../tb/env/async_fifo_scoreboard.sv(49) @ 3345001: uvm_test_top.env.scb [ASYNC_FIFO_SCB] Model Push: 0xc1 depth=15
UVM_INFO ../tb/rd_agent/async_fifo_rd_monitor.sv(69) @ 3350001: uvm_test_top.env.rd_agt.monitor [ASYNC_FIFO_RD_MON] RD accepted item: rd_data=0x36
UVM_INFO ../tb/env/async_fifo_scoreboard.sv(55) @ 3355001: uvm_test_top.env.scb [ASYNC_FIFO_SCB] Write ignored because write side was full before edge
UVM_INFO ../tb/rd_agent/async_fifo_rd_driver.sv(38) @ 3360000: uvm_test_top.env.rd_agt.driver [ASYNC_FIFO_RD_DRV] RD Drive item: rd_en=1
UVM_INFO ../tb/env/async_fifo_scoreboard.sv(49) @ 3365001: uvm_test_top.env.scb [ASYNC_FIFO_SCB] Model Push: 0xc1 depth=15
UVM_INFO ../tb/rd_agent/async_fifo_rd_monitor.sv(69) @ 3370001: uvm_test_top.env.rd_agt.monitor [ASYNC_FIFO_RD_MON] RD accepted item: rd_data=0xa6
UVM_INFO ../tb/env/async_fifo_scoreboard.sv(55) @ 3375001: uvm_test_top.env.scb [ASYNC_FIFO_SCB] Write ignored because write side was full before edge
UVM_INFO ../tb/rd_agent/async_fifo_rd_driver.sv(38) @ 3380000: uvm_test_top.env.rd_agt.driver [ASYNC_FIFO_RD_DRV] RD Drive item: rd_en=0
UVM_INFO ../tb/env/async_fifo_scoreboard.sv(49) @ 3385001: uvm_test_top.env.scb [ASYNC_FIFO_SCB] Model Push: 0xc1 depth=15
UVM_INFO ../tb/env/async_fifo_scoreboard.sv(55) @ 3395001: uvm_test_top.env.scb [ASYNC_FIFO_SCB] Write ignored because write side was full before edge
UVM_INFO ../tb/rd_agent/async_fifo_rd_driver.sv(38) @ 3400000: uvm_test_top.env.rd_agt.driver [ASYNC_FIFO_RD_DRV] RD Drive item: rd_en=1
UVM_INFO ../tb/env/async_fifo_scoreboard.sv(49) @ 3405001: uvm_test_top.env.scb [ASYNC_FIFO_SCB] Model Push: 0xc1 depth=16
UVM_INFO ../tb/rd_agent/async_fifo_rd_monitor.sv(69) @ 3410001: uvm_test_top.env.rd_agt.monitor [ASYNC_FIFO_RD_MON] RD accepted item: rd_data=0xe8
UVM_INFO ../tb/env/async_fifo_scoreboard.sv(55) @ 3415001: uvm_test_top.env.scb [ASYNC_FIFO_SCB] Write ignored because write side was full before edge
UVM_INFO ../tb/rd_agent/async_fifo_rd_driver.sv(38) @ 3420000: uvm_test_top.env.rd_agt.driver [ASYNC_FIFO_RD_DRV] RD Drive item: rd_en=0
UVM_INFO ../tb/env/async_fifo_scoreboard.sv(55) @ 3425001: uvm_test_top.env.scb [ASYNC_FIFO_SCB] Write ignored because write side was full before edge
UVM_INFO ../tb/env/async_fifo_scoreboard.sv(55) @ 3435001: uvm_test_top.env.scb [ASYNC_FIFO_SCB] Write ignored because write side was full before edge
UVM_INFO ../tb/rd_agent/async_fifo_rd_driver.sv(38) @ 3440000: uvm_test_top.env.rd_agt.driver [ASYNC_FIFO_RD_DRV] RD Drive item: rd_en=0
UVM_INFO ../tb/env/async_fifo_scoreboard.sv(49) @ 3445001: uvm_test_top.env.scb [ASYNC_FIFO_SCB] Model Push: 0xc1 depth=16
UVM_INFO ../tb/env/async_fifo_scoreboard.sv(55) @ 3455001: uvm_test_top.env.scb [ASYNC_FIFO_SCB] Write ignored because write side was full before edge
UVM_INFO ../tb/rd_agent/async_fifo_rd_driver.sv(38) @ 3460000: uvm_test_top.env.rd_agt.driver [ASYNC_FIFO_RD_DRV] RD Drive item: rd_en=0
UVM_INFO ../tb/env/async_fifo_scoreboard.sv(55) @ 3465001: uvm_test_top.env.scb [ASYNC_FIFO_SCB] Write ignored because write side was full before edge
UVM_INFO ../tb/env/async_fifo_scoreboard.sv(55) @ 3475001: uvm_test_top.env.scb [ASYNC_FIFO_SCB] Write ignored because write side was full before edge
UVM_INFO ../tb/rd_agent/async_fifo_rd_driver.sv(38) @ 3480000: uvm_test_top.env.rd_agt.driver [ASYNC_FIFO_RD_DRV] RD Drive item: rd_en=1
UVM_INFO ../tb/env/async_fifo_scoreboard.sv(55) @ 3485001: uvm_test_top.env.scb [ASYNC_FIFO_SCB] Write ignored because write side was full before edge
UVM_INFO ../tb/rd_agent/async_fifo_rd_monitor.sv(69) @ 3490001: uvm_test_top.env.rd_agt.monitor [ASYNC_FIFO_RD_MON] RD accepted item: rd_data=0xbb
UVM_INFO ../tb/env/async_fifo_scoreboard.sv(55) @ 3495001: uvm_test_top.env.scb [ASYNC_FIFO_SCB] Write ignored because write side was full before edge
UVM_INFO ../tb/rd_agent/async_fifo_rd_driver.sv(38) @ 3500000: uvm_test_top.env.rd_agt.driver [ASYNC_FIFO_RD_DRV] RD Drive item: rd_en=0
UVM_INFO ../tb/env/async_fifo_scoreboard.sv(55) @ 3505001: uvm_test_top.env.scb [ASYNC_FIFO_SCB] Write ignored because write side was full before edge
UVM_INFO ../tb/env/async_fifo_scoreboard.sv(55) @ 3515001: uvm_test_top.env.scb [ASYNC_FIFO_SCB] Write ignored because write side was full before edge
UVM_INFO ../tb/rd_agent/async_fifo_rd_driver.sv(38) @ 3520000: uvm_test_top.env.rd_agt.driver [ASYNC_FIFO_RD_DRV] RD Drive item: rd_en=0
UVM_INFO ../tb/env/async_fifo_scoreboard.sv(49) @ 3525001: uvm_test_top.env.scb [ASYNC_FIFO_SCB] Model Push: 0xc1 depth=16
UVM_INFO ../tb/env/async_fifo_scoreboard.sv(55) @ 3535001: uvm_test_top.env.scb [ASYNC_FIFO_SCB] Write ignored because write side was full before edge
UVM_INFO ../tb/rd_agent/async_fifo_rd_driver.sv(38) @ 3540000: uvm_test_top.env.rd_agt.driver [ASYNC_FIFO_RD_DRV] RD Drive item: rd_en=0
UVM_INFO ../tb/env/async_fifo_scoreboard.sv(55) @ 3545001: uvm_test_top.env.scb [ASYNC_FIFO_SCB] Write ignored because write side was full before edge
UVM_INFO ../tb/env/async_fifo_scoreboard.sv(55) @ 3555001: uvm_test_top.env.scb [ASYNC_FIFO_SCB] Write ignored because write side was full before edge
UVM_INFO ../tb/rd_agent/async_fifo_rd_driver.sv(38) @ 3560000: uvm_test_top.env.rd_agt.driver [ASYNC_FIFO_RD_DRV] RD Drive item: rd_en=0
UVM_INFO ../tb/env/async_fifo_scoreboard.sv(55) @ 3565001: uvm_test_top.env.scb [ASYNC_FIFO_SCB] Write ignored because write side was full before edge
UVM_INFO ../tb/env/async_fifo_scoreboard.sv(55) @ 3575001: uvm_test_top.env.scb [ASYNC_FIFO_SCB] Write ignored because write side was full before edge
UVM_INFO ../tb/rd_agent/async_fifo_rd_driver.sv(38) @ 3580000: uvm_test_top.env.rd_agt.driver [ASYNC_FIFO_RD_DRV] RD Drive item: rd_en=1
UVM_INFO ../tb/env/async_fifo_scoreboard.sv(55) @ 3585001: uvm_test_top.env.scb [ASYNC_FIFO_SCB] Write ignored because write side was full before edge
UVM_INFO ../tb/rd_agent/async_fifo_rd_monitor.sv(69) @ 3590001: uvm_test_top.env.rd_agt.monitor [ASYNC_FIFO_RD_MON] RD accepted item: rd_data=0x36
UVM_INFO ../tb/env/async_fifo_scoreboard.sv(55) @ 3595001: uvm_test_top.env.scb [ASYNC_FIFO_SCB] Write ignored because write side was full before edge
UVM_INFO ../tb/rd_agent/async_fifo_rd_driver.sv(38) @ 3600000: uvm_test_top.env.rd_agt.driver [ASYNC_FIFO_RD_DRV] RD Drive item: rd_en=0
UVM_INFO ../tb/env/async_fifo_scoreboard.sv(55) @ 3605001: uvm_test_top.env.scb [ASYNC_FIFO_SCB] Write ignored because write side was full before edge
UVM_INFO ../tb/env/async_fifo_scoreboard.sv(55) @ 3615001: uvm_test_top.env.scb [ASYNC_FIFO_SCB] Write ignored because write side was full before edge
UVM_INFO ../tb/rd_agent/async_fifo_rd_driver.sv(38) @ 3620000: uvm_test_top.env.rd_agt.driver [ASYNC_FIFO_RD_DRV] RD Drive item: rd_en=1
UVM_INFO ../tb/env/async_fifo_scoreboard.sv(49) @ 3625001: uvm_test_top.env.scb [ASYNC_FIFO_SCB] Model Push: 0xc1 depth=16
UVM_INFO ../tb/rd_agent/async_fifo_rd_monitor.sv(69) @ 3630001: uvm_test_top.env.rd_agt.monitor [ASYNC_FIFO_RD_MON] RD accepted item: rd_data=0xa6
UVM_INFO ../tb/env/async_fifo_scoreboard.sv(55) @ 3635001: uvm_test_top.env.scb [ASYNC_FIFO_SCB] Write ignored because write side was full before edge
UVM_INFO ../tb/rd_agent/async_fifo_rd_driver.sv(38) @ 3640000: uvm_test_top.env.rd_agt.driver [ASYNC_FIFO_RD_DRV] RD Drive item: rd_en=0
UVM_INFO ../tb/env/async_fifo_scoreboard.sv(55) @ 3645001: uvm_test_top.env.scb [ASYNC_FIFO_SCB] Write ignored because write side was full before edge
UVM_INFO ../tb/env/async_fifo_scoreboard.sv(55) @ 3655001: uvm_test_top.env.scb [ASYNC_FIFO_SCB] Write ignored because write side was full before edge
UVM_INFO ../tb/rd_agent/async_fifo_rd_driver.sv(38) @ 3660000: uvm_test_top.env.rd_agt.driver [ASYNC_FIFO_RD_DRV] RD Drive item: rd_en=0
UVM_INFO ../tb/env/async_fifo_scoreboard.sv(49) @ 3665001: uvm_test_top.env.scb [ASYNC_FIFO_SCB] Model Push: 0xc1 depth=16
UVM_INFO ../tb/env/async_fifo_scoreboard.sv(55) @ 3675001: uvm_test_top.env.scb [ASYNC_FIFO_SCB] Write ignored because write side was full before edge
UVM_INFO ../tb/rd_agent/async_fifo_rd_driver.sv(38) @ 3680000: uvm_test_top.env.rd_agt.driver [ASYNC_FIFO_RD_DRV] RD Drive item: rd_en=1
UVM_INFO ../tb/env/async_fifo_scoreboard.sv(55) @ 3685001: uvm_test_top.env.scb [ASYNC_FIFO_SCB] Write ignored because write side was full before edge
UVM_INFO ../tb/rd_agent/async_fifo_rd_monitor.sv(69) @ 3690001: uvm_test_top.env.rd_agt.monitor [ASYNC_FIFO_RD_MON] RD accepted item: rd_data=0x40
UVM_INFO ../tb/env/async_fifo_scoreboard.sv(55) @ 3695001: uvm_test_top.env.scb [ASYNC_FIFO_SCB] Write ignored because write side was full before edge
UVM_INFO ../tb/rd_agent/async_fifo_rd_driver.sv(38) @ 3700000: uvm_test_top.env.rd_agt.driver [ASYNC_FIFO_RD_DRV] RD Drive item: rd_en=1
UVM_INFO ../tb/env/async_fifo_scoreboard.sv(55) @ 3705001: uvm_test_top.env.scb [ASYNC_FIFO_SCB] Write ignored because write side was full before edge
UVM_INFO ../tb/rd_agent/async_fifo_rd_monitor.sv(69) @ 3710001: uvm_test_top.env.rd_agt.monitor [ASYNC_FIFO_RD_MON] RD accepted item: rd_data=0xc4
UVM_INFO ../tb/env/async_fifo_scoreboard.sv(55) @ 3715001: uvm_test_top.env.scb [ASYNC_FIFO_SCB] Write ignored because write side was full before edge
UVM_INFO ../tb/rd_agent/async_fifo_rd_driver.sv(38) @ 3720000: uvm_test_top.env.rd_agt.driver [ASYNC_FIFO_RD_DRV] RD Drive item: rd_en=0
UVM_INFO ../tb/env/async_fifo_scoreboard.sv(49) @ 3725001: uvm_test_top.env.scb [ASYNC_FIFO_SCB] Model Push: 0xc1 depth=15
UVM_INFO ../tb/env/async_fifo_scoreboard.sv(55) @ 3735001: uvm_test_top.env.scb [ASYNC_FIFO_SCB] Write ignored because write side was full before edge
UVM_INFO ../tb/rd_agent/async_fifo_rd_driver.sv(38) @ 3740000: uvm_test_top.env.rd_agt.driver [ASYNC_FIFO_RD_DRV] RD Drive item: rd_en=1
UVM_INFO ../tb/env/async_fifo_scoreboard.sv(49) @ 3745001: uvm_test_top.env.scb [ASYNC_FIFO_SCB] Model Push: 0xc1 depth=16
UVM_INFO ../tb/rd_agent/async_fifo_rd_monitor.sv(69) @ 3750001: uvm_test_top.env.rd_agt.monitor [ASYNC_FIFO_RD_MON] RD accepted item: rd_data=0xa2
UVM_INFO ../tb/env/async_fifo_scoreboard.sv(55) @ 3755001: uvm_test_top.env.scb [ASYNC_FIFO_SCB] Write ignored because write side was full before edge
UVM_INFO ../tb/rd_agent/async_fifo_rd_driver.sv(38) @ 3760000: uvm_test_top.env.rd_agt.driver [ASYNC_FIFO_RD_DRV] RD Drive item: rd_en=0
UVM_INFO ../tb/env/async_fifo_scoreboard.sv(55) @ 3765001: uvm_test_top.env.scb [ASYNC_FIFO_SCB] Write ignored because write side was full before edge
UVM_INFO ../tb/env/async_fifo_scoreboard.sv(55) @ 3775001: uvm_test_top.env.scb [ASYNC_FIFO_SCB] Write ignored because write side was full before edge
UVM_INFO ../tb/rd_agent/async_fifo_rd_driver.sv(38) @ 3780000: uvm_test_top.env.rd_agt.driver [ASYNC_FIFO_RD_DRV] RD Drive item: rd_en=1
UVM_INFO ../tb/env/async_fifo_scoreboard.sv(49) @ 3785001: uvm_test_top.env.scb [ASYNC_FIFO_SCB] Model Push: 0xc1 depth=16
UVM_INFO ../tb/rd_agent/async_fifo_rd_monitor.sv(69) @ 3790001: uvm_test_top.env.rd_agt.monitor [ASYNC_FIFO_RD_MON] RD accepted item: rd_data=0x42
UVM_INFO ../tb/env/async_fifo_scoreboard.sv(55) @ 3795001: uvm_test_top.env.scb [ASYNC_FIFO_SCB] Write ignored because write side was full before edge
UVM_INFO ../tb/rd_agent/async_fifo_rd_driver.sv(38) @ 3800000: uvm_test_top.env.rd_agt.driver [ASYNC_FIFO_RD_DRV] RD Drive item: rd_en=0
UVM_INFO ../tb/env/async_fifo_scoreboard.sv(55) @ 3805001: uvm_test_top.env.scb [ASYNC_FIFO_SCB] Write ignored because write side was full before edge
UVM_INFO ../tb/env/async_fifo_scoreboard.sv(55) @ 3815001: uvm_test_top.env.scb [ASYNC_FIFO_SCB] Write ignored because write side was full before edge
UVM_INFO ../tb/rd_agent/async_fifo_rd_driver.sv(38) @ 3820000: uvm_test_top.env.rd_agt.driver [ASYNC_FIFO_RD_DRV] RD Drive item: rd_en=1
UVM_INFO ../tb/env/async_fifo_scoreboard.sv(49) @ 3825001: uvm_test_top.env.scb [ASYNC_FIFO_SCB] Model Push: 0xc1 depth=16
UVM_INFO ../tb/rd_agent/async_fifo_rd_monitor.sv(69) @ 3830001: uvm_test_top.env.rd_agt.monitor [ASYNC_FIFO_RD_MON] RD accepted item: rd_data=0xaf
UVM_INFO ../tb/env/async_fifo_scoreboard.sv(55) @ 3835001: uvm_test_top.env.scb [ASYNC_FIFO_SCB] Write ignored because write side was full before edge
UVM_INFO ../tb/rd_agent/async_fifo_rd_driver.sv(38) @ 3840000: uvm_test_top.env.rd_agt.driver [ASYNC_FIFO_RD_DRV] RD Drive item: rd_en=0
UVM_INFO ../tb/env/async_fifo_scoreboard.sv(55) @ 3845001: uvm_test_top.env.scb [ASYNC_FIFO_SCB] Write ignored because write side was full before edge
UVM_INFO ../tb/env/async_fifo_scoreboard.sv(55) @ 3855001: uvm_test_top.env.scb [ASYNC_FIFO_SCB] Write ignored because write side was full before edge
UVM_INFO ../tb/rd_agent/async_fifo_rd_driver.sv(38) @ 3860000: uvm_test_top.env.rd_agt.driver [ASYNC_FIFO_RD_DRV] RD Drive item: rd_en=0
UVM_INFO ../tb/env/async_fifo_scoreboard.sv(49) @ 3865001: uvm_test_top.env.scb [ASYNC_FIFO_SCB] Model Push: 0xc1 depth=16
UVM_INFO ../tb/env/async_fifo_scoreboard.sv(55) @ 3875001: uvm_test_top.env.scb [ASYNC_FIFO_SCB] Write ignored because write side was full before edge
UVM_INFO ../tb/rd_agent/async_fifo_rd_driver.sv(38) @ 3880000: uvm_test_top.env.rd_agt.driver [ASYNC_FIFO_RD_DRV] RD Drive item: rd_en=0
UVM_INFO ../tb/env/async_fifo_scoreboard.sv(55) @ 3885001: uvm_test_top.env.scb [ASYNC_FIFO_SCB] Write ignored because write side was full before edge
UVM_INFO ../tb/env/async_fifo_scoreboard.sv(55) @ 3895001: uvm_test_top.env.scb [ASYNC_FIFO_SCB] Write ignored because write side was full before edge
UVM_INFO ../tb/rd_agent/async_fifo_rd_driver.sv(38) @ 3900000: uvm_test_top.env.rd_agt.driver [ASYNC_FIFO_RD_DRV] RD Drive item: rd_en=0
UVM_INFO ../tb/env/async_fifo_scoreboard.sv(55) @ 3905001: uvm_test_top.env.scb [ASYNC_FIFO_SCB] Write ignored because write side was full before edge
UVM_INFO ../tb/env/async_fifo_scoreboard.sv(55) @ 3915001: uvm_test_top.env.scb [ASYNC_FIFO_SCB] Write ignored because write side was full before edge
UVM_INFO ../tb/rd_agent/async_fifo_rd_driver.sv(38) @ 3920000: uvm_test_top.env.rd_agt.driver [ASYNC_FIFO_RD_DRV] RD Drive item: rd_en=1
UVM_INFO ../tb/env/async_fifo_scoreboard.sv(55) @ 3925001: uvm_test_top.env.scb [ASYNC_FIFO_SCB] Write ignored because write side was full before edge
UVM_INFO ../tb/rd_agent/async_fifo_rd_monitor.sv(69) @ 3930001: uvm_test_top.env.rd_agt.monitor [ASYNC_FIFO_RD_MON] RD accepted item: rd_data=0x4a
UVM_INFO ../tb/env/async_fifo_scoreboard.sv(55) @ 3935001: uvm_test_top.env.scb [ASYNC_FIFO_SCB] Write ignored because write side was full before edge
UVM_INFO ../tb/rd_agent/async_fifo_rd_driver.sv(38) @ 3940000: uvm_test_top.env.rd_agt.driver [ASYNC_FIFO_RD_DRV] RD Drive item: rd_en=1
UVM_INFO ../tb/env/async_fifo_scoreboard.sv(55) @ 3945001: uvm_test_top.env.scb [ASYNC_FIFO_SCB] Write ignored because write side was full before edge
UVM_INFO ../tb/rd_agent/async_fifo_rd_monitor.sv(69) @ 3950001: uvm_test_top.env.rd_agt.monitor [ASYNC_FIFO_RD_MON] RD accepted item: rd_data=0xf0
UVM_INFO ../tb/env/async_fifo_scoreboard.sv(55) @ 3955001: uvm_test_top.env.scb [ASYNC_FIFO_SCB] Write ignored because write side was full before edge
UVM_INFO ../tb/rd_agent/async_fifo_rd_driver.sv(38) @ 3960000: uvm_test_top.env.rd_agt.driver [ASYNC_FIFO_RD_DRV] RD Drive item: rd_en=1
UVM_INFO ../tb/env/async_fifo_scoreboard.sv(49) @ 3965001: uvm_test_top.env.scb [ASYNC_FIFO_SCB] Model Push: 0xc1 depth=15
UVM_INFO ../tb/rd_agent/async_fifo_rd_monitor.sv(69) @ 3970001: uvm_test_top.env.rd_agt.monitor [ASYNC_FIFO_RD_MON] RD accepted item: rd_data=0x2d
UVM_INFO ../tb/env/async_fifo_scoreboard.sv(55) @ 3975001: uvm_test_top.env.scb [ASYNC_FIFO_SCB] Write ignored because write side was full before edge
UVM_INFO ../tb/rd_agent/async_fifo_rd_driver.sv(38) @ 3980000: uvm_test_top.env.rd_agt.driver [ASYNC_FIFO_RD_DRV] RD Drive item: rd_en=0
UVM_INFO ../tb/env/async_fifo_scoreboard.sv(49) @ 3985001: uvm_test_top.env.scb [ASYNC_FIFO_SCB] Model Push: 0xc1 depth=15
UVM_INFO ../tb/env/async_fifo_scoreboard.sv(55) @ 3995001: uvm_test_top.env.scb [ASYNC_FIFO_SCB] Write ignored because write side was full before edge
UVM_INFO ../tb/rd_agent/async_fifo_rd_driver.sv(38) @ 4000000: uvm_test_top.env.rd_agt.driver [ASYNC_FIFO_RD_DRV] RD Drive item: rd_en=0
UVM_INFO ../tb/env/async_fifo_scoreboard.sv(49) @ 4005001: uvm_test_top.env.scb [ASYNC_FIFO_SCB] Model Push: 0xc1 depth=16
UVM_INFO ../tb/env/async_fifo_scoreboard.sv(55) @ 4015001: uvm_test_top.env.scb [ASYNC_FIFO_SCB] Write ignored because write side was full before edge
UVM_INFO ../tb/rd_agent/async_fifo_rd_driver.sv(38) @ 4020000: uvm_test_top.env.rd_agt.driver [ASYNC_FIFO_RD_DRV] RD Drive item: rd_en=0
UVM_INFO ../tb/env/async_fifo_scoreboard.sv(55) @ 4025001: uvm_test_top.env.scb [ASYNC_FIFO_SCB] Write ignored because write side was full before edge
UVM_INFO ../tb/env/async_fifo_scoreboard.sv(55) @ 4035001: uvm_test_top.env.scb [ASYNC_FIFO_SCB] Write ignored because write side was full before edge
UVM_INFO ../tb/rd_agent/async_fifo_rd_driver.sv(38) @ 4040000: uvm_test_top.env.rd_agt.driver [ASYNC_FIFO_RD_DRV] RD Drive item: rd_en=1
UVM_INFO ../tb/env/async_fifo_scoreboard.sv(55) @ 4045001: uvm_test_top.env.scb [ASYNC_FIFO_SCB] Write ignored because write side was full before edge
UVM_INFO ../tb/rd_agent/async_fifo_rd_monitor.sv(69) @ 4050001: uvm_test_top.env.rd_agt.monitor [ASYNC_FIFO_RD_MON] RD accepted item: rd_data=0xc1
UVM_INFO ../tb/env/async_fifo_scoreboard.sv(55) @ 4055001: uvm_test_top.env.scb [ASYNC_FIFO_SCB] Write ignored because write side was full before edge
UVM_INFO ../tb/rd_agent/async_fifo_rd_driver.sv(38) @ 4060000: uvm_test_top.env.rd_agt.driver [ASYNC_FIFO_RD_DRV] RD Drive item: rd_en=1
UVM_INFO ../tb/env/async_fifo_scoreboard.sv(55) @ 4065001: uvm_test_top.env.scb [ASYNC_FIFO_SCB] Write ignored because write side was full before edge
UVM_INFO ../tb/rd_agent/async_fifo_rd_monitor.sv(69) @ 4070001: uvm_test_top.env.rd_agt.monitor [ASYNC_FIFO_RD_MON] RD accepted item: rd_data=0xc1
UVM_INFO ../tb/env/async_fifo_scoreboard.sv(55) @ 4075001: uvm_test_top.env.scb [ASYNC_FIFO_SCB] Write ignored because write side was full before edge
UVM_INFO ../tb/rd_agent/async_fifo_rd_driver.sv(38) @ 4080000: uvm_test_top.env.rd_agt.driver [ASYNC_FIFO_RD_DRV] RD Drive item: rd_en=1
UVM_INFO ../tb/env/async_fifo_scoreboard.sv(49) @ 4085001: uvm_test_top.env.scb [ASYNC_FIFO_SCB] Model Push: 0xc1 depth=15
UVM_INFO ../tb/rd_agent/async_fifo_rd_monitor.sv(69) @ 4090001: uvm_test_top.env.rd_agt.monitor [ASYNC_FIFO_RD_MON] RD accepted item: rd_data=0xc1
UVM_INFO ../tb/env/async_fifo_scoreboard.sv(55) @ 4095001: uvm_test_top.env.scb [ASYNC_FIFO_SCB] Write ignored because write side was full before edge
UVM_INFO ../tb/rd_agent/async_fifo_rd_driver.sv(38) @ 4100000: uvm_test_top.env.rd_agt.driver [ASYNC_FIFO_RD_DRV] RD Drive item: rd_en=0
UVM_INFO ../tb/env/async_fifo_scoreboard.sv(49) @ 4105001: uvm_test_top.env.scb [ASYNC_FIFO_SCB] Model Push: 0xc1 depth=15
UVM_INFO ../tb/env/async_fifo_scoreboard.sv(55) @ 4115001: uvm_test_top.env.scb [ASYNC_FIFO_SCB] Write ignored because write side was full before edge
UVM_INFO ../tb/rd_agent/async_fifo_rd_driver.sv(38) @ 4120000: uvm_test_top.env.rd_agt.driver [ASYNC_FIFO_RD_DRV] RD Drive item: rd_en=0
UVM_INFO ../tb/env/async_fifo_scoreboard.sv(49) @ 4125001: uvm_test_top.env.scb [ASYNC_FIFO_SCB] Model Push: 0xc1 depth=16
UVM_INFO ../tb/env/async_fifo_scoreboard.sv(55) @ 4135001: uvm_test_top.env.scb [ASYNC_FIFO_SCB] Write ignored because write side was full before edge
UVM_INFO ../tb/rd_agent/async_fifo_rd_driver.sv(38) @ 4140000: uvm_test_top.env.rd_agt.driver [ASYNC_FIFO_RD_DRV] RD Drive item: rd_en=0
UVM_INFO ../tb/env/async_fifo_scoreboard.sv(55) @ 4145001: uvm_test_top.env.scb [ASYNC_FIFO_SCB] Write ignored because write side was full before edge
UVM_INFO ../tb/env/async_fifo_scoreboard.sv(55) @ 4155001: uvm_test_top.env.scb [ASYNC_FIFO_SCB] Write ignored because write side was full before edge
UVM_INFO ../tb/rd_agent/async_fifo_rd_driver.sv(38) @ 4160000: uvm_test_top.env.rd_agt.driver [ASYNC_FIFO_RD_DRV] RD Drive item: rd_en=0
UVM_INFO ../tb/env/async_fifo_scoreboard.sv(55) @ 4165001: uvm_test_top.env.scb [ASYNC_FIFO_SCB] Write ignored because write side was full before edge
UVM_INFO ../tb/env/async_fifo_scoreboard.sv(55) @ 4175001: uvm_test_top.env.scb [ASYNC_FIFO_SCB] Write ignored because write side was full before edge
UVM_INFO ../tb/rd_agent/async_fifo_rd_driver.sv(38) @ 4180000: uvm_test_top.env.rd_agt.driver [ASYNC_FIFO_RD_DRV] RD Drive item: rd_en=0
UVM_INFO ../tb/env/async_fifo_scoreboard.sv(55) @ 4185001: uvm_test_top.env.scb [ASYNC_FIFO_SCB] Write ignored because write side was full before edge
UVM_INFO ../tb/env/async_fifo_scoreboard.sv(55) @ 4195001: uvm_test_top.env.scb [ASYNC_FIFO_SCB] Write ignored because write side was full before edge
UVM_INFO ../tb/rd_agent/async_fifo_rd_driver.sv(38) @ 4200000: uvm_test_top.env.rd_agt.driver [ASYNC_FIFO_RD_DRV] RD Drive item: rd_en=0
UVM_INFO ../tb/env/async_fifo_scoreboard.sv(55) @ 4205001: uvm_test_top.env.scb [ASYNC_FIFO_SCB] Write ignored because write side was full before edge
UVM_INFO ../tb/env/async_fifo_scoreboard.sv(55) @ 4215001: uvm_test_top.env.scb [ASYNC_FIFO_SCB] Write ignored because write side was full before edge
UVM_INFO ../tb/rd_agent/async_fifo_rd_driver.sv(38) @ 4220000: uvm_test_top.env.rd_agt.driver [ASYNC_FIFO_RD_DRV] RD Drive item: rd_en=0
UVM_INFO ../tb/env/async_fifo_scoreboard.sv(55) @ 4225001: uvm_test_top.env.scb [ASYNC_FIFO_SCB] Write ignored because write side was full before edge
UVM_INFO ../tb/env/async_fifo_scoreboard.sv(55) @ 4235001: uvm_test_top.env.scb [ASYNC_FIFO_SCB] Write ignored because write side was full before edge
UVM_INFO ../tb/rd_agent/async_fifo_rd_driver.sv(38) @ 4240000: uvm_test_top.env.rd_agt.driver [ASYNC_FIFO_RD_DRV] RD Drive item: rd_en=1
UVM_INFO ../tb/env/async_fifo_scoreboard.sv(55) @ 4245001: uvm_test_top.env.scb [ASYNC_FIFO_SCB] Write ignored because write side was full before edge
UVM_INFO ../tb/rd_agent/async_fifo_rd_monitor.sv(69) @ 4250001: uvm_test_top.env.rd_agt.monitor [ASYNC_FIFO_RD_MON] RD accepted item: rd_data=0xc1
UVM_INFO ../tb/env/async_fifo_scoreboard.sv(55) @ 4255001: uvm_test_top.env.scb [ASYNC_FIFO_SCB] Write ignored because write side was full before edge
UVM_INFO ../tb/rd_agent/async_fifo_rd_driver.sv(38) @ 4260000: uvm_test_top.env.rd_agt.driver [ASYNC_FIFO_RD_DRV] RD Drive item: rd_en=0
UVM_INFO ../tb/env/async_fifo_scoreboard.sv(55) @ 4265001: uvm_test_top.env.scb [ASYNC_FIFO_SCB] Write ignored because write side was full before edge
UVM_INFO ../tb/env/async_fifo_scoreboard.sv(55) @ 4275001: uvm_test_top.env.scb [ASYNC_FIFO_SCB] Write ignored because write side was full before edge
UVM_INFO ../tb/rd_agent/async_fifo_rd_driver.sv(38) @ 4280000: uvm_test_top.env.rd_agt.driver [ASYNC_FIFO_RD_DRV] RD Drive item: rd_en=0
UVM_INFO ../tb/env/async_fifo_scoreboard.sv(49) @ 4285001: uvm_test_top.env.scb [ASYNC_FIFO_SCB] Model Push: 0xc1 depth=16
UVM_INFO ../tb/env/async_fifo_scoreboard.sv(55) @ 4295001: uvm_test_top.env.scb [ASYNC_FIFO_SCB] Write ignored because write side was full before edge
UVM_INFO ../tb/rd_agent/async_fifo_rd_driver.sv(38) @ 4300000: uvm_test_top.env.rd_agt.driver [ASYNC_FIFO_RD_DRV] RD Drive item: rd_en=0
UVM_INFO ../tb/env/async_fifo_scoreboard.sv(55) @ 4305001: uvm_test_top.env.scb [ASYNC_FIFO_SCB] Write ignored because write side was full before edge
UVM_INFO ../tb/env/async_fifo_scoreboard.sv(55) @ 4315001: uvm_test_top.env.scb [ASYNC_FIFO_SCB] Write ignored because write side was full before edge
UVM_INFO ../tb/rd_agent/async_fifo_rd_driver.sv(38) @ 4320000: uvm_test_top.env.rd_agt.driver [ASYNC_FIFO_RD_DRV] RD Drive item: rd_en=1
UVM_INFO ../tb/env/async_fifo_scoreboard.sv(55) @ 4325001: uvm_test_top.env.scb [ASYNC_FIFO_SCB] Write ignored because write side was full before edge
UVM_INFO ../tb/rd_agent/async_fifo_rd_monitor.sv(69) @ 4330001: uvm_test_top.env.rd_agt.monitor [ASYNC_FIFO_RD_MON] RD accepted item: rd_data=0xc1
UVM_INFO ../tb/env/async_fifo_scoreboard.sv(55) @ 4335001: uvm_test_top.env.scb [ASYNC_FIFO_SCB] Write ignored because write side was full before edge
UVM_INFO ../tb/rd_agent/async_fifo_rd_driver.sv(38) @ 4340000: uvm_test_top.env.rd_agt.driver [ASYNC_FIFO_RD_DRV] RD Drive item: rd_en=1
UVM_INFO ../tb/env/async_fifo_scoreboard.sv(55) @ 4345001: uvm_test_top.env.scb [ASYNC_FIFO_SCB] Write ignored because write side was full before edge
UVM_INFO ../tb/rd_agent/async_fifo_rd_monitor.sv(69) @ 4350001: uvm_test_top.env.rd_agt.monitor [ASYNC_FIFO_RD_MON] RD accepted item: rd_data=0xc1
UVM_INFO ../tb/env/async_fifo_scoreboard.sv(55) @ 4355001: uvm_test_top.env.scb [ASYNC_FIFO_SCB] Write ignored because write side was full before edge
UVM_INFO ../tb/rd_agent/async_fifo_rd_driver.sv(38) @ 4360000: uvm_test_top.env.rd_agt.driver [ASYNC_FIFO_RD_DRV] RD Drive item: rd_en=1
UVM_INFO ../tb/env/async_fifo_scoreboard.sv(49) @ 4365001: uvm_test_top.env.scb [ASYNC_FIFO_SCB] Model Push: 0xc1 depth=15
UVM_INFO ../tb/rd_agent/async_fifo_rd_monitor.sv(69) @ 4370001: uvm_test_top.env.rd_agt.monitor [ASYNC_FIFO_RD_MON] RD accepted item: rd_data=0xc1
UVM_INFO ../tb/env/async_fifo_scoreboard.sv(55) @ 4375001: uvm_test_top.env.scb [ASYNC_FIFO_SCB] Write ignored because write side was full before edge
UVM_INFO ../tb/rd_agent/async_fifo_rd_driver.sv(38) @ 4380000: uvm_test_top.env.rd_agt.driver [ASYNC_FIFO_RD_DRV] RD Drive item: rd_en=0
UVM_INFO ../tb/env/async_fifo_scoreboard.sv(49) @ 4385001: uvm_test_top.env.scb [ASYNC_FIFO_SCB] Model Push: 0xc1 depth=15
UVM_INFO ../tb/env/async_fifo_scoreboard.sv(55) @ 4395001: uvm_test_top.env.scb [ASYNC_FIFO_SCB] Write ignored because write side was full before edge
UVM_INFO ../tb/rd_agent/async_fifo_rd_driver.sv(38) @ 4400000: uvm_test_top.env.rd_agt.driver [ASYNC_FIFO_RD_DRV] RD Drive item: rd_en=0
UVM_INFO ../tb/env/async_fifo_scoreboard.sv(49) @ 4405001: uvm_test_top.env.scb [ASYNC_FIFO_SCB] Model Push: 0xc1 depth=16
UVM_INFO ../tb/env/async_fifo_scoreboard.sv(55) @ 4415001: uvm_test_top.env.scb [ASYNC_FIFO_SCB] Write ignored because write side was full before edge
UVM_INFO ../tb/rd_agent/async_fifo_rd_driver.sv(38) @ 4420000: uvm_test_top.env.rd_agt.driver [ASYNC_FIFO_RD_DRV] RD Drive item: rd_en=1
UVM_INFO ../tb/env/async_fifo_scoreboard.sv(55) @ 4425001: uvm_test_top.env.scb [ASYNC_FIFO_SCB] Write ignored because write side was full before edge
UVM_INFO ../tb/rd_agent/async_fifo_rd_monitor.sv(69) @ 4430001: uvm_test_top.env.rd_agt.monitor [ASYNC_FIFO_RD_MON] RD accepted item: rd_data=0xc1
UVM_INFO ../tb/env/async_fifo_scoreboard.sv(55) @ 4435001: uvm_test_top.env.scb [ASYNC_FIFO_SCB] Write ignored because write side was full before edge
UVM_INFO ../tb/rd_agent/async_fifo_rd_driver.sv(38) @ 4440000: uvm_test_top.env.rd_agt.driver [ASYNC_FIFO_RD_DRV] RD Drive item: rd_en=1
UVM_INFO ../tb/env/async_fifo_scoreboard.sv(55) @ 4445001: uvm_test_top.env.scb [ASYNC_FIFO_SCB] Write ignored because write side was full before edge
UVM_INFO ../tb/rd_agent/async_fifo_rd_monitor.sv(69) @ 4450001: uvm_test_top.env.rd_agt.monitor [ASYNC_FIFO_RD_MON] RD accepted item: rd_data=0xc1
UVM_INFO ../tb/env/async_fifo_scoreboard.sv(55) @ 4455001: uvm_test_top.env.scb [ASYNC_FIFO_SCB] Write ignored because write side was full before edge
UVM_INFO ../tb/rd_agent/async_fifo_rd_driver.sv(38) @ 4460000: uvm_test_top.env.rd_agt.driver [ASYNC_FIFO_RD_DRV] RD Drive item: rd_en=0
UVM_INFO ../tb/env/async_fifo_scoreboard.sv(49) @ 4465001: uvm_test_top.env.scb [ASYNC_FIFO_SCB] Model Push: 0xc1 depth=15
UVM_INFO ../tb/env/async_fifo_scoreboard.sv(55) @ 4475001: uvm_test_top.env.scb [ASYNC_FIFO_SCB] Write ignored because write side was full before edge
UVM_INFO ../tb/rd_agent/async_fifo_rd_driver.sv(38) @ 4480000: uvm_test_top.env.rd_agt.driver [ASYNC_FIFO_RD_DRV] RD Drive item: rd_en=1
UVM_INFO ../tb/env/async_fifo_scoreboard.sv(49) @ 4485001: uvm_test_top.env.scb [ASYNC_FIFO_SCB] Model Push: 0xc1 depth=16
UVM_INFO ../tb/rd_agent/async_fifo_rd_monitor.sv(69) @ 4490001: uvm_test_top.env.rd_agt.monitor [ASYNC_FIFO_RD_MON] RD accepted item: rd_data=0xc1
UVM_INFO ../tb/env/async_fifo_scoreboard.sv(55) @ 4495001: uvm_test_top.env.scb [ASYNC_FIFO_SCB] Write ignored because write side was full before edge
UVM_INFO ../tb/rd_agent/async_fifo_rd_driver.sv(38) @ 4500000: uvm_test_top.env.rd_agt.driver [ASYNC_FIFO_RD_DRV] RD Drive item: rd_en=1
UVM_INFO ../tb/env/async_fifo_scoreboard.sv(55) @ 4505001: uvm_test_top.env.scb [ASYNC_FIFO_SCB] Write ignored because write side was full before edge
UVM_INFO ../tb/rd_agent/async_fifo_rd_monitor.sv(69) @ 4510001: uvm_test_top.env.rd_agt.monitor [ASYNC_FIFO_RD_MON] RD accepted item: rd_data=0xc1
UVM_INFO ../tb/env/async_fifo_scoreboard.sv(55) @ 4515001: uvm_test_top.env.scb [ASYNC_FIFO_SCB] Write ignored because write side was full before edge
UVM_INFO ../tb/rd_agent/async_fifo_rd_driver.sv(38) @ 4520000: uvm_test_top.env.rd_agt.driver [ASYNC_FIFO_RD_DRV] RD Drive item: rd_en=0
UVM_INFO ../tb/env/async_fifo_scoreboard.sv(49) @ 4525001: uvm_test_top.env.scb [ASYNC_FIFO_SCB] Model Push: 0xc1 depth=15
UVM_INFO ../tb/env/async_fifo_scoreboard.sv(55) @ 4535001: uvm_test_top.env.scb [ASYNC_FIFO_SCB] Write ignored because write side was full before edge
UVM_INFO ../tb/rd_agent/async_fifo_rd_driver.sv(38) @ 4540000: uvm_test_top.env.rd_agt.driver [ASYNC_FIFO_RD_DRV] RD Drive item: rd_en=0
UVM_INFO ../tb/env/async_fifo_scoreboard.sv(49) @ 4545001: uvm_test_top.env.scb [ASYNC_FIFO_SCB] Model Push: 0xc1 depth=16
UVM_INFO ../tb/env/async_fifo_scoreboard.sv(55) @ 4555001: uvm_test_top.env.scb [ASYNC_FIFO_SCB] Write ignored because write side was full before edge
UVM_INFO ../tb/rd_agent/async_fifo_rd_driver.sv(38) @ 4560000: uvm_test_top.env.rd_agt.driver [ASYNC_FIFO_RD_DRV] RD Drive item: rd_en=0
UVM_INFO ../tb/env/async_fifo_scoreboard.sv(55) @ 4565001: uvm_test_top.env.scb [ASYNC_FIFO_SCB] Write ignored because write side was full before edge
UVM_INFO ../tb/env/async_fifo_scoreboard.sv(55) @ 4575001: uvm_test_top.env.scb [ASYNC_FIFO_SCB] Write ignored because write side was full before edge
UVM_INFO ../tb/rd_agent/async_fifo_rd_driver.sv(38) @ 4580000: uvm_test_top.env.rd_agt.driver [ASYNC_FIFO_RD_DRV] RD Drive item: rd_en=0
UVM_INFO ../tb/env/async_fifo_scoreboard.sv(55) @ 4585001: uvm_test_top.env.scb [ASYNC_FIFO_SCB] Write ignored because write side was full before edge
UVM_INFO ../tb/env/async_fifo_scoreboard.sv(55) @ 4595001: uvm_test_top.env.scb [ASYNC_FIFO_SCB] Write ignored because write side was full before edge
UVM_INFO ../tb/rd_agent/async_fifo_rd_driver.sv(38) @ 4600000: uvm_test_top.env.rd_agt.driver [ASYNC_FIFO_RD_DRV] RD Drive item: rd_en=1
UVM_INFO ../tb/env/async_fifo_scoreboard.sv(55) @ 4605001: uvm_test_top.env.scb [ASYNC_FIFO_SCB] Write ignored because write side was full before edge
UVM_INFO ../tb/rd_agent/async_fifo_rd_monitor.sv(69) @ 4610001: uvm_test_top.env.rd_agt.monitor [ASYNC_FIFO_RD_MON] RD accepted item: rd_data=0xc1
UVM_INFO ../tb/env/async_fifo_scoreboard.sv(55) @ 4615001: uvm_test_top.env.scb [ASYNC_FIFO_SCB] Write ignored because write side was full before edge
UVM_INFO ../tb/rd_agent/async_fifo_rd_driver.sv(38) @ 4620000: uvm_test_top.env.rd_agt.driver [ASYNC_FIFO_RD_DRV] RD Drive item: rd_en=1
UVM_INFO ../tb/env/async_fifo_scoreboard.sv(55) @ 4625001: uvm_test_top.env.scb [ASYNC_FIFO_SCB] Write ignored because write side was full before edge
UVM_INFO ../tb/rd_agent/async_fifo_rd_monitor.sv(69) @ 4630001: uvm_test_top.env.rd_agt.monitor [ASYNC_FIFO_RD_MON] RD accepted item: rd_data=0xc1
UVM_INFO ../tb/env/async_fifo_scoreboard.sv(55) @ 4635001: uvm_test_top.env.scb [ASYNC_FIFO_SCB] Write ignored because write side was full before edge
UVM_INFO ../tb/rd_agent/async_fifo_rd_driver.sv(38) @ 4640000: uvm_test_top.env.rd_agt.driver [ASYNC_FIFO_RD_DRV] RD Drive item: rd_en=1
UVM_INFO ../tb/env/async_fifo_scoreboard.sv(49) @ 4645001: uvm_test_top.env.scb [ASYNC_FIFO_SCB] Model Push: 0xc1 depth=15
UVM_INFO ../tb/rd_agent/async_fifo_rd_monitor.sv(69) @ 4650001: uvm_test_top.env.rd_agt.monitor [ASYNC_FIFO_RD_MON] RD accepted item: rd_data=0xc1
UVM_INFO ../tb/env/async_fifo_scoreboard.sv(55) @ 4655001: uvm_test_top.env.scb [ASYNC_FIFO_SCB] Write ignored because write side was full before edge
UVM_INFO ../tb/rd_agent/async_fifo_rd_driver.sv(38) @ 4660000: uvm_test_top.env.rd_agt.driver [ASYNC_FIFO_RD_DRV] RD Drive item: rd_en=1
UVM_INFO ../tb/env/async_fifo_scoreboard.sv(49) @ 4665001: uvm_test_top.env.scb [ASYNC_FIFO_SCB] Model Push: 0xc1 depth=15
UVM_INFO ../tb/rd_agent/async_fifo_rd_monitor.sv(69) @ 4670001: uvm_test_top.env.rd_agt.monitor [ASYNC_FIFO_RD_MON] RD accepted item: rd_data=0xc1
UVM_INFO ../tb/env/async_fifo_scoreboard.sv(55) @ 4675001: uvm_test_top.env.scb [ASYNC_FIFO_SCB] Write ignored because write side was full before edge
UVM_INFO ../tb/rd_agent/async_fifo_rd_driver.sv(38) @ 4680000: uvm_test_top.env.rd_agt.driver [ASYNC_FIFO_RD_DRV] RD Drive item: rd_en=1
UVM_INFO ../tb/env/async_fifo_scoreboard.sv(49) @ 4685001: uvm_test_top.env.scb [ASYNC_FIFO_SCB] Model Push: 0xc1 depth=15
UVM_INFO ../tb/rd_agent/async_fifo_rd_monitor.sv(69) @ 4690001: uvm_test_top.env.rd_agt.monitor [ASYNC_FIFO_RD_MON] RD accepted item: rd_data=0xc1
UVM_INFO ../tb/env/async_fifo_scoreboard.sv(55) @ 4695001: uvm_test_top.env.scb [ASYNC_FIFO_SCB] Write ignored because write side was full before edge
UVM_INFO ../tb/rd_agent/async_fifo_rd_driver.sv(38) @ 4700000: uvm_test_top.env.rd_agt.driver [ASYNC_FIFO_RD_DRV] RD Drive item: rd_en=1
UVM_INFO ../tb/env/async_fifo_scoreboard.sv(49) @ 4705001: uvm_test_top.env.scb [ASYNC_FIFO_SCB] Model Push: 0xc1 depth=15
UVM_INFO ../tb/rd_agent/async_fifo_rd_monitor.sv(69) @ 4710001: uvm_test_top.env.rd_agt.monitor [ASYNC_FIFO_RD_MON] RD accepted item: rd_data=0xc1
UVM_INFO ../tb/env/async_fifo_scoreboard.sv(55) @ 4715001: uvm_test_top.env.scb [ASYNC_FIFO_SCB] Write ignored because write side was full before edge
UVM_INFO ../tb/rd_agent/async_fifo_rd_driver.sv(38) @ 4720000: uvm_test_top.env.rd_agt.driver [ASYNC_FIFO_RD_DRV] RD Drive item: rd_en=1
UVM_INFO ../tb/env/async_fifo_scoreboard.sv(49) @ 4725001: uvm_test_top.env.scb [ASYNC_FIFO_SCB] Model Push: 0xc1 depth=15
UVM_INFO ../tb/rd_agent/async_fifo_rd_monitor.sv(69) @ 4730001: uvm_test_top.env.rd_agt.monitor [ASYNC_FIFO_RD_MON] RD accepted item: rd_data=0xc1
UVM_INFO ../tb/env/async_fifo_scoreboard.sv(55) @ 4735001: uvm_test_top.env.scb [ASYNC_FIFO_SCB] Write ignored because write side was full before edge
UVM_INFO ../tb/rd_agent/async_fifo_rd_driver.sv(38) @ 4740000: uvm_test_top.env.rd_agt.driver [ASYNC_FIFO_RD_DRV] RD Drive item: rd_en=1
UVM_INFO ../tb/env/async_fifo_scoreboard.sv(49) @ 4745001: uvm_test_top.env.scb [ASYNC_FIFO_SCB] Model Push: 0xc1 depth=15
UVM_INFO ../tb/rd_agent/async_fifo_rd_monitor.sv(69) @ 4750001: uvm_test_top.env.rd_agt.monitor [ASYNC_FIFO_RD_MON] RD accepted item: rd_data=0xc1
UVM_INFO ../tb/env/async_fifo_scoreboard.sv(55) @ 4755001: uvm_test_top.env.scb [ASYNC_FIFO_SCB] Write ignored because write side was full before edge
UVM_INFO ../tb/rd_agent/async_fifo_rd_driver.sv(38) @ 4760000: uvm_test_top.env.rd_agt.driver [ASYNC_FIFO_RD_DRV] RD Drive item: rd_en=1
UVM_INFO ../tb/env/async_fifo_scoreboard.sv(49) @ 4765001: uvm_test_top.env.scb [ASYNC_FIFO_SCB] Model Push: 0xc1 depth=15
UVM_INFO ../tb/rd_agent/async_fifo_rd_monitor.sv(69) @ 4770001: uvm_test_top.env.rd_agt.monitor [ASYNC_FIFO_RD_MON] RD accepted item: rd_data=0xc1
UVM_INFO ../tb/env/async_fifo_scoreboard.sv(55) @ 4775001: uvm_test_top.env.scb [ASYNC_FIFO_SCB] Write ignored because write side was full before edge
UVM_INFO ../tb/rd_agent/async_fifo_rd_driver.sv(38) @ 4780000: uvm_test_top.env.rd_agt.driver [ASYNC_FIFO_RD_DRV] RD Drive item: rd_en=0
UVM_INFO ../tb/env/async_fifo_scoreboard.sv(49) @ 4785001: uvm_test_top.env.scb [ASYNC_FIFO_SCB] Model Push: 0xc1 depth=15
UVM_INFO ../tb/env/async_fifo_scoreboard.sv(55) @ 4795001: uvm_test_top.env.scb [ASYNC_FIFO_SCB] Write ignored because write side was full before edge
UVM_INFO ../tb/rd_agent/async_fifo_rd_driver.sv(38) @ 4800000: uvm_test_top.env.rd_agt.driver [ASYNC_FIFO_RD_DRV] RD Drive item: rd_en=1
UVM_INFO ../tb/env/async_fifo_scoreboard.sv(49) @ 4805001: uvm_test_top.env.scb [ASYNC_FIFO_SCB] Model Push: 0xc1 depth=16
UVM_INFO ../tb/rd_agent/async_fifo_rd_monitor.sv(69) @ 4810001: uvm_test_top.env.rd_agt.monitor [ASYNC_FIFO_RD_MON] RD accepted item: rd_data=0xc1
UVM_INFO ../tb/env/async_fifo_scoreboard.sv(55) @ 4815001: uvm_test_top.env.scb [ASYNC_FIFO_SCB] Write ignored because write side was full before edge
UVM_INFO ../tb/rd_agent/async_fifo_rd_driver.sv(38) @ 4820000: uvm_test_top.env.rd_agt.driver [ASYNC_FIFO_RD_DRV] RD Drive item: rd_en=0
UVM_INFO ../tb/env/async_fifo_scoreboard.sv(55) @ 4825001: uvm_test_top.env.scb [ASYNC_FIFO_SCB] Write ignored because write side was full before edge
UVM_INFO ../tb/env/async_fifo_scoreboard.sv(55) @ 4835001: uvm_test_top.env.scb [ASYNC_FIFO_SCB] Write ignored because write side was full before edge
UVM_INFO ../tb/rd_agent/async_fifo_rd_driver.sv(38) @ 4840000: uvm_test_top.env.rd_agt.driver [ASYNC_FIFO_RD_DRV] RD Drive item: rd_en=1
UVM_INFO ../tb/env/async_fifo_scoreboard.sv(49) @ 4845001: uvm_test_top.env.scb [ASYNC_FIFO_SCB] Model Push: 0xc1 depth=16
UVM_INFO ../tb/rd_agent/async_fifo_rd_monitor.sv(69) @ 4850001: uvm_test_top.env.rd_agt.monitor [ASYNC_FIFO_RD_MON] RD accepted item: rd_data=0xc1
UVM_INFO ../tb/env/async_fifo_scoreboard.sv(55) @ 4855001: uvm_test_top.env.scb [ASYNC_FIFO_SCB] Write ignored because write side was full before edge
UVM_INFO ../tb/rd_agent/async_fifo_rd_driver.sv(38) @ 4860000: uvm_test_top.env.rd_agt.driver [ASYNC_FIFO_RD_DRV] RD Drive item: rd_en=1
UVM_INFO ../tb/env/async_fifo_scoreboard.sv(55) @ 4865001: uvm_test_top.env.scb [ASYNC_FIFO_SCB] Write ignored because write side was full before edge
UVM_INFO ../tb/rd_agent/async_fifo_rd_monitor.sv(69) @ 4870001: uvm_test_top.env.rd_agt.monitor [ASYNC_FIFO_RD_MON] RD accepted item: rd_data=0xc1
UVM_INFO ../tb/env/async_fifo_scoreboard.sv(55) @ 4875001: uvm_test_top.env.scb [ASYNC_FIFO_SCB] Write ignored because write side was full before edge
UVM_INFO ../tb/rd_agent/async_fifo_rd_driver.sv(38) @ 4880000: uvm_test_top.env.rd_agt.driver [ASYNC_FIFO_RD_DRV] RD Drive item: rd_en=0
UVM_INFO ../tb/env/async_fifo_scoreboard.sv(49) @ 4885001: uvm_test_top.env.scb [ASYNC_FIFO_SCB] Model Push: 0xc1 depth=15
UVM_INFO ../tb/env/async_fifo_scoreboard.sv(55) @ 4895001: uvm_test_top.env.scb [ASYNC_FIFO_SCB] Write ignored because write side was full before edge
UVM_INFO ../tb/rd_agent/async_fifo_rd_driver.sv(38) @ 4900000: uvm_test_top.env.rd_agt.driver [ASYNC_FIFO_RD_DRV] RD Drive item: rd_en=1
UVM_INFO ../tb/env/async_fifo_scoreboard.sv(49) @ 4905001: uvm_test_top.env.scb [ASYNC_FIFO_SCB] Model Push: 0xc1 depth=16
UVM_INFO ../tb/rd_agent/async_fifo_rd_monitor.sv(69) @ 4910001: uvm_test_top.env.rd_agt.monitor [ASYNC_FIFO_RD_MON] RD accepted item: rd_data=0xc1
UVM_INFO ../tb/env/async_fifo_scoreboard.sv(55) @ 4915001: uvm_test_top.env.scb [ASYNC_FIFO_SCB] Write ignored because write side was full before edge
UVM_INFO ../tb/rd_agent/async_fifo_rd_driver.sv(38) @ 4920000: uvm_test_top.env.rd_agt.driver [ASYNC_FIFO_RD_DRV] RD Drive item: rd_en=0
UVM_INFO ../tb/env/async_fifo_scoreboard.sv(55) @ 4925001: uvm_test_top.env.scb [ASYNC_FIFO_SCB] Write ignored because write side was full before edge
UVM_INFO ../tb/env/async_fifo_scoreboard.sv(55) @ 4935001: uvm_test_top.env.scb [ASYNC_FIFO_SCB] Write ignored because write side was full before edge
UVM_INFO ../tb/rd_agent/async_fifo_rd_driver.sv(38) @ 4940000: uvm_test_top.env.rd_agt.driver [ASYNC_FIFO_RD_DRV] RD Drive item: rd_en=0
UVM_INFO ../tb/env/async_fifo_scoreboard.sv(49) @ 4945001: uvm_test_top.env.scb [ASYNC_FIFO_SCB] Model Push: 0xc1 depth=16
UVM_INFO ../tb/env/async_fifo_scoreboard.sv(55) @ 4955001: uvm_test_top.env.scb [ASYNC_FIFO_SCB] Write ignored because write side was full before edge
UVM_INFO ../tb/rd_agent/async_fifo_rd_driver.sv(38) @ 4960000: uvm_test_top.env.rd_agt.driver [ASYNC_FIFO_RD_DRV] RD Drive item: rd_en=1
UVM_INFO ../tb/env/async_fifo_scoreboard.sv(55) @ 4965001: uvm_test_top.env.scb [ASYNC_FIFO_SCB] Write ignored because write side was full before edge
UVM_INFO ../tb/rd_agent/async_fifo_rd_monitor.sv(69) @ 4970001: uvm_test_top.env.rd_agt.monitor [ASYNC_FIFO_RD_MON] RD accepted item: rd_data=0xc1
UVM_INFO ../tb/env/async_fifo_scoreboard.sv(55) @ 4975001: uvm_test_top.env.scb [ASYNC_FIFO_SCB] Write ignored because write side was full before edge
UVM_INFO ../tb/rd_agent/async_fifo_rd_driver.sv(38) @ 4980000: uvm_test_top.env.rd_agt.driver [ASYNC_FIFO_RD_DRV] RD Drive item: rd_en=0
UVM_INFO ../tb/env/async_fifo_scoreboard.sv(55) @ 4985001: uvm_test_top.env.scb [ASYNC_FIFO_SCB] Write ignored because write side was full before edge
UVM_INFO ../tb/env/async_fifo_scoreboard.sv(55) @ 4995001: uvm_test_top.env.scb [ASYNC_FIFO_SCB] Write ignored because write side was full before edge
UVM_INFO ../tb/rd_agent/async_fifo_rd_driver.sv(38) @ 5000000: uvm_test_top.env.rd_agt.driver [ASYNC_FIFO_RD_DRV] RD Drive item: rd_en=0
UVM_INFO ../tb/env/async_fifo_scoreboard.sv(49) @ 5005001: uvm_test_top.env.scb [ASYNC_FIFO_SCB] Model Push: 0xc1 depth=16
UVM_INFO ../tb/env/async_fifo_scoreboard.sv(55) @ 5015001: uvm_test_top.env.scb [ASYNC_FIFO_SCB] Write ignored because write side was full before edge
UVM_INFO ../tb/rd_agent/async_fifo_rd_driver.sv(38) @ 5020000: uvm_test_top.env.rd_agt.driver [ASYNC_FIFO_RD_DRV] RD Drive item: rd_en=0
UVM_INFO ../tb/env/async_fifo_scoreboard.sv(55) @ 5025001: uvm_test_top.env.scb [ASYNC_FIFO_SCB] Write ignored because write side was full before edge
UVM_INFO ../tb/env/async_fifo_scoreboard.sv(55) @ 5035001: uvm_test_top.env.scb [ASYNC_FIFO_SCB] Write ignored because write side was full before edge
UVM_INFO ../tb/rd_agent/async_fifo_rd_driver.sv(38) @ 5040000: uvm_test_top.env.rd_agt.driver [ASYNC_FIFO_RD_DRV] RD Drive item: rd_en=1
UVM_INFO ../tb/env/async_fifo_scoreboard.sv(55) @ 5045001: uvm_test_top.env.scb [ASYNC_FIFO_SCB] Write ignored because write side was full before edge
UVM_INFO ../tb/rd_agent/async_fifo_rd_monitor.sv(69) @ 5050001: uvm_test_top.env.rd_agt.monitor [ASYNC_FIFO_RD_MON] RD accepted item: rd_data=0xc1
UVM_INFO ../tb/env/async_fifo_scoreboard.sv(55) @ 5055001: uvm_test_top.env.scb [ASYNC_FIFO_SCB] Write ignored because write side was full before edge
UVM_INFO ../tb/rd_agent/async_fifo_rd_driver.sv(38) @ 5060000: uvm_test_top.env.rd_agt.driver [ASYNC_FIFO_RD_DRV] RD Drive item: rd_en=0
UVM_INFO ../tb/env/async_fifo_scoreboard.sv(55) @ 5065001: uvm_test_top.env.scb [ASYNC_FIFO_SCB] Write ignored because write side was full before edge
UVM_INFO ../tb/env/async_fifo_scoreboard.sv(55) @ 5075001: uvm_test_top.env.scb [ASYNC_FIFO_SCB] Write ignored because write side was full before edge
UVM_INFO ../tb/rd_agent/async_fifo_rd_driver.sv(38) @ 5080000: uvm_test_top.env.rd_agt.driver [ASYNC_FIFO_RD_DRV] RD Drive item: rd_en=0
UVM_INFO ../tb/env/async_fifo_scoreboard.sv(49) @ 5085001: uvm_test_top.env.scb [ASYNC_FIFO_SCB] Model Push: 0xc1 depth=16
UVM_INFO ../tb/env/async_fifo_scoreboard.sv(55) @ 5095001: uvm_test_top.env.scb [ASYNC_FIFO_SCB] Write ignored because write side was full before edge
UVM_INFO ../tb/rd_agent/async_fifo_rd_driver.sv(38) @ 5100000: uvm_test_top.env.rd_agt.driver [ASYNC_FIFO_RD_DRV] RD Drive item: rd_en=1
UVM_INFO ../tb/env/async_fifo_scoreboard.sv(55) @ 5105001: uvm_test_top.env.scb [ASYNC_FIFO_SCB] Write ignored because write side was full before edge
UVM_INFO ../tb/rd_agent/async_fifo_rd_monitor.sv(69) @ 5110001: uvm_test_top.env.rd_agt.monitor [ASYNC_FIFO_RD_MON] RD accepted item: rd_data=0xc1
UVM_INFO ../tb/env/async_fifo_scoreboard.sv(55) @ 5115001: uvm_test_top.env.scb [ASYNC_FIFO_SCB] Write ignored because write side was full before edge
UVM_INFO ../tb/rd_agent/async_fifo_rd_driver.sv(38) @ 5120000: uvm_test_top.env.rd_agt.driver [ASYNC_FIFO_RD_DRV] RD Drive item: rd_en=1
UVM_INFO ../tb/env/async_fifo_scoreboard.sv(55) @ 5125001: uvm_test_top.env.scb [ASYNC_FIFO_SCB] Write ignored because write side was full before edge
UVM_INFO ../tb/rd_agent/async_fifo_rd_monitor.sv(69) @ 5130001: uvm_test_top.env.rd_agt.monitor [ASYNC_FIFO_RD_MON] RD accepted item: rd_data=0xc1
UVM_INFO ../tb/env/async_fifo_scoreboard.sv(55) @ 5135001: uvm_test_top.env.scb [ASYNC_FIFO_SCB] Write ignored because write side was full before edge
UVM_INFO ../tb/rd_agent/async_fifo_rd_driver.sv(38) @ 5140000: uvm_test_top.env.rd_agt.driver [ASYNC_FIFO_RD_DRV] RD Drive item: rd_en=1
UVM_INFO ../tb/env/async_fifo_scoreboard.sv(49) @ 5145001: uvm_test_top.env.scb [ASYNC_FIFO_SCB] Model Push: 0xc1 depth=15
UVM_INFO ../tb/rd_agent/async_fifo_rd_monitor.sv(69) @ 5150001: uvm_test_top.env.rd_agt.monitor [ASYNC_FIFO_RD_MON] RD accepted item: rd_data=0xc1
UVM_INFO ../tb/env/async_fifo_scoreboard.sv(55) @ 5155001: uvm_test_top.env.scb [ASYNC_FIFO_SCB] Write ignored because write side was full before edge
UVM_INFO ../tb/rd_agent/async_fifo_rd_driver.sv(38) @ 5160000: uvm_test_top.env.rd_agt.driver [ASYNC_FIFO_RD_DRV] RD Drive item: rd_en=0
UVM_INFO ../tb/env/async_fifo_scoreboard.sv(49) @ 5165001: uvm_test_top.env.scb [ASYNC_FIFO_SCB] Model Push: 0xc1 depth=15
UVM_INFO ../tb/env/async_fifo_scoreboard.sv(55) @ 5175001: uvm_test_top.env.scb [ASYNC_FIFO_SCB] Write ignored because write side was full before edge
UVM_INFO ../tb/rd_agent/async_fifo_rd_driver.sv(38) @ 5180000: uvm_test_top.env.rd_agt.driver [ASYNC_FIFO_RD_DRV] RD Drive item: rd_en=0
UVM_INFO ../tb/env/async_fifo_scoreboard.sv(49) @ 5185001: uvm_test_top.env.scb [ASYNC_FIFO_SCB] Model Push: 0xc1 depth=16
UVM_INFO ../tb/env/async_fifo_scoreboard.sv(55) @ 5195001: uvm_test_top.env.scb [ASYNC_FIFO_SCB] Write ignored because write side was full before edge
UVM_INFO ../tb/rd_agent/async_fifo_rd_driver.sv(38) @ 5200000: uvm_test_top.env.rd_agt.driver [ASYNC_FIFO_RD_DRV] RD Drive item: rd_en=1
UVM_INFO ../tb/env/async_fifo_scoreboard.sv(55) @ 5205001: uvm_test_top.env.scb [ASYNC_FIFO_SCB] Write ignored because write side was full before edge
UVM_INFO ../tb/rd_agent/async_fifo_rd_monitor.sv(69) @ 5210001: uvm_test_top.env.rd_agt.monitor [ASYNC_FIFO_RD_MON] RD accepted item: rd_data=0xc1
UVM_INFO ../tb/env/async_fifo_scoreboard.sv(55) @ 5215001: uvm_test_top.env.scb [ASYNC_FIFO_SCB] Write ignored because write side was full before edge
UVM_INFO ../tb/rd_agent/async_fifo_rd_driver.sv(38) @ 5220000: uvm_test_top.env.rd_agt.driver [ASYNC_FIFO_RD_DRV] RD Drive item: rd_en=1
UVM_INFO ../tb/env/async_fifo_scoreboard.sv(55) @ 5225001: uvm_test_top.env.scb [ASYNC_FIFO_SCB] Write ignored because write side was full before edge
UVM_INFO ../tb/rd_agent/async_fifo_rd_monitor.sv(69) @ 5230001: uvm_test_top.env.rd_agt.monitor [ASYNC_FIFO_RD_MON] RD accepted item: rd_data=0xc1
UVM_INFO ../tb/env/async_fifo_scoreboard.sv(55) @ 5235001: uvm_test_top.env.scb [ASYNC_FIFO_SCB] Write ignored because write side was full before edge
UVM_INFO ../tb/rd_agent/async_fifo_rd_driver.sv(38) @ 5240000: uvm_test_top.env.rd_agt.driver [ASYNC_FIFO_RD_DRV] RD Drive item: rd_en=1
UVM_INFO ../tb/env/async_fifo_scoreboard.sv(49) @ 5245001: uvm_test_top.env.scb [ASYNC_FIFO_SCB] Model Push: 0xc1 depth=15
UVM_INFO ../tb/rd_agent/async_fifo_rd_monitor.sv(69) @ 5250001: uvm_test_top.env.rd_agt.monitor [ASYNC_FIFO_RD_MON] RD accepted item: rd_data=0xc1
UVM_INFO ../tb/env/async_fifo_scoreboard.sv(55) @ 5255001: uvm_test_top.env.scb [ASYNC_FIFO_SCB] Write ignored because write side was full before edge
UVM_INFO ../tb/rd_agent/async_fifo_rd_driver.sv(38) @ 5260000: uvm_test_top.env.rd_agt.driver [ASYNC_FIFO_RD_DRV] RD Drive item: rd_en=1
UVM_INFO ../tb/env/async_fifo_scoreboard.sv(49) @ 5265001: uvm_test_top.env.scb [ASYNC_FIFO_SCB] Model Push: 0xc1 depth=15
UVM_INFO ../tb/rd_agent/async_fifo_rd_monitor.sv(69) @ 5270001: uvm_test_top.env.rd_agt.monitor [ASYNC_FIFO_RD_MON] RD accepted item: rd_data=0xc1
UVM_INFO ../tb/env/async_fifo_scoreboard.sv(55) @ 5275001: uvm_test_top.env.scb [ASYNC_FIFO_SCB] Write ignored because write side was full before edge
UVM_INFO ../tb/rd_agent/async_fifo_rd_driver.sv(38) @ 5280000: uvm_test_top.env.rd_agt.driver [ASYNC_FIFO_RD_DRV] RD Drive item: rd_en=1
UVM_INFO ../tb/env/async_fifo_scoreboard.sv(49) @ 5285001: uvm_test_top.env.scb [ASYNC_FIFO_SCB] Model Push: 0xc1 depth=15
UVM_INFO ../tb/rd_agent/async_fifo_rd_monitor.sv(69) @ 5290001: uvm_test_top.env.rd_agt.monitor [ASYNC_FIFO_RD_MON] RD accepted item: rd_data=0xc1
UVM_INFO ../tb/env/async_fifo_scoreboard.sv(55) @ 5295001: uvm_test_top.env.scb [ASYNC_FIFO_SCB] Write ignored because write side was full before edge
UVM_INFO ../tb/rd_agent/async_fifo_rd_driver.sv(38) @ 5300000: uvm_test_top.env.rd_agt.driver [ASYNC_FIFO_RD_DRV] RD Drive item: rd_en=1
UVM_INFO ../tb/env/async_fifo_scoreboard.sv(49) @ 5305001: uvm_test_top.env.scb [ASYNC_FIFO_SCB] Model Push: 0xc1 depth=15
UVM_INFO ../tb/rd_agent/async_fifo_rd_monitor.sv(69) @ 5310001: uvm_test_top.env.rd_agt.monitor [ASYNC_FIFO_RD_MON] RD accepted item: rd_data=0xc1
UVM_INFO ../tb/env/async_fifo_scoreboard.sv(55) @ 5315001: uvm_test_top.env.scb [ASYNC_FIFO_SCB] Write ignored because write side was full before edge
UVM_INFO ../tb/rd_agent/async_fifo_rd_driver.sv(38) @ 5320000: uvm_test_top.env.rd_agt.driver [ASYNC_FIFO_RD_DRV] RD Drive item: rd_en=1
UVM_INFO ../tb/env/async_fifo_scoreboard.sv(49) @ 5325001: uvm_test_top.env.scb [ASYNC_FIFO_SCB] Model Push: 0xc1 depth=15
UVM_INFO ../tb/rd_agent/async_fifo_rd_monitor.sv(69) @ 5330001: uvm_test_top.env.rd_agt.monitor [ASYNC_FIFO_RD_MON] RD accepted item: rd_data=0xc1
UVM_INFO ../tb/env/async_fifo_scoreboard.sv(55) @ 5335001: uvm_test_top.env.scb [ASYNC_FIFO_SCB] Write ignored because write side was full before edge
UVM_INFO ../tb/rd_agent/async_fifo_rd_driver.sv(38) @ 5340000: uvm_test_top.env.rd_agt.driver [ASYNC_FIFO_RD_DRV] RD Drive item: rd_en=1
UVM_INFO ../tb/env/async_fifo_scoreboard.sv(49) @ 5345001: uvm_test_top.env.scb [ASYNC_FIFO_SCB] Model Push: 0xc1 depth=15
UVM_INFO ../tb/rd_agent/async_fifo_rd_monitor.sv(69) @ 5350001: uvm_test_top.env.rd_agt.monitor [ASYNC_FIFO_RD_MON] RD accepted item: rd_data=0xc1
UVM_INFO ../tb/env/async_fifo_scoreboard.sv(55) @ 5355001: uvm_test_top.env.scb [ASYNC_FIFO_SCB] Write ignored because write side was full before edge
UVM_INFO ../tb/rd_agent/async_fifo_rd_driver.sv(38) @ 5360000: uvm_test_top.env.rd_agt.driver [ASYNC_FIFO_RD_DRV] RD Drive item: rd_en=1
UVM_INFO ../tb/env/async_fifo_scoreboard.sv(49) @ 5365001: uvm_test_top.env.scb [ASYNC_FIFO_SCB] Model Push: 0xc1 depth=15
UVM_INFO ../tb/rd_agent/async_fifo_rd_monitor.sv(69) @ 5370001: uvm_test_top.env.rd_agt.monitor [ASYNC_FIFO_RD_MON] RD accepted item: rd_data=0xc1
UVM_INFO ../tb/env/async_fifo_scoreboard.sv(55) @ 5375001: uvm_test_top.env.scb [ASYNC_FIFO_SCB] Write ignored because write side was full before edge
UVM_INFO ../tb/rd_agent/async_fifo_rd_driver.sv(38) @ 5380000: uvm_test_top.env.rd_agt.driver [ASYNC_FIFO_RD_DRV] RD Drive item: rd_en=1
UVM_INFO ../tb/env/async_fifo_scoreboard.sv(49) @ 5385001: uvm_test_top.env.scb [ASYNC_FIFO_SCB] Model Push: 0xc1 depth=15
UVM_INFO ../tb/rd_agent/async_fifo_rd_monitor.sv(69) @ 5390001: uvm_test_top.env.rd_agt.monitor [ASYNC_FIFO_RD_MON] RD accepted item: rd_data=0xc1
UVM_INFO ../tb/env/async_fifo_scoreboard.sv(55) @ 5395001: uvm_test_top.env.scb [ASYNC_FIFO_SCB] Write ignored because write side was full before edge
UVM_INFO ../tb/rd_agent/async_fifo_rd_driver.sv(38) @ 5400000: uvm_test_top.env.rd_agt.driver [ASYNC_FIFO_RD_DRV] RD Drive item: rd_en=1
UVM_INFO ../tb/env/async_fifo_scoreboard.sv(49) @ 5405001: uvm_test_top.env.scb [ASYNC_FIFO_SCB] Model Push: 0xc1 depth=15
UVM_INFO ../tb/rd_agent/async_fifo_rd_monitor.sv(69) @ 5410001: uvm_test_top.env.rd_agt.monitor [ASYNC_FIFO_RD_MON] RD accepted item: rd_data=0xc1
UVM_INFO ../tb/env/async_fifo_scoreboard.sv(55) @ 5415001: uvm_test_top.env.scb [ASYNC_FIFO_SCB] Write ignored because write side was full before edge
UVM_INFO ../tb/rd_agent/async_fifo_rd_driver.sv(38) @ 5420000: uvm_test_top.env.rd_agt.driver [ASYNC_FIFO_RD_DRV] RD Drive item: rd_en=1
UVM_INFO ../tb/env/async_fifo_scoreboard.sv(49) @ 5425001: uvm_test_top.env.scb [ASYNC_FIFO_SCB] Model Push: 0xc1 depth=15
UVM_INFO ../tb/rd_agent/async_fifo_rd_monitor.sv(69) @ 5430001: uvm_test_top.env.rd_agt.monitor [ASYNC_FIFO_RD_MON] RD accepted item: rd_data=0xc1
UVM_INFO ../tb/env/async_fifo_scoreboard.sv(55) @ 5435001: uvm_test_top.env.scb [ASYNC_FIFO_SCB] Write ignored because write side was full before edge
UVM_INFO ../tb/rd_agent/async_fifo_rd_driver.sv(38) @ 5440000: uvm_test_top.env.rd_agt.driver [ASYNC_FIFO_RD_DRV] RD Drive item: rd_en=1
UVM_INFO ../tb/env/async_fifo_scoreboard.sv(49) @ 5445001: uvm_test_top.env.scb [ASYNC_FIFO_SCB] Model Push: 0xc1 depth=15
UVM_INFO ../tb/rd_agent/async_fifo_rd_monitor.sv(69) @ 5450001: uvm_test_top.env.rd_agt.monitor [ASYNC_FIFO_RD_MON] RD accepted item: rd_data=0xc1
UVM_INFO ../tb/env/async_fifo_scoreboard.sv(55) @ 5455001: uvm_test_top.env.scb [ASYNC_FIFO_SCB] Write ignored because write side was full before edge
UVM_INFO ../tb/rd_agent/async_fifo_rd_driver.sv(38) @ 5460000: uvm_test_top.env.rd_agt.driver [ASYNC_FIFO_RD_DRV] RD Drive item: rd_en=1
UVM_INFO ../tb/env/async_fifo_scoreboard.sv(49) @ 5465001: uvm_test_top.env.scb [ASYNC_FIFO_SCB] Model Push: 0xc1 depth=15
UVM_INFO ../tb/rd_agent/async_fifo_rd_monitor.sv(69) @ 5470001: uvm_test_top.env.rd_agt.monitor [ASYNC_FIFO_RD_MON] RD accepted item: rd_data=0xc1
UVM_INFO ../tb/env/async_fifo_scoreboard.sv(55) @ 5475001: uvm_test_top.env.scb [ASYNC_FIFO_SCB] Write ignored because write side was full before edge
UVM_INFO ../tb/rd_agent/async_fifo_rd_driver.sv(38) @ 5480000: uvm_test_top.env.rd_agt.driver [ASYNC_FIFO_RD_DRV] RD Drive item: rd_en=1
UVM_INFO ../tb/env/async_fifo_scoreboard.sv(49) @ 5485001: uvm_test_top.env.scb [ASYNC_FIFO_SCB] Model Push: 0xc1 depth=15
UVM_INFO ../tb/rd_agent/async_fifo_rd_monitor.sv(69) @ 5490001: uvm_test_top.env.rd_agt.monitor [ASYNC_FIFO_RD_MON] RD accepted item: rd_data=0xc1
UVM_INFO ../tb/env/async_fifo_scoreboard.sv(55) @ 5495001: uvm_test_top.env.scb [ASYNC_FIFO_SCB] Write ignored because write side was full before edge
UVM_INFO ../tb/rd_agent/async_fifo_rd_driver.sv(38) @ 5500000: uvm_test_top.env.rd_agt.driver [ASYNC_FIFO_RD_DRV] RD Drive item: rd_en=1
UVM_INFO ../tb/env/async_fifo_scoreboard.sv(49) @ 5505001: uvm_test_top.env.scb [ASYNC_FIFO_SCB] Model Push: 0xc1 depth=15
UVM_INFO ../tb/rd_agent/async_fifo_rd_monitor.sv(69) @ 5510001: uvm_test_top.env.rd_agt.monitor [ASYNC_FIFO_RD_MON] RD accepted item: rd_data=0xc1
UVM_INFO ../tb/env/async_fifo_scoreboard.sv(55) @ 5515001: uvm_test_top.env.scb [ASYNC_FIFO_SCB] Write ignored because write side was full before edge
UVM_INFO ../tb/rd_agent/async_fifo_rd_driver.sv(38) @ 5520000: uvm_test_top.env.rd_agt.driver [ASYNC_FIFO_RD_DRV] RD Drive item: rd_en=1
UVM_INFO ../tb/env/async_fifo_scoreboard.sv(49) @ 5525001: uvm_test_top.env.scb [ASYNC_FIFO_SCB] Model Push: 0xc1 depth=15
UVM_INFO ../tb/rd_agent/async_fifo_rd_monitor.sv(69) @ 5530001: uvm_test_top.env.rd_agt.monitor [ASYNC_FIFO_RD_MON] RD accepted item: rd_data=0xc1
UVM_INFO ../tb/env/async_fifo_scoreboard.sv(55) @ 5535001: uvm_test_top.env.scb [ASYNC_FIFO_SCB] Write ignored because write side was full before edge
UVM_INFO ../tb/rd_agent/async_fifo_rd_driver.sv(38) @ 5540000: uvm_test_top.env.rd_agt.driver [ASYNC_FIFO_RD_DRV] RD Drive item: rd_en=1
UVM_INFO ../tb/env/async_fifo_scoreboard.sv(49) @ 5545001: uvm_test_top.env.scb [ASYNC_FIFO_SCB] Model Push: 0xc1 depth=15
UVM_INFO ../tb/rd_agent/async_fifo_rd_monitor.sv(69) @ 5550001: uvm_test_top.env.rd_agt.monitor [ASYNC_FIFO_RD_MON] RD accepted item: rd_data=0xc1
UVM_INFO ../tb/env/async_fifo_scoreboard.sv(55) @ 5555001: uvm_test_top.env.scb [ASYNC_FIFO_SCB] Write ignored because write side was full before edge
UVM_INFO ../tb/rd_agent/async_fifo_rd_driver.sv(38) @ 5560000: uvm_test_top.env.rd_agt.driver [ASYNC_FIFO_RD_DRV] RD Drive item: rd_en=1
UVM_INFO ../tb/env/async_fifo_scoreboard.sv(49) @ 5565001: uvm_test_top.env.scb [ASYNC_FIFO_SCB] Model Push: 0xc1 depth=15
UVM_INFO ../tb/rd_agent/async_fifo_rd_monitor.sv(69) @ 5570001: uvm_test_top.env.rd_agt.monitor [ASYNC_FIFO_RD_MON] RD accepted item: rd_data=0xc1
UVM_INFO ../tb/env/async_fifo_scoreboard.sv(55) @ 5575001: uvm_test_top.env.scb [ASYNC_FIFO_SCB] Write ignored because write side was full before edge
UVM_INFO ../tb/rd_agent/async_fifo_rd_driver.sv(38) @ 5580000: uvm_test_top.env.rd_agt.driver [ASYNC_FIFO_RD_DRV] RD Drive item: rd_en=1
UVM_INFO ../tb/env/async_fifo_scoreboard.sv(49) @ 5585001: uvm_test_top.env.scb [ASYNC_FIFO_SCB] Model Push: 0xc1 depth=15
UVM_INFO ../tb/rd_agent/async_fifo_rd_monitor.sv(69) @ 5590001: uvm_test_top.env.rd_agt.monitor [ASYNC_FIFO_RD_MON] RD accepted item: rd_data=0xc1
UVM_INFO ../tb/env/async_fifo_scoreboard.sv(55) @ 5595001: uvm_test_top.env.scb [ASYNC_FIFO_SCB] Write ignored because write side was full before edge
UVM_INFO ../tb/rd_agent/async_fifo_rd_driver.sv(38) @ 5600000: uvm_test_top.env.rd_agt.driver [ASYNC_FIFO_RD_DRV] RD Drive item: rd_en=1
UVM_INFO ../tb/env/async_fifo_scoreboard.sv(49) @ 5605001: uvm_test_top.env.scb [ASYNC_FIFO_SCB] Model Push: 0xc1 depth=15
UVM_INFO ../tb/rd_agent/async_fifo_rd_monitor.sv(69) @ 5610001: uvm_test_top.env.rd_agt.monitor [ASYNC_FIFO_RD_MON] RD accepted item: rd_data=0xc1
UVM_INFO ../tb/env/async_fifo_scoreboard.sv(55) @ 5615001: uvm_test_top.env.scb [ASYNC_FIFO_SCB] Write ignored because write side was full before edge
UVM_INFO ../tb/rd_agent/async_fifo_rd_driver.sv(38) @ 5620000: uvm_test_top.env.rd_agt.driver [ASYNC_FIFO_RD_DRV] RD Drive item: rd_en=1
UVM_INFO ../tb/env/async_fifo_scoreboard.sv(49) @ 5625001: uvm_test_top.env.scb [ASYNC_FIFO_SCB] Model Push: 0xc1 depth=15
UVM_INFO ../tb/rd_agent/async_fifo_rd_monitor.sv(69) @ 5630001: uvm_test_top.env.rd_agt.monitor [ASYNC_FIFO_RD_MON] RD accepted item: rd_data=0xc1
UVM_INFO ../tb/env/async_fifo_scoreboard.sv(55) @ 5635001: uvm_test_top.env.scb [ASYNC_FIFO_SCB] Write ignored because write side was full before edge
UVM_INFO ../tb/rd_agent/async_fifo_rd_driver.sv(38) @ 5640000: uvm_test_top.env.rd_agt.driver [ASYNC_FIFO_RD_DRV] RD Drive item: rd_en=1
UVM_INFO ../tb/env/async_fifo_scoreboard.sv(49) @ 5645001: uvm_test_top.env.scb [ASYNC_FIFO_SCB] Model Push: 0xc1 depth=15
UVM_INFO ../tb/rd_agent/async_fifo_rd_monitor.sv(69) @ 5650001: uvm_test_top.env.rd_agt.monitor [ASYNC_FIFO_RD_MON] RD accepted item: rd_data=0xc1
UVM_INFO ../tb/env/async_fifo_scoreboard.sv(55) @ 5655001: uvm_test_top.env.scb [ASYNC_FIFO_SCB] Write ignored because write side was full before edge
UVM_INFO ../tb/rd_agent/async_fifo_rd_driver.sv(38) @ 5660000: uvm_test_top.env.rd_agt.driver [ASYNC_FIFO_RD_DRV] RD Drive item: rd_en=1
UVM_INFO ../tb/env/async_fifo_scoreboard.sv(49) @ 5665001: uvm_test_top.env.scb [ASYNC_FIFO_SCB] Model Push: 0xc1 depth=15
UVM_INFO ../tb/rd_agent/async_fifo_rd_monitor.sv(69) @ 5670001: uvm_test_top.env.rd_agt.monitor [ASYNC_FIFO_RD_MON] RD accepted item: rd_data=0xc1
UVM_INFO ../tb/env/async_fifo_scoreboard.sv(55) @ 5675001: uvm_test_top.env.scb [ASYNC_FIFO_SCB] Write ignored because write side was full before edge
UVM_INFO ../tb/rd_agent/async_fifo_rd_driver.sv(38) @ 5680000: uvm_test_top.env.rd_agt.driver [ASYNC_FIFO_RD_DRV] RD Drive item: rd_en=1
UVM_INFO ../tb/env/async_fifo_scoreboard.sv(49) @ 5685001: uvm_test_top.env.scb [ASYNC_FIFO_SCB] Model Push: 0xc1 depth=15
UVM_INFO ../tb/rd_agent/async_fifo_rd_monitor.sv(69) @ 5690001: uvm_test_top.env.rd_agt.monitor [ASYNC_FIFO_RD_MON] RD accepted item: rd_data=0xc1
UVM_INFO ../tb/env/async_fifo_scoreboard.sv(55) @ 5695001: uvm_test_top.env.scb [ASYNC_FIFO_SCB] Write ignored because write side was full before edge
UVM_INFO ../tb/rd_agent/async_fifo_rd_driver.sv(38) @ 5700000: uvm_test_top.env.rd_agt.driver [ASYNC_FIFO_RD_DRV] RD Drive item: rd_en=1
UVM_INFO ../tb/env/async_fifo_scoreboard.sv(49) @ 5705001: uvm_test_top.env.scb [ASYNC_FIFO_SCB] Model Push: 0xc1 depth=15
UVM_INFO ../tb/rd_agent/async_fifo_rd_monitor.sv(69) @ 5710001: uvm_test_top.env.rd_agt.monitor [ASYNC_FIFO_RD_MON] RD accepted item: rd_data=0xc1
UVM_INFO ../tb/env/async_fifo_scoreboard.sv(55) @ 5715001: uvm_test_top.env.scb [ASYNC_FIFO_SCB] Write ignored because write side was full before edge
UVM_INFO ../tb/rd_agent/async_fifo_rd_driver.sv(38) @ 5720000: uvm_test_top.env.rd_agt.driver [ASYNC_FIFO_RD_DRV] RD Drive item: rd_en=1
UVM_INFO ../tb/env/async_fifo_scoreboard.sv(49) @ 5725001: uvm_test_top.env.scb [ASYNC_FIFO_SCB] Model Push: 0xc1 depth=15
UVM_INFO ../tb/rd_agent/async_fifo_rd_monitor.sv(69) @ 5730001: uvm_test_top.env.rd_agt.monitor [ASYNC_FIFO_RD_MON] RD accepted item: rd_data=0xc1
UVM_INFO ../tb/env/async_fifo_scoreboard.sv(55) @ 5735001: uvm_test_top.env.scb [ASYNC_FIFO_SCB] Write ignored because write side was full before edge
UVM_INFO ../tb/rd_agent/async_fifo_rd_driver.sv(38) @ 5740000: uvm_test_top.env.rd_agt.driver [ASYNC_FIFO_RD_DRV] RD Drive item: rd_en=1
UVM_INFO ../tb/env/async_fifo_scoreboard.sv(49) @ 5745001: uvm_test_top.env.scb [ASYNC_FIFO_SCB] Model Push: 0xc1 depth=15
UVM_INFO ../tb/rd_agent/async_fifo_rd_monitor.sv(69) @ 5750001: uvm_test_top.env.rd_agt.monitor [ASYNC_FIFO_RD_MON] RD accepted item: rd_data=0xc1
UVM_INFO ../tb/env/async_fifo_scoreboard.sv(55) @ 5755001: uvm_test_top.env.scb [ASYNC_FIFO_SCB] Write ignored because write side was full before edge
UVM_INFO ../tb/rd_agent/async_fifo_rd_driver.sv(38) @ 5760000: uvm_test_top.env.rd_agt.driver [ASYNC_FIFO_RD_DRV] RD Drive item: rd_en=1
UVM_INFO ../tb/env/async_fifo_scoreboard.sv(49) @ 5765001: uvm_test_top.env.scb [ASYNC_FIFO_SCB] Model Push: 0xc1 depth=15
UVM_INFO ../tb/rd_agent/async_fifo_rd_monitor.sv(69) @ 5770001: uvm_test_top.env.rd_agt.monitor [ASYNC_FIFO_RD_MON] RD accepted item: rd_data=0xc1
UVM_INFO ../tb/env/async_fifo_scoreboard.sv(55) @ 5775001: uvm_test_top.env.scb [ASYNC_FIFO_SCB] Write ignored because write side was full before edge
UVM_INFO ../tb/rd_agent/async_fifo_rd_driver.sv(38) @ 5780000: uvm_test_top.env.rd_agt.driver [ASYNC_FIFO_RD_DRV] RD Drive item: rd_en=1
UVM_INFO ../tb/env/async_fifo_scoreboard.sv(49) @ 5785001: uvm_test_top.env.scb [ASYNC_FIFO_SCB] Model Push: 0xc1 depth=15
UVM_INFO ../tb/rd_agent/async_fifo_rd_monitor.sv(69) @ 5790001: uvm_test_top.env.rd_agt.monitor [ASYNC_FIFO_RD_MON] RD accepted item: rd_data=0xc1
UVM_INFO ../tb/env/async_fifo_scoreboard.sv(55) @ 5795001: uvm_test_top.env.scb [ASYNC_FIFO_SCB] Write ignored because write side was full before edge
UVM_INFO ../tb/rd_agent/async_fifo_rd_driver.sv(38) @ 5800000: uvm_test_top.env.rd_agt.driver [ASYNC_FIFO_RD_DRV] RD Drive item: rd_en=1
UVM_INFO ../tb/env/async_fifo_scoreboard.sv(49) @ 5805001: uvm_test_top.env.scb [ASYNC_FIFO_SCB] Model Push: 0xc1 depth=15
UVM_INFO ../tb/rd_agent/async_fifo_rd_monitor.sv(69) @ 5810001: uvm_test_top.env.rd_agt.monitor [ASYNC_FIFO_RD_MON] RD accepted item: rd_data=0xc1
UVM_INFO ../tb/env/async_fifo_scoreboard.sv(55) @ 5815001: uvm_test_top.env.scb [ASYNC_FIFO_SCB] Write ignored because write side was full before edge
UVM_INFO ../tb/rd_agent/async_fifo_rd_driver.sv(38) @ 5820000: uvm_test_top.env.rd_agt.driver [ASYNC_FIFO_RD_DRV] RD Drive item: rd_en=1
UVM_INFO ../tb/env/async_fifo_scoreboard.sv(49) @ 5825001: uvm_test_top.env.scb [ASYNC_FIFO_SCB] Model Push: 0xc1 depth=15
UVM_INFO ../tb/rd_agent/async_fifo_rd_monitor.sv(69) @ 5830001: uvm_test_top.env.rd_agt.monitor [ASYNC_FIFO_RD_MON] RD accepted item: rd_data=0xc1
UVM_INFO ../tb/env/async_fifo_scoreboard.sv(55) @ 5835001: uvm_test_top.env.scb [ASYNC_FIFO_SCB] Write ignored because write side was full before edge
UVM_INFO ../tb/rd_agent/async_fifo_rd_driver.sv(38) @ 5840000: uvm_test_top.env.rd_agt.driver [ASYNC_FIFO_RD_DRV] RD Drive item: rd_en=1
UVM_INFO ../tb/env/async_fifo_scoreboard.sv(49) @ 5845001: uvm_test_top.env.scb [ASYNC_FIFO_SCB] Model Push: 0xc1 depth=15
UVM_INFO ../tb/rd_agent/async_fifo_rd_monitor.sv(69) @ 5850001: uvm_test_top.env.rd_agt.monitor [ASYNC_FIFO_RD_MON] RD accepted item: rd_data=0xc1
UVM_INFO ../tb/env/async_fifo_scoreboard.sv(55) @ 5855001: uvm_test_top.env.scb [ASYNC_FIFO_SCB] Write ignored because write side was full before edge
UVM_INFO ../tb/rd_agent/async_fifo_rd_driver.sv(38) @ 5860000: uvm_test_top.env.rd_agt.driver [ASYNC_FIFO_RD_DRV] RD Drive item: rd_en=1
UVM_INFO ../tb/env/async_fifo_scoreboard.sv(49) @ 5865001: uvm_test_top.env.scb [ASYNC_FIFO_SCB] Model Push: 0xc1 depth=15
UVM_INFO ../tb/rd_agent/async_fifo_rd_monitor.sv(69) @ 5870001: uvm_test_top.env.rd_agt.monitor [ASYNC_FIFO_RD_MON] RD accepted item: rd_data=0xc1
UVM_INFO ../tb/env/async_fifo_scoreboard.sv(55) @ 5875001: uvm_test_top.env.scb [ASYNC_FIFO_SCB] Write ignored because write side was full before edge
UVM_INFO ../tb/rd_agent/async_fifo_rd_driver.sv(38) @ 5880000: uvm_test_top.env.rd_agt.driver [ASYNC_FIFO_RD_DRV] RD Drive item: rd_en=1
UVM_INFO ../tb/env/async_fifo_scoreboard.sv(49) @ 5885001: uvm_test_top.env.scb [ASYNC_FIFO_SCB] Model Push: 0xc1 depth=15
UVM_INFO ../tb/rd_agent/async_fifo_rd_monitor.sv(69) @ 5890001: uvm_test_top.env.rd_agt.monitor [ASYNC_FIFO_RD_MON] RD accepted item: rd_data=0xc1
UVM_INFO ../tb/env/async_fifo_scoreboard.sv(55) @ 5895001: uvm_test_top.env.scb [ASYNC_FIFO_SCB] Write ignored because write side was full before edge
UVM_INFO ../tb/rd_agent/async_fifo_rd_driver.sv(38) @ 5900000: uvm_test_top.env.rd_agt.driver [ASYNC_FIFO_RD_DRV] RD Drive item: rd_en=1
UVM_INFO ../tb/env/async_fifo_scoreboard.sv(49) @ 5905001: uvm_test_top.env.scb [ASYNC_FIFO_SCB] Model Push: 0xc1 depth=15
UVM_INFO ../tb/rd_agent/async_fifo_rd_monitor.sv(69) @ 5910001: uvm_test_top.env.rd_agt.monitor [ASYNC_FIFO_RD_MON] RD accepted item: rd_data=0xc1
UVM_INFO ../tb/env/async_fifo_scoreboard.sv(55) @ 5915001: uvm_test_top.env.scb [ASYNC_FIFO_SCB] Write ignored because write side was full before edge
UVM_INFO ../tb/rd_agent/async_fifo_rd_driver.sv(38) @ 5920000: uvm_test_top.env.rd_agt.driver [ASYNC_FIFO_RD_DRV] RD Drive item: rd_en=1
UVM_INFO ../tb/env/async_fifo_scoreboard.sv(49) @ 5925001: uvm_test_top.env.scb [ASYNC_FIFO_SCB] Model Push: 0xc1 depth=15
UVM_INFO ../tb/rd_agent/async_fifo_rd_monitor.sv(69) @ 5930001: uvm_test_top.env.rd_agt.monitor [ASYNC_FIFO_RD_MON] RD accepted item: rd_data=0xc1
UVM_INFO ../tb/env/async_fifo_scoreboard.sv(55) @ 5935001: uvm_test_top.env.scb [ASYNC_FIFO_SCB] Write ignored because write side was full before edge
UVM_INFO ../tb/rd_agent/async_fifo_rd_driver.sv(38) @ 5940000: uvm_test_top.env.rd_agt.driver [ASYNC_FIFO_RD_DRV] RD Drive item: rd_en=1
UVM_INFO ../tb/env/async_fifo_scoreboard.sv(49) @ 5945001: uvm_test_top.env.scb [ASYNC_FIFO_SCB] Model Push: 0xc1 depth=15
UVM_INFO ../tb/rd_agent/async_fifo_rd_monitor.sv(69) @ 5950001: uvm_test_top.env.rd_agt.monitor [ASYNC_FIFO_RD_MON] RD accepted item: rd_data=0xc1
UVM_INFO ../tb/env/async_fifo_scoreboard.sv(55) @ 5955001: uvm_test_top.env.scb [ASYNC_FIFO_SCB] Write ignored because write side was full before edge
UVM_INFO ../tb/rd_agent/async_fifo_rd_driver.sv(38) @ 5960000: uvm_test_top.env.rd_agt.driver [ASYNC_FIFO_RD_DRV] RD Drive item: rd_en=1
UVM_INFO ../tb/env/async_fifo_scoreboard.sv(49) @ 5965001: uvm_test_top.env.scb [ASYNC_FIFO_SCB] Model Push: 0xc1 depth=15
UVM_INFO ../tb/rd_agent/async_fifo_rd_monitor.sv(69) @ 5970001: uvm_test_top.env.rd_agt.monitor [ASYNC_FIFO_RD_MON] RD accepted item: rd_data=0xc1
UVM_INFO ../tb/env/async_fifo_scoreboard.sv(55) @ 5975001: uvm_test_top.env.scb [ASYNC_FIFO_SCB] Write ignored because write side was full before edge
UVM_INFO ../tb/rd_agent/async_fifo_rd_driver.sv(38) @ 5980000: uvm_test_top.env.rd_agt.driver [ASYNC_FIFO_RD_DRV] RD Drive item: rd_en=1
UVM_INFO ../tb/env/async_fifo_scoreboard.sv(49) @ 5985001: uvm_test_top.env.scb [ASYNC_FIFO_SCB] Model Push: 0xc1 depth=15
UVM_INFO ../tb/rd_agent/async_fifo_rd_monitor.sv(69) @ 5990001: uvm_test_top.env.rd_agt.monitor [ASYNC_FIFO_RD_MON] RD accepted item: rd_data=0xc1
UVM_INFO ../tb/env/async_fifo_scoreboard.sv(55) @ 5995001: uvm_test_top.env.scb [ASYNC_FIFO_SCB] Write ignored because write side was full before edge
UVM_INFO ../tb/rd_agent/async_fifo_rd_driver.sv(38) @ 6000000: uvm_test_top.env.rd_agt.driver [ASYNC_FIFO_RD_DRV] RD Drive item: rd_en=1
UVM_INFO ../tb/env/async_fifo_scoreboard.sv(49) @ 6005001: uvm_test_top.env.scb [ASYNC_FIFO_SCB] Model Push: 0xc1 depth=15
UVM_INFO ../tb/rd_agent/async_fifo_rd_monitor.sv(69) @ 6010001: uvm_test_top.env.rd_agt.monitor [ASYNC_FIFO_RD_MON] RD accepted item: rd_data=0xc1
UVM_INFO ../tb/env/async_fifo_scoreboard.sv(55) @ 6015001: uvm_test_top.env.scb [ASYNC_FIFO_SCB] Write ignored because write side was full before edge
UVM_INFO ../tb/rd_agent/async_fifo_rd_driver.sv(38) @ 6020000: uvm_test_top.env.rd_agt.driver [ASYNC_FIFO_RD_DRV] RD Drive item: rd_en=1
UVM_INFO ../tb/env/async_fifo_scoreboard.sv(49) @ 6025001: uvm_test_top.env.scb [ASYNC_FIFO_SCB] Model Push: 0xc1 depth=15
UVM_INFO ../tb/rd_agent/async_fifo_rd_monitor.sv(69) @ 6030001: uvm_test_top.env.rd_agt.monitor [ASYNC_FIFO_RD_MON] RD accepted item: rd_data=0xc1
UVM_INFO ../tb/env/async_fifo_scoreboard.sv(55) @ 6035001: uvm_test_top.env.scb [ASYNC_FIFO_SCB] Write ignored because write side was full before edge
UVM_INFO ../tb/rd_agent/async_fifo_rd_driver.sv(38) @ 6040000: uvm_test_top.env.rd_agt.driver [ASYNC_FIFO_RD_DRV] RD Drive item: rd_en=1
UVM_INFO ../tb/env/async_fifo_scoreboard.sv(49) @ 6045001: uvm_test_top.env.scb [ASYNC_FIFO_SCB] Model Push: 0xc1 depth=15
UVM_INFO ../tb/rd_agent/async_fifo_rd_monitor.sv(69) @ 6050001: uvm_test_top.env.rd_agt.monitor [ASYNC_FIFO_RD_MON] RD accepted item: rd_data=0xc1
UVM_INFO ../tb/env/async_fifo_scoreboard.sv(55) @ 6055001: uvm_test_top.env.scb [ASYNC_FIFO_SCB] Write ignored because write side was full before edge
UVM_INFO ../tb/rd_agent/async_fifo_rd_driver.sv(38) @ 6060000: uvm_test_top.env.rd_agt.driver [ASYNC_FIFO_RD_DRV] RD Drive item: rd_en=1
UVM_INFO ../tb/env/async_fifo_scoreboard.sv(49) @ 6065001: uvm_test_top.env.scb [ASYNC_FIFO_SCB] Model Push: 0xc1 depth=15
UVM_INFO ../tb/rd_agent/async_fifo_rd_monitor.sv(69) @ 6070001: uvm_test_top.env.rd_agt.monitor [ASYNC_FIFO_RD_MON] RD accepted item: rd_data=0xc1
UVM_INFO ../tb/env/async_fifo_scoreboard.sv(55) @ 6075001: uvm_test_top.env.scb [ASYNC_FIFO_SCB] Write ignored because write side was full before edge
UVM_INFO ../tb/rd_agent/async_fifo_rd_driver.sv(38) @ 6080000: uvm_test_top.env.rd_agt.driver [ASYNC_FIFO_RD_DRV] RD Drive item: rd_en=1
UVM_INFO ../tb/env/async_fifo_scoreboard.sv(49) @ 6085001: uvm_test_top.env.scb [ASYNC_FIFO_SCB] Model Push: 0xc1 depth=15
UVM_INFO ../tb/rd_agent/async_fifo_rd_monitor.sv(69) @ 6090001: uvm_test_top.env.rd_agt.monitor [ASYNC_FIFO_RD_MON] RD accepted item: rd_data=0xc1
UVM_INFO ../tb/env/async_fifo_scoreboard.sv(55) @ 6095001: uvm_test_top.env.scb [ASYNC_FIFO_SCB] Write ignored because write side was full before edge
UVM_INFO ../tb/rd_agent/async_fifo_rd_driver.sv(38) @ 6100000: uvm_test_top.env.rd_agt.driver [ASYNC_FIFO_RD_DRV] RD Drive item: rd_en=1
UVM_INFO ../tb/env/async_fifo_scoreboard.sv(49) @ 6105001: uvm_test_top.env.scb [ASYNC_FIFO_SCB] Model Push: 0xc1 depth=15
UVM_INFO ../tb/rd_agent/async_fifo_rd_monitor.sv(69) @ 6110001: uvm_test_top.env.rd_agt.monitor [ASYNC_FIFO_RD_MON] RD accepted item: rd_data=0xc1
UVM_INFO ../tb/env/async_fifo_scoreboard.sv(55) @ 6115001: uvm_test_top.env.scb [ASYNC_FIFO_SCB] Write ignored because write side was full before edge
UVM_INFO ../tb/rd_agent/async_fifo_rd_driver.sv(38) @ 6120000: uvm_test_top.env.rd_agt.driver [ASYNC_FIFO_RD_DRV] RD Drive item: rd_en=1
UVM_INFO ../tb/env/async_fifo_scoreboard.sv(49) @ 6125001: uvm_test_top.env.scb [ASYNC_FIFO_SCB] Model Push: 0xc1 depth=15
UVM_INFO ../tb/rd_agent/async_fifo_rd_monitor.sv(69) @ 6130001: uvm_test_top.env.rd_agt.monitor [ASYNC_FIFO_RD_MON] RD accepted item: rd_data=0xc1
UVM_INFO ../tb/env/async_fifo_scoreboard.sv(55) @ 6135001: uvm_test_top.env.scb [ASYNC_FIFO_SCB] Write ignored because write side was full before edge
UVM_INFO ../tb/rd_agent/async_fifo_rd_driver.sv(38) @ 6140000: uvm_test_top.env.rd_agt.driver [ASYNC_FIFO_RD_DRV] RD Drive item: rd_en=1
UVM_INFO ../tb/env/async_fifo_scoreboard.sv(49) @ 6145001: uvm_test_top.env.scb [ASYNC_FIFO_SCB] Model Push: 0xc1 depth=15
UVM_INFO ../tb/rd_agent/async_fifo_rd_monitor.sv(69) @ 6150001: uvm_test_top.env.rd_agt.monitor [ASYNC_FIFO_RD_MON] RD accepted item: rd_data=0xc1
UVM_INFO ../tb/env/async_fifo_scoreboard.sv(55) @ 6155001: uvm_test_top.env.scb [ASYNC_FIFO_SCB] Write ignored because write side was full before edge
UVM_INFO ../tb/rd_agent/async_fifo_rd_driver.sv(38) @ 6160000: uvm_test_top.env.rd_agt.driver [ASYNC_FIFO_RD_DRV] RD Drive item: rd_en=1
UVM_INFO ../tb/env/async_fifo_scoreboard.sv(49) @ 6165001: uvm_test_top.env.scb [ASYNC_FIFO_SCB] Model Push: 0xc1 depth=15
UVM_INFO ../tb/rd_agent/async_fifo_rd_monitor.sv(69) @ 6170001: uvm_test_top.env.rd_agt.monitor [ASYNC_FIFO_RD_MON] RD accepted item: rd_data=0xc1
UVM_INFO ../tb/env/async_fifo_scoreboard.sv(55) @ 6175001: uvm_test_top.env.scb [ASYNC_FIFO_SCB] Write ignored because write side was full before edge
UVM_INFO ../tb/rd_agent/async_fifo_rd_driver.sv(38) @ 6180000: uvm_test_top.env.rd_agt.driver [ASYNC_FIFO_RD_DRV] RD Drive item: rd_en=1
UVM_INFO ../tb/env/async_fifo_scoreboard.sv(49) @ 6185001: uvm_test_top.env.scb [ASYNC_FIFO_SCB] Model Push: 0xc1 depth=15
UVM_INFO ../tb/rd_agent/async_fifo_rd_monitor.sv(69) @ 6190001: uvm_test_top.env.rd_agt.monitor [ASYNC_FIFO_RD_MON] RD accepted item: rd_data=0xc1
UVM_INFO ../tb/env/async_fifo_scoreboard.sv(55) @ 6195001: uvm_test_top.env.scb [ASYNC_FIFO_SCB] Write ignored because write side was full before edge
UVM_INFO ../tb/rd_agent/async_fifo_rd_driver.sv(38) @ 6200000: uvm_test_top.env.rd_agt.driver [ASYNC_FIFO_RD_DRV] RD Drive item: rd_en=1
UVM_INFO ../tb/env/async_fifo_scoreboard.sv(49) @ 6205001: uvm_test_top.env.scb [ASYNC_FIFO_SCB] Model Push: 0xc1 depth=15
UVM_INFO ../tb/rd_agent/async_fifo_rd_monitor.sv(69) @ 6210001: uvm_test_top.env.rd_agt.monitor [ASYNC_FIFO_RD_MON] RD accepted item: rd_data=0xc1
UVM_INFO ../tb/env/async_fifo_scoreboard.sv(55) @ 6215001: uvm_test_top.env.scb [ASYNC_FIFO_SCB] Write ignored because write side was full before edge
UVM_INFO ../tb/rd_agent/async_fifo_rd_driver.sv(38) @ 6220000: uvm_test_top.env.rd_agt.driver [ASYNC_FIFO_RD_DRV] RD Drive item: rd_en=1
UVM_INFO ../tb/env/async_fifo_scoreboard.sv(49) @ 6225001: uvm_test_top.env.scb [ASYNC_FIFO_SCB] Model Push: 0xc1 depth=15
UVM_INFO ../tb/rd_agent/async_fifo_rd_monitor.sv(69) @ 6230001: uvm_test_top.env.rd_agt.monitor [ASYNC_FIFO_RD_MON] RD accepted item: rd_data=0xc1
UVM_INFO ../tb/env/async_fifo_scoreboard.sv(55) @ 6235001: uvm_test_top.env.scb [ASYNC_FIFO_SCB] Write ignored because write side was full before edge
UVM_INFO ../tb/rd_agent/async_fifo_rd_driver.sv(38) @ 6240000: uvm_test_top.env.rd_agt.driver [ASYNC_FIFO_RD_DRV] RD Drive item: rd_en=1
UVM_INFO ../tb/env/async_fifo_scoreboard.sv(49) @ 6245001: uvm_test_top.env.scb [ASYNC_FIFO_SCB] Model Push: 0xc1 depth=15
UVM_INFO ../tb/rd_agent/async_fifo_rd_monitor.sv(69) @ 6250001: uvm_test_top.env.rd_agt.monitor [ASYNC_FIFO_RD_MON] RD accepted item: rd_data=0xc1
UVM_INFO ../tb/env/async_fifo_scoreboard.sv(55) @ 6255001: uvm_test_top.env.scb [ASYNC_FIFO_SCB] Write ignored because write side was full before edge
UVM_INFO ../tb/rd_agent/async_fifo_rd_driver.sv(38) @ 6260000: uvm_test_top.env.rd_agt.driver [ASYNC_FIFO_RD_DRV] RD Drive item: rd_en=1
UVM_INFO ../tb/env/async_fifo_scoreboard.sv(49) @ 6265001: uvm_test_top.env.scb [ASYNC_FIFO_SCB] Model Push: 0xc1 depth=15
UVM_INFO ../tb/rd_agent/async_fifo_rd_monitor.sv(69) @ 6270001: uvm_test_top.env.rd_agt.monitor [ASYNC_FIFO_RD_MON] RD accepted item: rd_data=0xc1
UVM_INFO ../tb/env/async_fifo_scoreboard.sv(55) @ 6275001: uvm_test_top.env.scb [ASYNC_FIFO_SCB] Write ignored because write side was full before edge
UVM_INFO ../tb/rd_agent/async_fifo_rd_driver.sv(38) @ 6280000: uvm_test_top.env.rd_agt.driver [ASYNC_FIFO_RD_DRV] RD Drive item: rd_en=1
UVM_INFO ../tb/env/async_fifo_scoreboard.sv(49) @ 6285001: uvm_test_top.env.scb [ASYNC_FIFO_SCB] Model Push: 0xc1 depth=15
UVM_INFO ../tb/rd_agent/async_fifo_rd_monitor.sv(69) @ 6290001: uvm_test_top.env.rd_agt.monitor [ASYNC_FIFO_RD_MON] RD accepted item: rd_data=0xc1
UVM_INFO ../tb/env/async_fifo_scoreboard.sv(55) @ 6295001: uvm_test_top.env.scb [ASYNC_FIFO_SCB] Write ignored because write side was full before edge
UVM_INFO ../tb/rd_agent/async_fifo_rd_driver.sv(38) @ 6300000: uvm_test_top.env.rd_agt.driver [ASYNC_FIFO_RD_DRV] RD Drive item: rd_en=1
UVM_INFO ../tb/env/async_fifo_scoreboard.sv(49) @ 6305001: uvm_test_top.env.scb [ASYNC_FIFO_SCB] Model Push: 0xc1 depth=15
UVM_INFO ../tb/rd_agent/async_fifo_rd_monitor.sv(69) @ 6310001: uvm_test_top.env.rd_agt.monitor [ASYNC_FIFO_RD_MON] RD accepted item: rd_data=0xc1
UVM_INFO ../tb/env/async_fifo_scoreboard.sv(55) @ 6315001: uvm_test_top.env.scb [ASYNC_FIFO_SCB] Write ignored because write side was full before edge
UVM_INFO ../tb/rd_agent/async_fifo_rd_driver.sv(38) @ 6320000: uvm_test_top.env.rd_agt.driver [ASYNC_FIFO_RD_DRV] RD Drive item: rd_en=1
UVM_INFO ../tb/env/async_fifo_scoreboard.sv(49) @ 6325001: uvm_test_top.env.scb [ASYNC_FIFO_SCB] Model Push: 0xc1 depth=15
UVM_INFO ../tb/rd_agent/async_fifo_rd_monitor.sv(69) @ 6330001: uvm_test_top.env.rd_agt.monitor [ASYNC_FIFO_RD_MON] RD accepted item: rd_data=0xc1
UVM_INFO ../tb/env/async_fifo_scoreboard.sv(55) @ 6335001: uvm_test_top.env.scb [ASYNC_FIFO_SCB] Write ignored because write side was full before edge
UVM_INFO ../tb/rd_agent/async_fifo_rd_driver.sv(38) @ 6340000: uvm_test_top.env.rd_agt.driver [ASYNC_FIFO_RD_DRV] RD Drive item: rd_en=1
UVM_INFO ../tb/env/async_fifo_scoreboard.sv(49) @ 6345001: uvm_test_top.env.scb [ASYNC_FIFO_SCB] Model Push: 0xc1 depth=15
UVM_INFO ../tb/rd_agent/async_fifo_rd_monitor.sv(69) @ 6350001: uvm_test_top.env.rd_agt.monitor [ASYNC_FIFO_RD_MON] RD accepted item: rd_data=0xc1
UVM_INFO ../tb/env/async_fifo_scoreboard.sv(55) @ 6355001: uvm_test_top.env.scb [ASYNC_FIFO_SCB] Write ignored because write side was full before edge
UVM_INFO ../tb/rd_agent/async_fifo_rd_driver.sv(38) @ 6360000: uvm_test_top.env.rd_agt.driver [ASYNC_FIFO_RD_DRV] RD Drive item: rd_en=1
UVM_INFO ../tb/env/async_fifo_scoreboard.sv(49) @ 6365001: uvm_test_top.env.scb [ASYNC_FIFO_SCB] Model Push: 0xc1 depth=15
UVM_INFO ../tb/rd_agent/async_fifo_rd_monitor.sv(69) @ 6370001: uvm_test_top.env.rd_agt.monitor [ASYNC_FIFO_RD_MON] RD accepted item: rd_data=0xc1
UVM_INFO ../tb/env/async_fifo_scoreboard.sv(55) @ 6375001: uvm_test_top.env.scb [ASYNC_FIFO_SCB] Write ignored because write side was full before edge
UVM_INFO ../tb/rd_agent/async_fifo_rd_driver.sv(38) @ 6380000: uvm_test_top.env.rd_agt.driver [ASYNC_FIFO_RD_DRV] RD Drive item: rd_en=1
UVM_INFO ../tb/env/async_fifo_scoreboard.sv(49) @ 6385001: uvm_test_top.env.scb [ASYNC_FIFO_SCB] Model Push: 0xc1 depth=15
UVM_INFO ../tb/rd_agent/async_fifo_rd_monitor.sv(69) @ 6390001: uvm_test_top.env.rd_agt.monitor [ASYNC_FIFO_RD_MON] RD accepted item: rd_data=0xc1
UVM_INFO ../tb/env/async_fifo_scoreboard.sv(55) @ 6395001: uvm_test_top.env.scb [ASYNC_FIFO_SCB] Write ignored because write side was full before edge
UVM_INFO ../tb/rd_agent/async_fifo_rd_driver.sv(38) @ 6400000: uvm_test_top.env.rd_agt.driver [ASYNC_FIFO_RD_DRV] RD Drive item: rd_en=1
UVM_INFO ../tb/env/async_fifo_scoreboard.sv(49) @ 6405001: uvm_test_top.env.scb [ASYNC_FIFO_SCB] Model Push: 0xc1 depth=15
UVM_INFO ../tb/rd_agent/async_fifo_rd_monitor.sv(69) @ 6410001: uvm_test_top.env.rd_agt.monitor [ASYNC_FIFO_RD_MON] RD accepted item: rd_data=0xc1
UVM_INFO ../tb/env/async_fifo_scoreboard.sv(55) @ 6415001: uvm_test_top.env.scb [ASYNC_FIFO_SCB] Write ignored because write side was full before edge
UVM_INFO ../tb/rd_agent/async_fifo_rd_driver.sv(38) @ 6420000: uvm_test_top.env.rd_agt.driver [ASYNC_FIFO_RD_DRV] RD Drive item: rd_en=1
UVM_INFO ../tb/env/async_fifo_scoreboard.sv(49) @ 6425001: uvm_test_top.env.scb [ASYNC_FIFO_SCB] Model Push: 0xc1 depth=15
UVM_INFO ../tb/rd_agent/async_fifo_rd_monitor.sv(69) @ 6430001: uvm_test_top.env.rd_agt.monitor [ASYNC_FIFO_RD_MON] RD accepted item: rd_data=0xc1
UVM_INFO ../tb/env/async_fifo_scoreboard.sv(55) @ 6435001: uvm_test_top.env.scb [ASYNC_FIFO_SCB] Write ignored because write side was full before edge
UVM_INFO ../tb/rd_agent/async_fifo_rd_driver.sv(38) @ 6440000: uvm_test_top.env.rd_agt.driver [ASYNC_FIFO_RD_DRV] RD Drive item: rd_en=1
UVM_INFO ../tb/env/async_fifo_scoreboard.sv(49) @ 6445001: uvm_test_top.env.scb [ASYNC_FIFO_SCB] Model Push: 0xc1 depth=15
UVM_INFO ../tb/rd_agent/async_fifo_rd_monitor.sv(69) @ 6450001: uvm_test_top.env.rd_agt.monitor [ASYNC_FIFO_RD_MON] RD accepted item: rd_data=0xc1
UVM_INFO ../tb/env/async_fifo_scoreboard.sv(55) @ 6455001: uvm_test_top.env.scb [ASYNC_FIFO_SCB] Write ignored because write side was full before edge
UVM_INFO ../tb/rd_agent/async_fifo_rd_driver.sv(38) @ 6460000: uvm_test_top.env.rd_agt.driver [ASYNC_FIFO_RD_DRV] RD Drive item: rd_en=1
UVM_INFO ../tb/env/async_fifo_scoreboard.sv(49) @ 6465001: uvm_test_top.env.scb [ASYNC_FIFO_SCB] Model Push: 0xc1 depth=15
UVM_INFO ../tb/rd_agent/async_fifo_rd_monitor.sv(69) @ 6470001: uvm_test_top.env.rd_agt.monitor [ASYNC_FIFO_RD_MON] RD accepted item: rd_data=0xc1
UVM_INFO ../tb/env/async_fifo_scoreboard.sv(55) @ 6475001: uvm_test_top.env.scb [ASYNC_FIFO_SCB] Write ignored because write side was full before edge
UVM_INFO ../tb/rd_agent/async_fifo_rd_driver.sv(38) @ 6480000: uvm_test_top.env.rd_agt.driver [ASYNC_FIFO_RD_DRV] RD Drive item: rd_en=1
UVM_INFO ../tb/env/async_fifo_scoreboard.sv(49) @ 6485001: uvm_test_top.env.scb [ASYNC_FIFO_SCB] Model Push: 0xc1 depth=15
UVM_INFO ../tb/rd_agent/async_fifo_rd_monitor.sv(69) @ 6490001: uvm_test_top.env.rd_agt.monitor [ASYNC_FIFO_RD_MON] RD accepted item: rd_data=0xc1
UVM_INFO ../tb/env/async_fifo_scoreboard.sv(55) @ 6495001: uvm_test_top.env.scb [ASYNC_FIFO_SCB] Write ignored because write side was full before edge
UVM_INFO ../tb/rd_agent/async_fifo_rd_driver.sv(38) @ 6500000: uvm_test_top.env.rd_agt.driver [ASYNC_FIFO_RD_DRV] RD Drive item: rd_en=1
UVM_INFO ../tb/env/async_fifo_scoreboard.sv(49) @ 6505001: uvm_test_top.env.scb [ASYNC_FIFO_SCB] Model Push: 0xc1 depth=15
UVM_INFO ../tb/rd_agent/async_fifo_rd_monitor.sv(69) @ 6510001: uvm_test_top.env.rd_agt.monitor [ASYNC_FIFO_RD_MON] RD accepted item: rd_data=0xc1
UVM_INFO ../tb/env/async_fifo_scoreboard.sv(55) @ 6515001: uvm_test_top.env.scb [ASYNC_FIFO_SCB] Write ignored because write side was full before edge
UVM_INFO ../tb/rd_agent/async_fifo_rd_driver.sv(38) @ 6520000: uvm_test_top.env.rd_agt.driver [ASYNC_FIFO_RD_DRV] RD Drive item: rd_en=1
UVM_INFO ../tb/env/async_fifo_scoreboard.sv(49) @ 6525001: uvm_test_top.env.scb [ASYNC_FIFO_SCB] Model Push: 0xc1 depth=15
UVM_INFO ../tb/rd_agent/async_fifo_rd_monitor.sv(69) @ 6530001: uvm_test_top.env.rd_agt.monitor [ASYNC_FIFO_RD_MON] RD accepted item: rd_data=0xc1
UVM_INFO ../tb/env/async_fifo_scoreboard.sv(55) @ 6535001: uvm_test_top.env.scb [ASYNC_FIFO_SCB] Write ignored because write side was full before edge
UVM_INFO ../tb/rd_agent/async_fifo_rd_driver.sv(38) @ 6540000: uvm_test_top.env.rd_agt.driver [ASYNC_FIFO_RD_DRV] RD Drive item: rd_en=1
UVM_INFO ../tb/env/async_fifo_scoreboard.sv(49) @ 6545001: uvm_test_top.env.scb [ASYNC_FIFO_SCB] Model Push: 0xc1 depth=15
UVM_INFO ../tb/rd_agent/async_fifo_rd_monitor.sv(69) @ 6550001: uvm_test_top.env.rd_agt.monitor [ASYNC_FIFO_RD_MON] RD accepted item: rd_data=0xc1
UVM_INFO ../tb/env/async_fifo_scoreboard.sv(55) @ 6555001: uvm_test_top.env.scb [ASYNC_FIFO_SCB] Write ignored because write side was full before edge
UVM_INFO ../tb/rd_agent/async_fifo_rd_driver.sv(38) @ 6560000: uvm_test_top.env.rd_agt.driver [ASYNC_FIFO_RD_DRV] RD Drive item: rd_en=1
UVM_INFO ../tb/env/async_fifo_scoreboard.sv(49) @ 6565001: uvm_test_top.env.scb [ASYNC_FIFO_SCB] Model Push: 0xc1 depth=15
UVM_INFO ../tb/rd_agent/async_fifo_rd_monitor.sv(69) @ 6570001: uvm_test_top.env.rd_agt.monitor [ASYNC_FIFO_RD_MON] RD accepted item: rd_data=0xc1
UVM_INFO ../tb/env/async_fifo_scoreboard.sv(55) @ 6575001: uvm_test_top.env.scb [ASYNC_FIFO_SCB] Write ignored because write side was full before edge
UVM_INFO ../tb/env/async_fifo_scoreboard.sv(49) @ 6585001: uvm_test_top.env.scb [ASYNC_FIFO_SCB] Model Push: 0xc1 depth=15
UVM_INFO ../tb/rd_agent/async_fifo_rd_monitor.sv(69) @ 6590001: uvm_test_top.env.rd_agt.monitor [ASYNC_FIFO_RD_MON] RD accepted item: rd_data=0xc1
UVM_INFO ../tb/env/async_fifo_scoreboard.sv(55) @ 6595001: uvm_test_top.env.scb [ASYNC_FIFO_SCB] Write ignored because write side was full before edge
UVM_INFO ../tb/env/async_fifo_scoreboard.sv(49) @ 6605001: uvm_test_top.env.scb [ASYNC_FIFO_SCB] Model Push: 0xc1 depth=15
UVM_INFO ../tb/rd_agent/async_fifo_rd_monitor.sv(69) @ 6610001: uvm_test_top.env.rd_agt.monitor [ASYNC_FIFO_RD_MON] RD accepted item: rd_data=0xc1
UVM_INFO ../tb/env/async_fifo_scoreboard.sv(55) @ 6615001: uvm_test_top.env.scb [ASYNC_FIFO_SCB] Write ignored because write side was full before edge
UVM_INFO ../tb/env/async_fifo_scoreboard.sv(49) @ 6625001: uvm_test_top.env.scb [ASYNC_FIFO_SCB] Model Push: 0xc1 depth=15
UVM_INFO ../tb/rd_agent/async_fifo_rd_monitor.sv(69) @ 6630001: uvm_test_top.env.rd_agt.monitor [ASYNC_FIFO_RD_MON] RD accepted item: rd_data=0xc1
UVM_INFO ../tb/env/async_fifo_scoreboard.sv(55) @ 6635001: uvm_test_top.env.scb [ASYNC_FIFO_SCB] Write ignored because write side was full before edge
UVM_INFO ../tb/env/async_fifo_scoreboard.sv(49) @ 6645001: uvm_test_top.env.scb [ASYNC_FIFO_SCB] Model Push: 0xc1 depth=15
UVM_INFO ../tb/rd_agent/async_fifo_rd_monitor.sv(69) @ 6650001: uvm_test_top.env.rd_agt.monitor [ASYNC_FIFO_RD_MON] RD accepted item: rd_data=0xc1
UVM_INFO ../tb/env/async_fifo_scoreboard.sv(55) @ 6655001: uvm_test_top.env.scb [ASYNC_FIFO_SCB] Write ignored because write side was full before edge
UVM_INFO ../tb/env/async_fifo_scoreboard.sv(49) @ 6665001: uvm_test_top.env.scb [ASYNC_FIFO_SCB] Model Push: 0xc1 depth=15
UVM_INFO ../tb/rd_agent/async_fifo_rd_monitor.sv(69) @ 6670001: uvm_test_top.env.rd_agt.monitor [ASYNC_FIFO_RD_MON] RD accepted item: rd_data=0xc1
UVM_INFO ../tb/env/async_fifo_scoreboard.sv(55) @ 6675001: uvm_test_top.env.scb [ASYNC_FIFO_SCB] Write ignored because write side was full before edge
UVM_INFO ../tb/env/async_fifo_scoreboard.sv(49) @ 6685001: uvm_test_top.env.scb [ASYNC_FIFO_SCB] Model Push: 0xc1 depth=15
UVM_INFO ../tb/rd_agent/async_fifo_rd_monitor.sv(69) @ 6690001: uvm_test_top.env.rd_agt.monitor [ASYNC_FIFO_RD_MON] RD accepted item: rd_data=0xc1
UVM_INFO ../tb/env/async_fifo_scoreboard.sv(55) @ 6695001: uvm_test_top.env.scb [ASYNC_FIFO_SCB] Write ignored because write side was full before edge
UVM_INFO ../tb/env/async_fifo_scoreboard.sv(49) @ 6705001: uvm_test_top.env.scb [ASYNC_FIFO_SCB] Model Push: 0xc1 depth=15
UVM_INFO ../tb/rd_agent/async_fifo_rd_monitor.sv(69) @ 6710001: uvm_test_top.env.rd_agt.monitor [ASYNC_FIFO_RD_MON] RD accepted item: rd_data=0xc1
UVM_INFO ../tb/env/async_fifo_scoreboard.sv(55) @ 6715001: uvm_test_top.env.scb [ASYNC_FIFO_SCB] Write ignored because write side was full before edge
UVM_INFO ../tb/env/async_fifo_scoreboard.sv(49) @ 6725001: uvm_test_top.env.scb [ASYNC_FIFO_SCB] Model Push: 0xc1 depth=15
UVM_INFO ../tb/rd_agent/async_fifo_rd_monitor.sv(69) @ 6730001: uvm_test_top.env.rd_agt.monitor [ASYNC_FIFO_RD_MON] RD accepted item: rd_data=0xc1
UVM_INFO ../tb/env/async_fifo_scoreboard.sv(55) @ 6735001: uvm_test_top.env.scb [ASYNC_FIFO_SCB] Write ignored because write side was full before edge
UVM_INFO ../tb/env/async_fifo_scoreboard.sv(49) @ 6745001: uvm_test_top.env.scb [ASYNC_FIFO_SCB] Model Push: 0xc1 depth=15
UVM_INFO ../tb/rd_agent/async_fifo_rd_monitor.sv(69) @ 6750001: uvm_test_top.env.rd_agt.monitor [ASYNC_FIFO_RD_MON] RD accepted item: rd_data=0xc1
UVM_INFO ../tb/env/async_fifo_scoreboard.sv(55) @ 6755001: uvm_test_top.env.scb [ASYNC_FIFO_SCB] Write ignored because write side was full before edge
UVM_INFO ../tb/env/async_fifo_scoreboard.sv(49) @ 6765001: uvm_test_top.env.scb [ASYNC_FIFO_SCB] Model Push: 0xc1 depth=15
UVM_INFO ../tb/rd_agent/async_fifo_rd_monitor.sv(69) @ 6770001: uvm_test_top.env.rd_agt.monitor [ASYNC_FIFO_RD_MON] RD accepted item: rd_data=0xc1
UVM_INFO ../tb/env/async_fifo_scoreboard.sv(55) @ 6775001: uvm_test_top.env.scb [ASYNC_FIFO_SCB] Write ignored because write side was full before edge
UVM_INFO ../tb/env/async_fifo_scoreboard.sv(49) @ 6785001: uvm_test_top.env.scb [ASYNC_FIFO_SCB] Model Push: 0xc1 depth=15
UVM_INFO ../tb/rd_agent/async_fifo_rd_monitor.sv(69) @ 6790001: uvm_test_top.env.rd_agt.monitor [ASYNC_FIFO_RD_MON] RD accepted item: rd_data=0xc1
UVM_INFO ../tb/env/async_fifo_scoreboard.sv(55) @ 6795001: uvm_test_top.env.scb [ASYNC_FIFO_SCB] Write ignored because write side was full before edge
UVM_INFO ../tb/env/async_fifo_scoreboard.sv(49) @ 6805001: uvm_test_top.env.scb [ASYNC_FIFO_SCB] Model Push: 0xc1 depth=15
UVM_INFO ../tb/rd_agent/async_fifo_rd_monitor.sv(69) @ 6810001: uvm_test_top.env.rd_agt.monitor [ASYNC_FIFO_RD_MON] RD accepted item: rd_data=0xc1
UVM_INFO ../tb/env/async_fifo_scoreboard.sv(55) @ 6815001: uvm_test_top.env.scb [ASYNC_FIFO_SCB] Write ignored because write side was full before edge
UVM_INFO ../tb/env/async_fifo_scoreboard.sv(49) @ 6825001: uvm_test_top.env.scb [ASYNC_FIFO_SCB] Model Push: 0xc1 depth=15
UVM_INFO ../tb/rd_agent/async_fifo_rd_monitor.sv(69) @ 6830001: uvm_test_top.env.rd_agt.monitor [ASYNC_FIFO_RD_MON] RD accepted item: rd_data=0xc1
UVM_INFO ../tb/env/async_fifo_scoreboard.sv(55) @ 6835001: uvm_test_top.env.scb [ASYNC_FIFO_SCB] Write ignored because write side was full before edge
UVM_INFO ../tb/env/async_fifo_scoreboard.sv(49) @ 6845001: uvm_test_top.env.scb [ASYNC_FIFO_SCB] Model Push: 0xc1 depth=15
UVM_INFO /opt/synopsys/vcs/V-2023.12-SP2-1/etc/uvm/base/uvm_objection.svh(1274) @ 6850000: reporter [TEST_DONE] 'run' phase is ready to proceed to the 'extract' phase
UVM_INFO ../tb/env/async_fifo_cov.sv(78) @ 6850000: uvm_test_top.env.cov [ASYNC_FIFO_GLOBAL_COV] ASYNC_FIFO global functional coverage = 100.00%
UVM_INFO ../tb/env/async_fifo_cov.sv(82) @ 6850000: uvm_test_top.env.cov [ASYNC_FIFO_GLOBAL_COV] wr_rd_cross = 100.00%
UVM_INFO ../tb/env/async_fifo_cov.sv(86) @ 6850000: uvm_test_top.env.cov [ASYNC_FIFO_GLOBAL_COV] boundary_cross = 100.00%
UVM_INFO ../tb/rd_agent/async_fifo_rd_monitor.sv(82) @ 6850000: uvm_test_top.env.rd_agt.monitor [ASYNC_FIFO_RD_COV] ASYNC_FIFO_RD functional coverage = 100.00%
UVM_INFO ../tb/wr_agent/async_fifo_wr_monitor.sv(76) @ 6850000: uvm_test_top.env.wr_agt.monitor [ASYNC_FIFO_WR_COV] ASYNC_FIFO_WR functional coverage = 100.00%

--- UVM Report Summary ---

** Report counts by severity
UVM_INFO : 1373
UVM_WARNING :    0
UVM_ERROR :    0
UVM_FATAL :    0
** Report counts by id
[ASYNC_FIFO_GLOBAL_COV]     3
[ASYNC_FIFO_RD_COV]     1
[ASYNC_FIFO_RD_DRV]   320
[ASYNC_FIFO_RD_MON]   213
[ASYNC_FIFO_SCB]   513
[ASYNC_FIFO_WR_COV]     1
[ASYNC_FIFO_WR_DRV]   320
[RNTST]     1
[TEST_DONE]     1
$finish called from file "/opt/synopsys/vcs/V-2023.12-SP2-1/etc/uvm/base/uvm_root.svh", line 437.
$finish at simulation time              6850000
           V C S   S i m u l a t i o n   R e p o r t 
Time: 6850000 ps
CPU Time:      0.270 seconds;       Data structure size:   0.5Mb
Sun May 31 23:05:40 2026
